route;date;hour;prediction
1;2025-11-01;0;6
1;2025-11-01;1;0
1;2025-11-01;2;0
1;2025-11-01;3;0
1;2025-11-01;4;10
1;2025-11-01;5;125
1;2025-11-01;6;480
1;2025-11-01;7;1417
1;2025-11-01;8;1727
1;2025-11-01;9;1357
1;2025-11-01;10;1214
1;2025-11-01;11;1304
1;2025-11-01;12;1320
1;2025-11-01;13;1385
1;2025-11-01;14;1335
1;2025-11-01;15;1460
1;2025-11-01;16;1502
1;2025-11-01;17;1631
1;2025-11-01;18;1449
1;2025-11-01;19;1155
1;2025-11-01;20;777
1;2025-11-01;21;455
1;2025-11-01;22;241
1;2025-11-01;23;60
1;2025-11-02;0;6
1;2025-11-02;1;5
1;2025-11-02;2;4
1;2025-11-02;3;4
1;2025-11-02;4;5
1;2025-11-02;5;31
1;2025-11-02;6;134
1;2025-11-02;7;254
1;2025-11-02;8;351
1;2025-11-02;9;564
1;2025-11-02;10;681
1;2025-11-02;11;666
1;2025-11-02;12;866
1;2025-11-02;13;866
1;2025-11-02;14;782
1;2025-11-02;15;713
1;2025-11-02;16;652
1;2025-11-02;17;586
1;2025-11-02;18;555
1;2025-11-02;19;471
1;2025-11-02;20;367
1;2025-11-02;21;271
1;2025-11-02;22;129
1;2025-11-02;23;45
1;2025-11-03;0;3
1;2025-11-03;1;3
1;2025-11-03;2;1
1;2025-11-03;3;1
1;2025-11-03;4;1
1;2025-11-03;5;31
1;2025-11-03;6;132
1;2025-11-03;7;251
1;2025-11-03;8;347
1;2025-11-03;9;542
1;2025-11-03;10;652
1;2025-11-03;11;639
1;2025-11-03;12;831
1;2025-11-03;13;833
1;2025-11-03;14;744
1;2025-11-03;15;679
1;2025-11-03;16;621
1;2025-11-03;17;562
1;2025-11-03;18;539
1;2025-11-03;19;459
1;2025-11-03;20;359
1;2025-11-03;21;262
1;2025-11-03;22;120
1;2025-11-03;23;35
1;2025-11-04;0;3
1;2025-11-04;1;5
1;2025-11-04;2;3
1;2025-11-04;3;3
1;2025-11-04;4;4
1;2025-11-04;5;30
1;2025-11-04;6;133
1;2025-11-04;7;253
1;2025-11-04;8;342
1;2025-11-04;9;540
1;2025-11-04;10;649
1;2025-11-04;11;634
1;2025-11-04;12;832
1;2025-11-04;13;831
1;2025-11-04;14;740
1;2025-11-04;15;670
1;2025-11-04;16;612
1;2025-11-04;17;552
1;2025-11-04;18;526
1;2025-11-04;19;450
1;2025-11-04;20;349
1;2025-11-04;21;261
1;2025-11-04;22;118
1;2025-11-04;23;34
1;2025-11-05;0;3
1;2025-11-05;1;0
1;2025-11-05;2;0
1;2025-11-05;3;0
1;2025-11-05;4;5
1;2025-11-05;5;130
1;2025-11-05;6;541
1;2025-11-05;7;1575
1;2025-11-05;8;1975
1;2025-11-05;9;1507
1;2025-11-05;10;1333
1;2025-11-05;11;1383
1;2025-11-05;12;1403
1;2025-11-05;13;1455
1;2025-11-05;14;1383
1;2025-11-05;15;1531
1;2025-11-05;16;1534
1;2025-11-05;17;1807
1;2025-11-05;18;1857
1;2025-11-05;19;1424
1;2025-11-05;20;905
1;2025-11-05;21;479
1;2025-11-05;22;238
1;2025-11-05;23;42
1;2025-11-06;0;6
1;2025-11-06;1;0
1;2025-11-06;2;0
1;2025-11-06;3;0
1;2025-11-06;4;7
1;2025-11-06;5;139
1;2025-11-06;6;552
1;2025-11-06;7;1597
1;2025-11-06;8;2024
1;2025-11-06;9;1542
1;2025-11-06;10;1369
1;2025-11-06;11;1443
1;2025-11-06;12;1460
1;2025-11-06;13;1501
1;2025-11-06;14;1437
1;2025-11-06;15;1576
1;2025-11-06;16;1598
1;2025-11-06;17;1862
1;2025-11-06;18;1896
1;2025-11-06;19;1448
1;2025-11-06;20;929
1;2025-11-06;21;514
1;2025-11-06;22;261
1;2025-11-06;23;61
1;2025-11-07;0;7
1;2025-11-07;1;0
1;2025-11-07;2;0
1;2025-11-07;3;0
1;2025-11-07;4;9
1;2025-11-07;5;136
1;2025-11-07;6;534
1;2025-11-07;7;1578
1;2025-11-07;8;1930
1;2025-11-07;9;1496
1;2025-11-07;10;1327
1;2025-11-07;11;1418
1;2025-11-07;12;1427
1;2025-11-07;13;1496
1;2025-11-07;14;1424
1;2025-11-07;15;1572
1;2025-11-07;16;1630
1;2025-11-07;17;1817
1;2025-11-07;18;1650
1;2025-11-07;19;1300
1;2025-11-07;20;873
1;2025-11-07;21;506
1;2025-11-07;22;264
1;2025-11-07;23;59
1;2025-11-08;0;11
1;2025-11-08;1;0
1;2025-11-08;2;0
1;2025-11-08;3;0
1;2025-11-08;4;0
1;2025-11-08;5;30
1;2025-11-08;6;178
1;2025-11-08;7;345
1;2025-11-08;8;489
1;2025-11-08;9;766
1;2025-11-08;10;868
1;2025-11-08;11;837
1;2025-11-08;12;1058
1;2025-11-08;13;1068
1;2025-11-08;14;1004
1;2025-11-08;15;893
1;2025-11-08;16;805
1;2025-11-08;17;761
1;2025-11-08;18;675
1;2025-11-08;19;595
1;2025-11-08;20;443
1;2025-11-08;21;327
1;2025-11-08;22;151
1;2025-11-08;23;38
1;2025-11-09;0;1
1;2025-11-09;1;0
1;2025-11-09;2;0
1;2025-11-09;3;0
1;2025-11-09;4;0
1;2025-11-09;5;26
1;2025-11-09;6;133
1;2025-11-09;7;271
1;2025-11-09;8;380
1;2025-11-09;9;623
1;2025-11-09;10;752
1;2025-11-09;11;736
1;2025-11-09;12;955
1;2025-11-09;13;958
1;2025-11-09;14;859
1;2025-11-09;15;784
1;2025-11-09;16;716
1;2025-11-09;17;638
1;2025-11-09;18;593
1;2025-11-09;19;497
1;2025-11-09;20;389
1;2025-11-09;21;285
1;2025-11-09;22;125
1;2025-11-09;23;39
1;2025-11-10;0;3
1;2025-11-10;1;0
1;2025-11-10;2;0
1;2025-11-10;3;0
1;2025-11-10;4;9
1;2025-11-10;5;137
1;2025-11-10;6;547
1;2025-11-10;7;1562
1;2025-11-10;8;1965
1;2025-11-10;9;1493
1;2025-11-10;10;1309
1;2025-11-10;11;1363
1;2025-11-10;12;1395
1;2025-11-10;13;1424
1;2025-11-10;14;1363
1;2025-11-10;15;1518
1;2025-11-10;16;1554
1;2025-11-10;17;1822
1;2025-11-10;18;1894
1;2025-11-10;19;1450
1;2025-11-10;20;912
1;2025-11-10;21;491
1;2025-11-10;22;234
1;2025-11-10;23;49
1;2025-11-11;0;5
1;2025-11-11;1;0
1;2025-11-11;2;0
1;2025-11-11;3;0
1;2025-11-11;4;8
1;2025-11-11;5;142
1;2025-11-11;6;563
1;2025-11-11;7;1621
1;2025-11-11;8;2010
1;2025-11-11;9;1551
1;2025-11-11;10;1379
1;2025-11-11;11;1430
1;2025-11-11;12;1440
1;2025-11-11;13;1480
1;2025-11-11;14;1412
1;2025-11-11;15;1546
1;2025-11-11;16;1572
1;2025-11-11;17;1836
1;2025-11-11;18;1886
1;2025-11-11;19;1458
1;2025-11-11;20;937
1;2025-11-11;21;501
1;2025-11-11;22;247
1;2025-11-11;23;50
1;2025-11-12;0;6
1;2025-11-12;1;0
1;2025-11-12;2;0
1;2025-11-12;3;0
1;2025-11-12;4;8
1;2025-11-12;5;141
1;2025-11-12;6;559
1;2025-11-12;7;1601
1;2025-11-12;8;2000
1;2025-11-12;9;1536
1;2025-11-12;10;1365
1;2025-11-12;11;1412
1;2025-11-12;12;1432
1;2025-11-12;13;1485
1;2025-11-12;14;1414
1;2025-11-12;15;1560
1;2025-11-12;16;1563
1;2025-11-12;17;1833
1;2025-11-12;18;1883
1;2025-11-12;19;1453
1;2025-11-12;20;935
1;2025-11-12;21;504
1;2025-11-12;22;261
1;2025-11-12;23;55
1;2025-11-13;0;7
1;2025-11-13;1;0
1;2025-11-13;2;0
1;2025-11-13;3;0
1;2025-11-13;4;8
1;2025-11-13;5;142
1;2025-11-13;6;559
1;2025-11-13;7;1609
1;2025-11-13;8;2036
1;2025-11-13;9;1554
1;2025-11-13;10;1382
1;2025-11-13;11;1454
1;2025-11-13;12;1470
1;2025-11-13;13;1513
1;2025-11-13;14;1451
1;2025-11-13;15;1589
1;2025-11-13;16;1611
1;2025-11-13;17;1874
1;2025-11-13;18;1908
1;2025-11-13;19;1460
1;2025-11-13;20;939
1;2025-11-13;21;522
1;2025-11-13;22;267
1;2025-11-13;23;65
1;2025-11-14;0;7
1;2025-11-14;1;0
1;2025-11-14;2;0
1;2025-11-14;3;0
1;2025-11-14;4;9
1;2025-11-14;5;139
1;2025-11-14;6;542
1;2025-11-14;7;1591
1;2025-11-14;8;1943
1;2025-11-14;9;1509
1;2025-11-14;10;1340
1;2025-11-14;11;1434
1;2025-11-14;12;1444
1;2025-11-14;13;1519
1;2025-11-14;14;1448
1;2025-11-14;15;1595
1;2025-11-14;16;1655
1;2025-11-14;17;1839
1;2025-11-14;18;1670
1;2025-11-14;19;1317
1;2025-11-14;20;889
1;2025-11-14;21;518
1;2025-11-14;22;274
1;2025-11-14;23;65
1;2025-11-15;0;12
1;2025-11-15;1;1
1;2025-11-15;2;0
1;2025-11-15;3;0
1;2025-11-15;4;1
1;2025-11-15;5;32
1;2025-11-15;6;182
1;2025-11-15;7;353
1;2025-11-15;8;500
1;2025-11-15;9;782
1;2025-11-15;10;887
1;2025-11-15;11;859
1;2025-11-15;12;1091
1;2025-11-15;13;1112
1;2025-11-15;14;1047
1;2025-11-15;15;932
1;2025-11-15;16;837
1;2025-11-15;17;785
1;2025-11-15;18;696
1;2025-11-15;19;613
1;2025-11-15;20;458
1;2025-11-15;21;339
1;2025-11-15;22;162
1;2025-11-15;23;46
1;2025-11-16;0;2
1;2025-11-16;1;0
1;2025-11-16;2;0
1;2025-11-16;3;0
1;2025-11-16;4;0
1;2025-11-16;5;29
1;2025-11-16;6;136
1;2025-11-16;7;274
1;2025-11-16;8;385
1;2025-11-16;9;630
1;2025-11-16;10;760
1;2025-11-16;11;747
1;2025-11-16;12;974
1;2025-11-16;13;980
1;2025-11-16;14;877
1;2025-11-16;15;800
1;2025-11-16;16;729
1;2025-11-16;17;646
1;2025-11-16;18;600
1;2025-11-16;19;503
1;2025-11-16;20;394
1;2025-11-16;21;291
1;2025-11-16;22;129
1;2025-11-16;23;43
1;2025-11-17;0;2
1;2025-11-17;1;0
1;2025-11-17;2;0
1;2025-11-17;3;0
1;2025-11-17;4;9
1;2025-11-17;5;137
1;2025-11-17;6;548
1;2025-11-17;7;1564
1;2025-11-17;8;1966
1;2025-11-17;9;1495
1;2025-11-17;10;1311
1;2025-11-17;11;1365
1;2025-11-17;12;1394
1;2025-11-17;13;1425
1;2025-11-17;14;1365
1;2025-11-17;15;1520
1;2025-11-17;16;1555
1;2025-11-17;17;1821
1;2025-11-17;18;1893
1;2025-11-17;19;1449
1;2025-11-17;20;912
1;2025-11-17;21;491
1;2025-11-17;22;232
1;2025-11-17;23;47
1;2025-11-18;0;5
1;2025-11-18;1;0
1;2025-11-18;2;0
1;2025-11-18;3;0
1;2025-11-18;4;8
1;2025-11-18;5;143
1;2025-11-18;6;564
1;2025-11-18;7;1622
1;2025-11-18;8;2011
1;2025-11-18;9;1553
1;2025-11-18;10;1379
1;2025-11-18;11;1431
1;2025-11-18;12;1438
1;2025-11-18;13;1480
1;2025-11-18;14;1413
1;2025-11-18;15;1547
1;2025-11-18;16;1573
1;2025-11-18;17;1835
1;2025-11-18;18;1885
1;2025-11-18;19;1458
1;2025-11-18;20;937
1;2025-11-18;21;501
1;2025-11-18;22;246
1;2025-11-18;23;49
1;2025-11-19;0;6
1;2025-11-19;1;0
1;2025-11-19;2;0
1;2025-11-19;3;0
1;2025-11-19;4;9
1;2025-11-19;5;143
1;2025-11-19;6;561
1;2025-11-19;7;1604
1;2025-11-19;8;2002
1;2025-11-19;9;1539
1;2025-11-19;10;1368
1;2025-11-19;11;1416
1;2025-11-19;12;1431
1;2025-11-19;13;1487
1;2025-11-19;14;1417
1;2025-11-19;15;1563
1;2025-11-19;16;1564
1;2025-11-19;17;1832
1;2025-11-19;18;1882
1;2025-11-19;19;1452
1;2025-11-19;20;934
1;2025-11-19;21;502
1;2025-11-19;22;258
1;2025-11-19;23;53
1;2025-11-20;0;8
1;2025-11-20;1;0
1;2025-11-20;2;0
1;2025-11-20;3;0
1;2025-11-20;4;10
1;2025-11-20;5;144
1;2025-11-20;6;561
1;2025-11-20;7;1612
1;2025-11-20;8;2038
1;2025-11-20;9;1557
1;2025-11-20;10;1384
1;2025-11-20;11;1457
1;2025-11-20;12;1470
1;2025-11-20;13;1514
1;2025-11-20;14;1453
1;2025-11-20;15;1590
1;2025-11-20;16;1612
1;2025-11-20;17;1872
1;2025-11-20;18;1906
1;2025-11-20;19;1458
1;2025-11-20;20;938
1;2025-11-20;21;520
1;2025-11-20;22;265
1;2025-11-20;23;63
1;2025-11-21;0;8
1;2025-11-21;1;0
1;2025-11-21;2;0
1;2025-11-21;3;0
1;2025-11-21;4;10
1;2025-11-21;5;141
1;2025-11-21;6;545
1;2025-11-21;7;1596
1;2025-11-21;8;1946
1;2025-11-21;9;1514
1;2025-11-21;10;1345
1;2025-11-21;11;1438
1;2025-11-21;12;1446
1;2025-11-21;13;1521
1;2025-11-21;14;1451
1;2025-11-21;15;1598
1;2025-11-21;16;1658
1;2025-11-21;17;1838
1;2025-11-21;18;1669
1;2025-11-21;19;1316
1;2025-11-21;20;889
1;2025-11-21;21;517
1;2025-11-21;22;273
1;2025-11-21;23;65
1;2025-11-22;0;12
1;2025-11-22;1;1
1;2025-11-22;2;1
1;2025-11-22;3;1
1;2025-11-22;4;1
1;2025-11-22;5;33
1;2025-11-22;6;184
1;2025-11-22;7;355
1;2025-11-22;8;501
1;2025-11-22;9;783
1;2025-11-22;10;889
1;2025-11-22;11;864
1;2025-11-22;12;1099
1;2025-11-22;13;1118
1;2025-11-22;14;1053
1;2025-11-22;15;938
1;2025-11-22;16;837
1;2025-11-22;17;785
1;2025-11-22;18;695
1;2025-11-22;19;612
1;2025-11-22;20;458
1;2025-11-22;21;339
1;2025-11-22;22;162
1;2025-11-22;23;46
1;2025-11-23;0;2
1;2025-11-23;1;0
1;2025-11-23;2;0
1;2025-11-23;3;0
1;2025-11-23;4;0
1;2025-11-23;5;29
1;2025-11-23;6;137
1;2025-11-23;7;275
1;2025-11-23;8;386
1;2025-11-23;9;625
1;2025-11-23;10;751
1;2025-11-23;11;742
1;2025-11-23;12;966
1;2025-11-23;13;973
1;2025-11-23;14;870
1;2025-11-23;15;795
1;2025-11-23;16;723
1;2025-11-23;17;641
1;2025-11-23;18;594
1;2025-11-23;19;498
1;2025-11-23;20;391
1;2025-11-23;21;288
1;2025-11-23;22;127
1;2025-11-23;23;41
1;2025-11-24;0;3
1;2025-11-24;1;0
1;2025-11-24;2;0
1;2025-11-24;3;0
1;2025-11-24;4;9
1;2025-11-24;5;136
1;2025-11-24;6;546
1;2025-11-24;7;1564
1;2025-11-24;8;1967
1;2025-11-24;9;1496
1;2025-11-24;10;1310
1;2025-11-24;11;1365
1;2025-11-24;12;1396
1;2025-11-24;13;1427
1;2025-11-24;14;1368
1;2025-11-24;15;1522
1;2025-11-24;16;1557
1;2025-11-24;17;1822
1;2025-11-24;18;1893
1;2025-11-24;19;1448
1;2025-11-24;20;907
1;2025-11-24;21;489
1;2025-11-24;22;233
1;2025-11-24;23;48
1;2025-11-25;0;5
1;2025-11-25;1;0
1;2025-11-25;2;0
1;2025-11-25;3;0
1;2025-11-25;4;8
1;2025-11-25;5;140
1;2025-11-25;6;556
1;2025-11-25;7;1617
1;2025-11-25;8;2005
1;2025-11-25;9;1547
1;2025-11-25;10;1374
1;2025-11-25;11;1425
1;2025-11-25;12;1435
1;2025-11-25;13;1479
1;2025-11-25;14;1412
1;2025-11-25;15;1547
1;2025-11-25;16;1572
1;2025-11-25;17;1834
1;2025-11-25;18;1883
1;2025-11-25;19;1456
1;2025-11-25;20;927
1;2025-11-25;21;496
1;2025-11-25;22;246
1;2025-11-25;23;51
1;2025-11-26;0;6
1;2025-11-26;1;0
1;2025-11-26;2;0
1;2025-11-26;3;0
1;2025-11-26;4;9
1;2025-11-26;5;137
1;2025-11-26;6;551
1;2025-11-26;7;1595
1;2025-11-26;8;1992
1;2025-11-26;9;1530
1;2025-11-26;10;1359
1;2025-11-26;11;1406
1;2025-11-26;12;1424
1;2025-11-26;13;1483
1;2025-11-26;14;1412
1;2025-11-26;15;1558
1;2025-11-26;16;1558
1;2025-11-26;17;1826
1;2025-11-26;18;1876
1;2025-11-26;19;1448
1;2025-11-26;20;922
1;2025-11-26;21;496
1;2025-11-26;22;255
1;2025-11-26;23;53
1;2025-11-27;0;8
1;2025-11-27;1;1
1;2025-11-27;2;1
1;2025-11-27;3;1
1;2025-11-27;4;10
1;2025-11-27;5;138
1;2025-11-27;6;547
1;2025-11-27;7;1594
1;2025-11-27;8;2020
1;2025-11-27;9;1539
1;2025-11-27;10;1366
1;2025-11-27;11;1437
1;2025-11-27;12;1453
1;2025-11-27;13;1500
1;2025-11-27;14;1436
1;2025-11-27;15;1575
1;2025-11-27;16;1597
1;2025-11-27;17;1855
1;2025-11-27;18;1888
1;2025-11-27;19;1441
1;2025-11-27;20;915
1;2025-11-27;21;507
1;2025-11-27;22;256
1;2025-11-27;23;60
1;2025-11-28;0;6
1;2025-11-28;1;0
1;2025-11-28;2;0
1;2025-11-28;3;0
1;2025-11-28;4;8
1;2025-11-28;5;131
1;2025-11-28;6;516
1;2025-11-28;7;1558
1;2025-11-28;8;1909
1;2025-11-28;9;1475
1;2025-11-28;10;1306
1;2025-11-28;11;1396
1;2025-11-28;12;1404
1;2025-11-28;13;1475
1;2025-11-28;14;1404
1;2025-11-28;15;1552
1;2025-11-28;16;1613
1;2025-11-28;17;1793
1;2025-11-28;18;1626
1;2025-11-28;19;1275
1;2025-11-28;20;845
1;2025-11-28;21;488
1;2025-11-28;22;252
1;2025-11-28;23;52
1;2025-11-29;0;9
1;2025-11-29;1;0
1;2025-11-29;2;0
1;2025-11-29;3;0
1;2025-11-29;4;0
1;2025-11-29;5;26
1;2025-11-29;6;165
1;2025-11-29;7;333
1;2025-11-29;8;468
1;2025-11-29;9;732
1;2025-11-29;10;838
1;2025-11-29;11;812
1;2025-11-29;12;1031
1;2025-11-29;13;1048
1;2025-11-29;14;986
1;2025-11-29;15;878
1;2025-11-29;16;782
1;2025-11-29;17;731
1;2025-11-29;18;647
1;2025-11-29;19;569
1;2025-11-29;20;425
1;2025-11-29;21;313
1;2025-11-29;22;140
1;2025-11-29;23;32
1;2025-11-30;0;1
1;2025-11-30;1;0
1;2025-11-30;2;0
1;2025-11-30;3;0
1;2025-11-30;4;0
1;2025-11-30;5;25
1;2025-11-30;6;127
1;2025-11-30;7;261
1;2025-11-30;8;368
1;2025-11-30;9;595
1;2025-11-30;10;719
1;2025-11-30;11;707
1;2025-11-30;12;926
1;2025-11-30;13;930
1;2025-11-30;14;830
1;2025-11-30;15;754
1;2025-11-30;16;686
1;2025-11-30;17;609
1;2025-11-30;18;566
1;2025-11-30;19;475
1;2025-11-30;20;372
1;2025-11-30;21;271
1;2025-11-30;22;113
1;2025-11-30;23;32
1;2025-12-01;0;2
1;2025-12-01;1;0
1;2025-12-01;2;0
1;2025-12-01;3;0
1;2025-12-01;4;9
1;2025-12-01;5;135
1;2025-12-01;6;544
1;2025-12-01;7;1572
1;2025-12-01;8;1977
1;2025-12-01;9;1502
1;2025-12-01;10;1316
1;2025-12-01;11;1372
1;2025-12-01;12;1402
1;2025-12-01;13;1435
1;2025-12-01;14;1375
1;2025-12-01;15;1531
1;2025-12-01;16;1565
1;2025-12-01;17;1833
1;2025-12-01;18;1905
1;2025-12-01;19;1458
1;2025-12-01;20;909
1;2025-12-01;21;490
1;2025-12-01;22;233
1;2025-12-01;23;48
1;2025-12-02;0;5
1;2025-12-02;1;0
1;2025-12-02;2;0
1;2025-12-02;3;0
1;2025-12-02;4;8
1;2025-12-02;5;142
1;2025-12-02;6;561
1;2025-12-02;7;1632
1;2025-12-02;8;2023
1;2025-12-02;9;1561
1;2025-12-02;10;1387
1;2025-12-02;11;1438
1;2025-12-02;12;1448
1;2025-12-02;13;1492
1;2025-12-02;14;1424
1;2025-12-02;15;1561
1;2025-12-02;16;1586
1;2025-12-02;17;1850
1;2025-12-02;18;1900
1;2025-12-02;19;1469
1;2025-12-02;20;936
1;2025-12-02;21;501
1;2025-12-02;22;248
1;2025-12-02;23;52
1;2025-12-03;0;6
1;2025-12-03;1;0
1;2025-12-03;2;0
1;2025-12-03;3;0
1;2025-12-03;4;9
1;2025-12-03;5;139
1;2025-12-03;6;556
1;2025-12-03;7;1610
1;2025-12-03;8;2010
1;2025-12-03;9;1544
1;2025-12-03;10;1372
1;2025-12-03;11;1418
1;2025-12-03;12;1437
1;2025-12-03;13;1496
1;2025-12-03;14;1424
1;2025-12-03;15;1572
1;2025-12-03;16;1572
1;2025-12-03;17;1842
1;2025-12-03;18;1893
1;2025-12-03;19;1461
1;2025-12-03;20;931
1;2025-12-03;21;501
1;2025-12-03;22;257
1;2025-12-03;23;54
1;2025-12-04;0;8
1;2025-12-04;1;1
1;2025-12-04;2;1
1;2025-12-04;3;1
1;2025-12-04;4;10
1;2025-12-04;5;140
1;2025-12-04;6;552
1;2025-12-04;7;1609
1;2025-12-04;8;2039
1;2025-12-04;9;1553
1;2025-12-04;10;1379
1;2025-12-04;11;1450
1;2025-12-04;12;1466
1;2025-12-04;13;1513
1;2025-12-04;14;1449
1;2025-12-04;15;1589
1;2025-12-04;16;1612
1;2025-12-04;17;1872
1;2025-12-04;18;1905
1;2025-12-04;19;1454
1;2025-12-04;20;924
1;2025-12-04;21;512
1;2025-12-04;22;258
1;2025-12-04;23;61
1;2025-12-05;0;6
1;2025-12-05;1;0
1;2025-12-05;2;0
1;2025-12-05;3;0
1;2025-12-05;4;8
1;2025-12-05;5;133
1;2025-12-05;6;521
1;2025-12-05;7;1572
1;2025-12-05;8;1926
1;2025-12-05;9;1488
1;2025-12-05;10;1318
1;2025-12-05;11;1408
1;2025-12-05;12;1416
1;2025-12-05;13;1488
1;2025-12-05;14;1416
1;2025-12-05;15;1566
1;2025-12-05;16;1628
1;2025-12-05;17;1809
1;2025-12-05;18;1641
1;2025-12-05;19;1287
1;2025-12-05;20;853
1;2025-12-05;21;493
1;2025-12-05;22;254
1;2025-12-05;23;53
1;2025-12-06;0;9
1;2025-12-06;1;0
1;2025-12-06;2;0
1;2025-12-06;3;0
1;2025-12-06;4;0
1;2025-12-06;5;26
1;2025-12-06;6;167
1;2025-12-06;7;336
1;2025-12-06;8;472
1;2025-12-06;9;739
1;2025-12-06;10;846
1;2025-12-06;11;819
1;2025-12-06;12;1040
1;2025-12-06;13;1057
1;2025-12-06;14;995
1;2025-12-06;15;886
1;2025-12-06;16;789
1;2025-12-06;17;737
1;2025-12-06;18;653
1;2025-12-06;19;575
1;2025-12-06;20;429
1;2025-12-06;21;316
1;2025-12-06;22;142
1;2025-12-06;23;32
1;2025-12-07;0;1
1;2025-12-07;1;0
1;2025-12-07;2;0
1;2025-12-07;3;0
1;2025-12-07;4;0
1;2025-12-07;5;25
1;2025-12-07;6;128
1;2025-12-07;7;263
1;2025-12-07;8;371
1;2025-12-07;9;600
1;2025-12-07;10;725
1;2025-12-07;11;713
1;2025-12-07;12;935
1;2025-12-07;13;939
1;2025-12-07;14;838
1;2025-12-07;15;761
1;2025-12-07;16;692
1;2025-12-07;17;614
1;2025-12-07;18;572
1;2025-12-07;19;480
1;2025-12-07;20;375
1;2025-12-07;21;273
1;2025-12-07;22;114
1;2025-12-07;23;32
1;2025-12-08;0;2
1;2025-12-08;1;0
1;2025-12-08;2;0
1;2025-12-08;3;0
1;2025-12-08;4;9
1;2025-12-08;5;135
1;2025-12-08;6;544
1;2025-12-08;7;1572
1;2025-12-08;8;1977
1;2025-12-08;9;1502
1;2025-12-08;10;1316
1;2025-12-08;11;1372
1;2025-12-08;12;1402
1;2025-12-08;13;1435
1;2025-12-08;14;1375
1;2025-12-08;15;1531
1;2025-12-08;16;1565
1;2025-12-08;17;1833
1;2025-12-08;18;1905
1;2025-12-08;19;1458
1;2025-12-08;20;909
1;2025-12-08;21;490
1;2025-12-08;22;233
1;2025-12-08;23;48
1;2025-12-09;0;5
1;2025-12-09;1;0
1;2025-12-09;2;0
1;2025-12-09;3;0
1;2025-12-09;4;8
1;2025-12-09;5;142
1;2025-12-09;6;561
1;2025-12-09;7;1632
1;2025-12-09;8;2023
1;2025-12-09;9;1561
1;2025-12-09;10;1387
1;2025-12-09;11;1438
1;2025-12-09;12;1448
1;2025-12-09;13;1492
1;2025-12-09;14;1424
1;2025-12-09;15;1561
1;2025-12-09;16;1586
1;2025-12-09;17;1850
1;2025-12-09;18;1900
1;2025-12-09;19;1469
1;2025-12-09;20;936
1;2025-12-09;21;501
1;2025-12-09;22;248
1;2025-12-09;23;52
1;2025-12-10;0;6
1;2025-12-10;1;0
1;2025-12-10;2;0
1;2025-12-10;3;0
1;2025-12-10;4;9
1;2025-12-10;5;139
1;2025-12-10;6;556
1;2025-12-10;7;1610
1;2025-12-10;8;2010
1;2025-12-10;9;1544
1;2025-12-10;10;1372
1;2025-12-10;11;1418
1;2025-12-10;12;1437
1;2025-12-10;13;1496
1;2025-12-10;14;1424
1;2025-12-10;15;1572
1;2025-12-10;16;1572
1;2025-12-10;17;1842
1;2025-12-10;18;1893
1;2025-12-10;19;1461
1;2025-12-10;20;931
1;2025-12-10;21;501
1;2025-12-10;22;257
1;2025-12-10;23;54
1;2025-12-11;0;8
1;2025-12-11;1;1
1;2025-12-11;2;1
1;2025-12-11;3;1
1;2025-12-11;4;10
1;2025-12-11;5;140
1;2025-12-11;6;552
1;2025-12-11;7;1609
1;2025-12-11;8;2039
1;2025-12-11;9;1553
1;2025-12-11;10;1379
1;2025-12-11;11;1450
1;2025-12-11;12;1466
1;2025-12-11;13;1513
1;2025-12-11;14;1449
1;2025-12-11;15;1589
1;2025-12-11;16;1612
1;2025-12-11;17;1872
1;2025-12-11;18;1905
1;2025-12-11;19;1454
1;2025-12-11;20;924
1;2025-12-11;21;512
1;2025-12-11;22;258
1;2025-12-11;23;61
1;2025-12-12;0;6
1;2025-12-12;1;0
1;2025-12-12;2;0
1;2025-12-12;3;0
1;2025-12-12;4;8
1;2025-12-12;5;133
1;2025-12-12;6;521
1;2025-12-12;7;1572
1;2025-12-12;8;1926
1;2025-12-12;9;1488
1;2025-12-12;10;1318
1;2025-12-12;11;1408
1;2025-12-12;12;1416
1;2025-12-12;13;1488
1;2025-12-12;14;1416
1;2025-12-12;15;1566
1;2025-12-12;16;1628
1;2025-12-12;17;1809
1;2025-12-12;18;1641
1;2025-12-12;19;1287
1;2025-12-12;20;853
1;2025-12-12;21;493
1;2025-12-12;22;254
1;2025-12-12;23;53
1;2025-12-13;0;9
1;2025-12-13;1;0
1;2025-12-13;2;0
1;2025-12-13;3;0
1;2025-12-13;4;0
1;2025-12-13;5;26
1;2025-12-13;6;167
1;2025-12-13;7;336
1;2025-12-13;8;472
1;2025-12-13;9;739
1;2025-12-13;10;846
1;2025-12-13;11;819
1;2025-12-13;12;1040
1;2025-12-13;13;1057
1;2025-12-13;14;995
1;2025-12-13;15;886
1;2025-12-13;16;789
1;2025-12-13;17;737
1;2025-12-13;18;653
1;2025-12-13;19;575
1;2025-12-13;20;429
1;2025-12-13;21;316
1;2025-12-13;22;142
1;2025-12-13;23;32
1;2025-12-14;0;1
1;2025-12-14;1;0
1;2025-12-14;2;0
1;2025-12-14;3;0
1;2025-12-14;4;0
1;2025-12-14;5;25
1;2025-12-14;6;128
1;2025-12-14;7;263
1;2025-12-14;8;371
1;2025-12-14;9;600
1;2025-12-14;10;725
1;2025-12-14;11;713
1;2025-12-14;12;935
1;2025-12-14;13;939
1;2025-12-14;14;838
1;2025-12-14;15;761
1;2025-12-14;16;692
1;2025-12-14;17;614
1;2025-12-14;18;572
1;2025-12-14;19;480
1;2025-12-14;20;375
1;2025-12-14;21;273
1;2025-12-14;22;114
1;2025-12-14;23;32
1;2025-12-15;0;2
1;2025-12-15;1;0
1;2025-12-15;2;0
1;2025-12-15;3;0
1;2025-12-15;4;9
1;2025-12-15;5;135
1;2025-12-15;6;544
1;2025-12-15;7;1572
1;2025-12-15;8;1977
1;2025-12-15;9;1502
1;2025-12-15;10;1316
1;2025-12-15;11;1372
1;2025-12-15;12;1402
1;2025-12-15;13;1435
1;2025-12-15;14;1375
1;2025-12-15;15;1531
1;2025-12-15;16;1565
1;2025-12-15;17;1833
1;2025-12-15;18;1905
1;2025-12-15;19;1458
1;2025-12-15;20;909
1;2025-12-15;21;490
1;2025-12-15;22;233
1;2025-12-15;23;48
1;2025-12-16;0;5
1;2025-12-16;1;0
1;2025-12-16;2;0
1;2025-12-16;3;0
1;2025-12-16;4;8
1;2025-12-16;5;142
1;2025-12-16;6;561
1;2025-12-16;7;1632
1;2025-12-16;8;2023
1;2025-12-16;9;1561
1;2025-12-16;10;1387
1;2025-12-16;11;1438
1;2025-12-16;12;1448
1;2025-12-16;13;1492
1;2025-12-16;14;1424
1;2025-12-16;15;1561
1;2025-12-16;16;1586
1;2025-12-16;17;1850
1;2025-12-16;18;1900
1;2025-12-16;19;1469
1;2025-12-16;20;936
1;2025-12-16;21;501
1;2025-12-16;22;248
1;2025-12-16;23;52
1;2025-12-17;0;6
1;2025-12-17;1;0
1;2025-12-17;2;0
1;2025-12-17;3;0
1;2025-12-17;4;9
1;2025-12-17;5;139
1;2025-12-17;6;556
1;2025-12-17;7;1610
1;2025-12-17;8;2010
1;2025-12-17;9;1544
1;2025-12-17;10;1372
1;2025-12-17;11;1418
1;2025-12-17;12;1437
1;2025-12-17;13;1496
1;2025-12-17;14;1424
1;2025-12-17;15;1572
1;2025-12-17;16;1572
1;2025-12-17;17;1842
1;2025-12-17;18;1893
1;2025-12-17;19;1461
1;2025-12-17;20;931
1;2025-12-17;21;501
1;2025-12-17;22;257
1;2025-12-17;23;54
1;2025-12-18;0;8
1;2025-12-18;1;1
1;2025-12-18;2;1
1;2025-12-18;3;1
1;2025-12-18;4;10
1;2025-12-18;5;140
1;2025-12-18;6;552
1;2025-12-18;7;1609
1;2025-12-18;8;2039
1;2025-12-18;9;1553
1;2025-12-18;10;1379
1;2025-12-18;11;1450
1;2025-12-18;12;1466
1;2025-12-18;13;1513
1;2025-12-18;14;1449
1;2025-12-18;15;1589
1;2025-12-18;16;1612
1;2025-12-18;17;1872
1;2025-12-18;18;1905
1;2025-12-18;19;1454
1;2025-12-18;20;924
1;2025-12-18;21;512
1;2025-12-18;22;258
1;2025-12-18;23;61
1;2025-12-19;0;6
1;2025-12-19;1;0
1;2025-12-19;2;0
1;2025-12-19;3;0
1;2025-12-19;4;8
1;2025-12-19;5;133
1;2025-12-19;6;521
1;2025-12-19;7;1572
1;2025-12-19;8;1926
1;2025-12-19;9;1488
1;2025-12-19;10;1318
1;2025-12-19;11;1408
1;2025-12-19;12;1416
1;2025-12-19;13;1488
1;2025-12-19;14;1416
1;2025-12-19;15;1566
1;2025-12-19;16;1628
1;2025-12-19;17;1809
1;2025-12-19;18;1641
1;2025-12-19;19;1287
1;2025-12-19;20;853
1;2025-12-19;21;493
1;2025-12-19;22;254
1;2025-12-19;23;53
1;2025-12-20;0;9
1;2025-12-20;1;0
1;2025-12-20;2;0
1;2025-12-20;3;0
1;2025-12-20;4;0
1;2025-12-20;5;26
1;2025-12-20;6;167
1;2025-12-20;7;336
1;2025-12-20;8;472
1;2025-12-20;9;739
1;2025-12-20;10;846
1;2025-12-20;11;819
1;2025-12-20;12;1040
1;2025-12-20;13;1057
1;2025-12-20;14;995
1;2025-12-20;15;886
1;2025-12-20;16;789
1;2025-12-20;17;737
1;2025-12-20;18;653
1;2025-12-20;19;575
1;2025-12-20;20;429
1;2025-12-20;21;316
1;2025-12-20;22;142
1;2025-12-20;23;32
1;2025-12-21;0;1
1;2025-12-21;1;0
1;2025-12-21;2;0
1;2025-12-21;3;0
1;2025-12-21;4;0
1;2025-12-21;5;25
1;2025-12-21;6;128
1;2025-12-21;7;263
1;2025-12-21;8;371
1;2025-12-21;9;600
1;2025-12-21;10;725
1;2025-12-21;11;713
1;2025-12-21;12;935
1;2025-12-21;13;939
1;2025-12-21;14;838
1;2025-12-21;15;761
1;2025-12-21;16;692
1;2025-12-21;17;614
1;2025-12-21;18;572
1;2025-12-21;19;480
1;2025-12-21;20;375
1;2025-12-21;21;273
1;2025-12-21;22;114
1;2025-12-21;23;32
1;2025-12-22;0;2
1;2025-12-22;1;0
1;2025-12-22;2;0
1;2025-12-22;3;0
1;2025-12-22;4;9
1;2025-12-22;5;135
1;2025-12-22;6;544
1;2025-12-22;7;1572
1;2025-12-22;8;1977
1;2025-12-22;9;1502
1;2025-12-22;10;1316
1;2025-12-22;11;1372
1;2025-12-22;12;1402
1;2025-12-22;13;1435
1;2025-12-22;14;1375
1;2025-12-22;15;1531
1;2025-12-22;16;1565
1;2025-12-22;17;1833
1;2025-12-22;18;1905
1;2025-12-22;19;1458
1;2025-12-22;20;909
1;2025-12-22;21;490
1;2025-12-22;22;233
1;2025-12-22;23;48
1;2025-12-23;0;5
1;2025-12-23;1;0
1;2025-12-23;2;0
1;2025-12-23;3;0
1;2025-12-23;4;8
1;2025-12-23;5;142
1;2025-12-23;6;561
1;2025-12-23;7;1632
1;2025-12-23;8;2023
1;2025-12-23;9;1561
1;2025-12-23;10;1387
1;2025-12-23;11;1438
1;2025-12-23;12;1448
1;2025-12-23;13;1492
1;2025-12-23;14;1424
1;2025-12-23;15;1561
1;2025-12-23;16;1586
1;2025-12-23;17;1850
1;2025-12-23;18;1900
1;2025-12-23;19;1469
1;2025-12-23;20;936
1;2025-12-23;21;501
1;2025-12-23;22;248
1;2025-12-23;23;52
1;2025-12-24;0;6
1;2025-12-24;1;0
1;2025-12-24;2;0
1;2025-12-24;3;0
1;2025-12-24;4;9
1;2025-12-24;5;139
1;2025-12-24;6;556
1;2025-12-24;7;1610
1;2025-12-24;8;2010
1;2025-12-24;9;1544
1;2025-12-24;10;1372
1;2025-12-24;11;1418
1;2025-12-24;12;1437
1;2025-12-24;13;1496
1;2025-12-24;14;1424
1;2025-12-24;15;1572
1;2025-12-24;16;1572
1;2025-12-24;17;1842
1;2025-12-24;18;1893
1;2025-12-24;19;1461
1;2025-12-24;20;931
1;2025-12-24;21;501
1;2025-12-24;22;257
1;2025-12-24;23;54
1;2025-12-25;0;8
1;2025-12-25;1;1
1;2025-12-25;2;1
1;2025-12-25;3;1
1;2025-12-25;4;10
1;2025-12-25;5;140
1;2025-12-25;6;552
1;2025-12-25;7;1609
1;2025-12-25;8;2039
1;2025-12-25;9;1553
1;2025-12-25;10;1379
1;2025-12-25;11;1450
1;2025-12-25;12;1466
1;2025-12-25;13;1513
1;2025-12-25;14;1449
1;2025-12-25;15;1589
1;2025-12-25;16;1612
1;2025-12-25;17;1872
1;2025-12-25;18;1905
1;2025-12-25;19;1454
1;2025-12-25;20;924
1;2025-12-25;21;512
1;2025-12-25;22;258
1;2025-12-25;23;61
1;2025-12-26;0;6
1;2025-12-26;1;0
1;2025-12-26;2;0
1;2025-12-26;3;0
1;2025-12-26;4;8
1;2025-12-26;5;133
1;2025-12-26;6;521
1;2025-12-26;7;1572
1;2025-12-26;8;1926
1;2025-12-26;9;1488
1;2025-12-26;10;1318
1;2025-12-26;11;1408
1;2025-12-26;12;1416
1;2025-12-26;13;1488
1;2025-12-26;14;1416
1;2025-12-26;15;1566
1;2025-12-26;16;1628
1;2025-12-26;17;1809
1;2025-12-26;18;1641
1;2025-12-26;19;1287
1;2025-12-26;20;853
1;2025-12-26;21;493
1;2025-12-26;22;254
1;2025-12-26;23;53
1;2025-12-27;0;9
1;2025-12-27;1;0
1;2025-12-27;2;0
1;2025-12-27;3;0
1;2025-12-27;4;0
1;2025-12-27;5;26
1;2025-12-27;6;167
1;2025-12-27;7;336
1;2025-12-27;8;472
1;2025-12-27;9;739
1;2025-12-27;10;846
1;2025-12-27;11;819
1;2025-12-27;12;1040
1;2025-12-27;13;1057
1;2025-12-27;14;995
1;2025-12-27;15;886
1;2025-12-27;16;789
1;2025-12-27;17;737
1;2025-12-27;18;653
1;2025-12-27;19;575
1;2025-12-27;20;429
1;2025-12-27;21;316
1;2025-12-27;22;142
1;2025-12-27;23;32
1;2025-12-28;0;1
1;2025-12-28;1;0
1;2025-12-28;2;0
1;2025-12-28;3;0
1;2025-12-28;4;0
1;2025-12-28;5;25
1;2025-12-28;6;128
1;2025-12-28;7;263
1;2025-12-28;8;371
1;2025-12-28;9;600
1;2025-12-28;10;725
1;2025-12-28;11;713
1;2025-12-28;12;935
1;2025-12-28;13;939
1;2025-12-28;14;838
1;2025-12-28;15;761
1;2025-12-28;16;692
1;2025-12-28;17;614
1;2025-12-28;18;572
1;2025-12-28;19;480
1;2025-12-28;20;375
1;2025-12-28;21;273
1;2025-12-28;22;114
1;2025-12-28;23;32
1;2025-12-29;0;2
1;2025-12-29;1;0
1;2025-12-29;2;0
1;2025-12-29;3;0
1;2025-12-29;4;8
1;2025-12-29;5;121
1;2025-12-29;6;490
1;2025-12-29;7;1418
1;2025-12-29;8;1784
1;2025-12-29;9;1355
1;2025-12-29;10;1187
1;2025-12-29;11;1237
1;2025-12-29;12;1266
1;2025-12-29;13;1295
1;2025-12-29;14;1240
1;2025-12-29;15;1381
1;2025-12-29;16;1412
1;2025-12-29;17;1655
1;2025-12-29;18;1719
1;2025-12-29;19;1316
1;2025-12-29;20;820
1;2025-12-29;21;442
1;2025-12-29;22;211
1;2025-12-29;23;43
1;2025-12-30;0;4
1;2025-12-30;1;0
1;2025-12-30;2;0
1;2025-12-30;3;0
1;2025-12-30;4;7
1;2025-12-30;5;127
1;2025-12-30;6;507
1;2025-12-30;7;1465
1;2025-12-30;8;1804
1;2025-12-30;9;1413
1;2025-12-30;10;1260
1;2025-12-30;11;1307
1;2025-12-30;12;1319
1;2025-12-30;13;1359
1;2025-12-30;14;1306
1;2025-12-30;15;1426
1;2025-12-30;16;1444
1;2025-12-30;17;1644
1;2025-12-30;18;1656
1;2025-12-30;19;1309
1;2025-12-30;20;836
1;2025-12-30;21;448
1;2025-12-30;22;223
1;2025-12-30;23;45
1;2025-12-31;0;2
1;2025-12-31;1;4
1;2025-12-31;2;1
1;2025-12-31;3;1
1;2025-12-31;4;2
1;2025-12-31;5;24
1;2025-12-31;6;126
1;2025-12-31;7;239
1;2025-12-31;8;332
1;2025-12-31;9;511
1;2025-12-31;10;602
1;2025-12-31;11;582
1;2025-12-31;12;746
1;2025-12-31;13;758
1;2025-12-31;14;685
1;2025-12-31;15;634
1;2025-12-31;16;593
1;2025-12-31;17;541
1;2025-12-31;18;520
1;2025-12-31;19;448
1;2025-12-31;20;0
1;2025-12-31;21;0
1;2025-12-31;22;0
1;2025-12-31;23;0
5;2025-11-01;0;0
5;2025-11-01;1;0
5;2025-11-01;2;0
5;2025-11-01;3;0
5;2025-11-01;4;0
5;2025-11-01;5;0
5;2025-11-01;6;0
5;2025-11-01;7;0
5;2025-11-01;8;0
5;2025-11-01;9;0
5;2025-11-01;10;0
5;2025-11-01;11;0
5;2025-11-01;12;0
5;2025-11-01;13;0
5;2025-11-01;14;0
5;2025-11-01;15;0
5;2025-11-01;16;0
5;2025-11-01;17;0
5;2025-11-01;18;0
5;2025-11-01;19;0
5;2025-11-01;20;0
5;2025-11-01;21;0
5;2025-11-01;22;0
5;2025-11-01;23;0
5;2025-11-02;0;0
5;2025-11-02;1;0
5;2025-11-02;2;0
5;2025-11-02;3;0
5;2025-11-02;4;0
5;2025-11-02;5;0
5;2025-11-02;6;0
5;2025-11-02;7;0
5;2025-11-02;8;0
5;2025-11-02;9;0
5;2025-11-02;10;0
5;2025-11-02;11;0
5;2025-11-02;12;0
5;2025-11-02;13;0
5;2025-11-02;14;0
5;2025-11-02;15;0
5;2025-11-02;16;0
5;2025-11-02;17;0
5;2025-11-02;18;0
5;2025-11-02;19;0
5;2025-11-02;20;0
5;2025-11-02;21;0
5;2025-11-02;22;0
5;2025-11-02;23;0
5;2025-11-03;0;0
5;2025-11-03;1;0
5;2025-11-03;2;0
5;2025-11-03;3;0
5;2025-11-03;4;0
5;2025-11-03;5;0
5;2025-11-03;6;0
5;2025-11-03;7;0
5;2025-11-03;8;0
5;2025-11-03;9;0
5;2025-11-03;10;0
5;2025-11-03;11;0
5;2025-11-03;12;0
5;2025-11-03;13;0
5;2025-11-03;14;0
5;2025-11-03;15;0
5;2025-11-03;16;0
5;2025-11-03;17;0
5;2025-11-03;18;0
5;2025-11-03;19;0
5;2025-11-03;20;0
5;2025-11-03;21;0
5;2025-11-03;22;0
5;2025-11-03;23;0
5;2025-11-04;0;0
5;2025-11-04;1;0
5;2025-11-04;2;0
5;2025-11-04;3;0
5;2025-11-04;4;0
5;2025-11-04;5;0
5;2025-11-04;6;0
5;2025-11-04;7;0
5;2025-11-04;8;0
5;2025-11-04;9;0
5;2025-11-04;10;0
5;2025-11-04;11;0
5;2025-11-04;12;0
5;2025-11-04;13;0
5;2025-11-04;14;0
5;2025-11-04;15;0
5;2025-11-04;16;0
5;2025-11-04;17;0
5;2025-11-04;18;0
5;2025-11-04;19;0
5;2025-11-04;20;0
5;2025-11-04;21;0
5;2025-11-04;22;0
5;2025-11-04;23;0
5;2025-11-05;0;0
5;2025-11-05;1;0
5;2025-11-05;2;0
5;2025-11-05;3;0
5;2025-11-05;4;0
5;2025-11-05;5;0
5;2025-11-05;6;0
5;2025-11-05;7;0
5;2025-11-05;8;0
5;2025-11-05;9;0
5;2025-11-05;10;0
5;2025-11-05;11;0
5;2025-11-05;12;0
5;2025-11-05;13;0
5;2025-11-05;14;0
5;2025-11-05;15;0
5;2025-11-05;16;0
5;2025-11-05;17;0
5;2025-11-05;18;0
5;2025-11-05;19;0
5;2025-11-05;20;0
5;2025-11-05;21;0
5;2025-11-05;22;0
5;2025-11-05;23;0
5;2025-11-06;0;0
5;2025-11-06;1;0
5;2025-11-06;2;0
5;2025-11-06;3;0
5;2025-11-06;4;0
5;2025-11-06;5;0
5;2025-11-06;6;0
5;2025-11-06;7;0
5;2025-11-06;8;0
5;2025-11-06;9;0
5;2025-11-06;10;0
5;2025-11-06;11;0
5;2025-11-06;12;0
5;2025-11-06;13;0
5;2025-11-06;14;0
5;2025-11-06;15;0
5;2025-11-06;16;0
5;2025-11-06;17;0
5;2025-11-06;18;0
5;2025-11-06;19;0
5;2025-11-06;20;0
5;2025-11-06;21;0
5;2025-11-06;22;0
5;2025-11-06;23;0
5;2025-11-07;0;0
5;2025-11-07;1;0
5;2025-11-07;2;0
5;2025-11-07;3;0
5;2025-11-07;4;0
5;2025-11-07;5;0
5;2025-11-07;6;0
5;2025-11-07;7;0
5;2025-11-07;8;0
5;2025-11-07;9;0
5;2025-11-07;10;0
5;2025-11-07;11;0
5;2025-11-07;12;0
5;2025-11-07;13;0
5;2025-11-07;14;0
5;2025-11-07;15;0
5;2025-11-07;16;0
5;2025-11-07;17;0
5;2025-11-07;18;0
5;2025-11-07;19;0
5;2025-11-07;20;0
5;2025-11-07;21;0
5;2025-11-07;22;0
5;2025-11-07;23;0
5;2025-11-08;0;0
5;2025-11-08;1;0
5;2025-11-08;2;0
5;2025-11-08;3;0
5;2025-11-08;4;0
5;2025-11-08;5;0
5;2025-11-08;6;0
5;2025-11-08;7;0
5;2025-11-08;8;0
5;2025-11-08;9;0
5;2025-11-08;10;0
5;2025-11-08;11;0
5;2025-11-08;12;0
5;2025-11-08;13;0
5;2025-11-08;14;0
5;2025-11-08;15;0
5;2025-11-08;16;0
5;2025-11-08;17;0
5;2025-11-08;18;0
5;2025-11-08;19;0
5;2025-11-08;20;0
5;2025-11-08;21;0
5;2025-11-08;22;0
5;2025-11-08;23;0
5;2025-11-09;0;0
5;2025-11-09;1;0
5;2025-11-09;2;0
5;2025-11-09;3;0
5;2025-11-09;4;0
5;2025-11-09;5;0
5;2025-11-09;6;0
5;2025-11-09;7;0
5;2025-11-09;8;0
5;2025-11-09;9;0
5;2025-11-09;10;0
5;2025-11-09;11;0
5;2025-11-09;12;0
5;2025-11-09;13;0
5;2025-11-09;14;0
5;2025-11-09;15;0
5;2025-11-09;16;0
5;2025-11-09;17;0
5;2025-11-09;18;0
5;2025-11-09;19;0
5;2025-11-09;20;0
5;2025-11-09;21;0
5;2025-11-09;22;0
5;2025-11-09;23;0
5;2025-11-10;0;0
5;2025-11-10;1;0
5;2025-11-10;2;0
5;2025-11-10;3;0
5;2025-11-10;4;0
5;2025-11-10;5;0
5;2025-11-10;6;0
5;2025-11-10;7;0
5;2025-11-10;8;0
5;2025-11-10;9;0
5;2025-11-10;10;0
5;2025-11-10;11;0
5;2025-11-10;12;0
5;2025-11-10;13;0
5;2025-11-10;14;0
5;2025-11-10;15;0
5;2025-11-10;16;0
5;2025-11-10;17;0
5;2025-11-10;18;0
5;2025-11-10;19;0
5;2025-11-10;20;0
5;2025-11-10;21;0
5;2025-11-10;22;0
5;2025-11-10;23;0
5;2025-11-11;0;0
5;2025-11-11;1;0
5;2025-11-11;2;0
5;2025-11-11;3;0
5;2025-11-11;4;0
5;2025-11-11;5;0
5;2025-11-11;6;0
5;2025-11-11;7;0
5;2025-11-11;8;0
5;2025-11-11;9;0
5;2025-11-11;10;0
5;2025-11-11;11;0
5;2025-11-11;12;0
5;2025-11-11;13;0
5;2025-11-11;14;0
5;2025-11-11;15;0
5;2025-11-11;16;0
5;2025-11-11;17;0
5;2025-11-11;18;0
5;2025-11-11;19;0
5;2025-11-11;20;0
5;2025-11-11;21;0
5;2025-11-11;22;0
5;2025-11-11;23;0
5;2025-11-12;0;0
5;2025-11-12;1;0
5;2025-11-12;2;0
5;2025-11-12;3;0
5;2025-11-12;4;0
5;2025-11-12;5;0
5;2025-11-12;6;0
5;2025-11-12;7;0
5;2025-11-12;8;0
5;2025-11-12;9;0
5;2025-11-12;10;0
5;2025-11-12;11;0
5;2025-11-12;12;0
5;2025-11-12;13;0
5;2025-11-12;14;0
5;2025-11-12;15;0
5;2025-11-12;16;0
5;2025-11-12;17;0
5;2025-11-12;18;0
5;2025-11-12;19;0
5;2025-11-12;20;0
5;2025-11-12;21;0
5;2025-11-12;22;0
5;2025-11-12;23;0
5;2025-11-13;0;0
5;2025-11-13;1;0
5;2025-11-13;2;0
5;2025-11-13;3;0
5;2025-11-13;4;0
5;2025-11-13;5;0
5;2025-11-13;6;0
5;2025-11-13;7;0
5;2025-11-13;8;0
5;2025-11-13;9;0
5;2025-11-13;10;0
5;2025-11-13;11;0
5;2025-11-13;12;0
5;2025-11-13;13;0
5;2025-11-13;14;0
5;2025-11-13;15;0
5;2025-11-13;16;0
5;2025-11-13;17;0
5;2025-11-13;18;0
5;2025-11-13;19;0
5;2025-11-13;20;0
5;2025-11-13;21;0
5;2025-11-13;22;0
5;2025-11-13;23;0
5;2025-11-14;0;0
5;2025-11-14;1;0
5;2025-11-14;2;0
5;2025-11-14;3;0
5;2025-11-14;4;0
5;2025-11-14;5;0
5;2025-11-14;6;0
5;2025-11-14;7;0
5;2025-11-14;8;0
5;2025-11-14;9;0
5;2025-11-14;10;0
5;2025-11-14;11;0
5;2025-11-14;12;0
5;2025-11-14;13;0
5;2025-11-14;14;0
5;2025-11-14;15;0
5;2025-11-14;16;0
5;2025-11-14;17;0
5;2025-11-14;18;0
5;2025-11-14;19;0
5;2025-11-14;20;0
5;2025-11-14;21;0
5;2025-11-14;22;0
5;2025-11-14;23;0
5;2025-11-15;0;0
5;2025-11-15;1;0
5;2025-11-15;2;0
5;2025-11-15;3;0
5;2025-11-15;4;0
5;2025-11-15;5;0
5;2025-11-15;6;0
5;2025-11-15;7;0
5;2025-11-15;8;0
5;2025-11-15;9;0
5;2025-11-15;10;0
5;2025-11-15;11;0
5;2025-11-15;12;0
5;2025-11-15;13;0
5;2025-11-15;14;0
5;2025-11-15;15;0
5;2025-11-15;16;0
5;2025-11-15;17;0
5;2025-11-15;18;0
5;2025-11-15;19;0
5;2025-11-15;20;0
5;2025-11-15;21;0
5;2025-11-15;22;0
5;2025-11-15;23;0
5;2025-11-16;0;0
5;2025-11-16;1;0
5;2025-11-16;2;0
5;2025-11-16;3;0
5;2025-11-16;4;0
5;2025-11-16;5;0
5;2025-11-16;6;0
5;2025-11-16;7;0
5;2025-11-16;8;0
5;2025-11-16;9;0
5;2025-11-16;10;0
5;2025-11-16;11;0
5;2025-11-16;12;0
5;2025-11-16;13;0
5;2025-11-16;14;0
5;2025-11-16;15;0
5;2025-11-16;16;0
5;2025-11-16;17;0
5;2025-11-16;18;0
5;2025-11-16;19;0
5;2025-11-16;20;0
5;2025-11-16;21;0
5;2025-11-16;22;0
5;2025-11-16;23;0
5;2025-11-17;0;0
5;2025-11-17;1;0
5;2025-11-17;2;0
5;2025-11-17;3;0
5;2025-11-17;4;0
5;2025-11-17;5;0
5;2025-11-17;6;0
5;2025-11-17;7;0
5;2025-11-17;8;0
5;2025-11-17;9;0
5;2025-11-17;10;0
5;2025-11-17;11;0
5;2025-11-17;12;0
5;2025-11-17;13;0
5;2025-11-17;14;0
5;2025-11-17;15;0
5;2025-11-17;16;0
5;2025-11-17;17;0
5;2025-11-17;18;0
5;2025-11-17;19;0
5;2025-11-17;20;0
5;2025-11-17;21;0
5;2025-11-17;22;0
5;2025-11-17;23;0
5;2025-11-18;0;0
5;2025-11-18;1;0
5;2025-11-18;2;0
5;2025-11-18;3;0
5;2025-11-18;4;0
5;2025-11-18;5;0
5;2025-11-18;6;0
5;2025-11-18;7;0
5;2025-11-18;8;0
5;2025-11-18;9;0
5;2025-11-18;10;0
5;2025-11-18;11;0
5;2025-11-18;12;0
5;2025-11-18;13;0
5;2025-11-18;14;0
5;2025-11-18;15;0
5;2025-11-18;16;0
5;2025-11-18;17;0
5;2025-11-18;18;0
5;2025-11-18;19;0
5;2025-11-18;20;0
5;2025-11-18;21;0
5;2025-11-18;22;0
5;2025-11-18;23;0
5;2025-11-19;0;0
5;2025-11-19;1;0
5;2025-11-19;2;0
5;2025-11-19;3;0
5;2025-11-19;4;0
5;2025-11-19;5;0
5;2025-11-19;6;0
5;2025-11-19;7;0
5;2025-11-19;8;0
5;2025-11-19;9;0
5;2025-11-19;10;0
5;2025-11-19;11;0
5;2025-11-19;12;0
5;2025-11-19;13;0
5;2025-11-19;14;0
5;2025-11-19;15;0
5;2025-11-19;16;0
5;2025-11-19;17;0
5;2025-11-19;18;0
5;2025-11-19;19;0
5;2025-11-19;20;0
5;2025-11-19;21;0
5;2025-11-19;22;0
5;2025-11-19;23;0
5;2025-11-20;0;0
5;2025-11-20;1;0
5;2025-11-20;2;0
5;2025-11-20;3;0
5;2025-11-20;4;0
5;2025-11-20;5;0
5;2025-11-20;6;0
5;2025-11-20;7;0
5;2025-11-20;8;0
5;2025-11-20;9;0
5;2025-11-20;10;0
5;2025-11-20;11;0
5;2025-11-20;12;0
5;2025-11-20;13;0
5;2025-11-20;14;0
5;2025-11-20;15;0
5;2025-11-20;16;0
5;2025-11-20;17;0
5;2025-11-20;18;0
5;2025-11-20;19;0
5;2025-11-20;20;0
5;2025-11-20;21;0
5;2025-11-20;22;0
5;2025-11-20;23;0
5;2025-11-21;0;0
5;2025-11-21;1;0
5;2025-11-21;2;0
5;2025-11-21;3;0
5;2025-11-21;4;0
5;2025-11-21;5;0
5;2025-11-21;6;0
5;2025-11-21;7;0
5;2025-11-21;8;0
5;2025-11-21;9;0
5;2025-11-21;10;0
5;2025-11-21;11;0
5;2025-11-21;12;0
5;2025-11-21;13;0
5;2025-11-21;14;0
5;2025-11-21;15;0
5;2025-11-21;16;0
5;2025-11-21;17;0
5;2025-11-21;18;0
5;2025-11-21;19;0
5;2025-11-21;20;0
5;2025-11-21;21;0
5;2025-11-21;22;0
5;2025-11-21;23;0
5;2025-11-22;0;0
5;2025-11-22;1;0
5;2025-11-22;2;0
5;2025-11-22;3;0
5;2025-11-22;4;0
5;2025-11-22;5;0
5;2025-11-22;6;0
5;2025-11-22;7;0
5;2025-11-22;8;0
5;2025-11-22;9;0
5;2025-11-22;10;0
5;2025-11-22;11;0
5;2025-11-22;12;0
5;2025-11-22;13;0
5;2025-11-22;14;0
5;2025-11-22;15;0
5;2025-11-22;16;0
5;2025-11-22;17;0
5;2025-11-22;18;0
5;2025-11-22;19;0
5;2025-11-22;20;0
5;2025-11-22;21;0
5;2025-11-22;22;0
5;2025-11-22;23;0
5;2025-11-23;0;0
5;2025-11-23;1;0
5;2025-11-23;2;0
5;2025-11-23;3;0
5;2025-11-23;4;0
5;2025-11-23;5;0
5;2025-11-23;6;0
5;2025-11-23;7;0
5;2025-11-23;8;0
5;2025-11-23;9;0
5;2025-11-23;10;0
5;2025-11-23;11;0
5;2025-11-23;12;0
5;2025-11-23;13;0
5;2025-11-23;14;0
5;2025-11-23;15;0
5;2025-11-23;16;0
5;2025-11-23;17;0
5;2025-11-23;18;0
5;2025-11-23;19;0
5;2025-11-23;20;0
5;2025-11-23;21;0
5;2025-11-23;22;0
5;2025-11-23;23;0
5;2025-11-24;0;0
5;2025-11-24;1;0
5;2025-11-24;2;0
5;2025-11-24;3;0
5;2025-11-24;4;0
5;2025-11-24;5;0
5;2025-11-24;6;0
5;2025-11-24;7;0
5;2025-11-24;8;0
5;2025-11-24;9;0
5;2025-11-24;10;0
5;2025-11-24;11;0
5;2025-11-24;12;0
5;2025-11-24;13;0
5;2025-11-24;14;0
5;2025-11-24;15;0
5;2025-11-24;16;0
5;2025-11-24;17;0
5;2025-11-24;18;0
5;2025-11-24;19;0
5;2025-11-24;20;0
5;2025-11-24;21;0
5;2025-11-24;22;0
5;2025-11-24;23;0
5;2025-11-25;0;0
5;2025-11-25;1;0
5;2025-11-25;2;0
5;2025-11-25;3;0
5;2025-11-25;4;0
5;2025-11-25;5;0
5;2025-11-25;6;0
5;2025-11-25;7;0
5;2025-11-25;8;0
5;2025-11-25;9;0
5;2025-11-25;10;0
5;2025-11-25;11;0
5;2025-11-25;12;0
5;2025-11-25;13;0
5;2025-11-25;14;0
5;2025-11-25;15;0
5;2025-11-25;16;0
5;2025-11-25;17;0
5;2025-11-25;18;0
5;2025-11-25;19;0
5;2025-11-25;20;0
5;2025-11-25;21;0
5;2025-11-25;22;0
5;2025-11-25;23;0
5;2025-11-26;0;0
5;2025-11-26;1;0
5;2025-11-26;2;0
5;2025-11-26;3;0
5;2025-11-26;4;0
5;2025-11-26;5;0
5;2025-11-26;6;0
5;2025-11-26;7;0
5;2025-11-26;8;0
5;2025-11-26;9;0
5;2025-11-26;10;0
5;2025-11-26;11;0
5;2025-11-26;12;0
5;2025-11-26;13;0
5;2025-11-26;14;0
5;2025-11-26;15;0
5;2025-11-26;16;0
5;2025-11-26;17;0
5;2025-11-26;18;0
5;2025-11-26;19;0
5;2025-11-26;20;0
5;2025-11-26;21;0
5;2025-11-26;22;0
5;2025-11-26;23;0
5;2025-11-27;0;0
5;2025-11-27;1;0
5;2025-11-27;2;0
5;2025-11-27;3;0
5;2025-11-27;4;0
5;2025-11-27;5;0
5;2025-11-27;6;0
5;2025-11-27;7;0
5;2025-11-27;8;0
5;2025-11-27;9;0
5;2025-11-27;10;0
5;2025-11-27;11;0
5;2025-11-27;12;0
5;2025-11-27;13;0
5;2025-11-27;14;0
5;2025-11-27;15;0
5;2025-11-27;16;0
5;2025-11-27;17;0
5;2025-11-27;18;0
5;2025-11-27;19;0
5;2025-11-27;20;0
5;2025-11-27;21;0
5;2025-11-27;22;0
5;2025-11-27;23;0
5;2025-11-28;0;0
5;2025-11-28;1;0
5;2025-11-28;2;0
5;2025-11-28;3;0
5;2025-11-28;4;0
5;2025-11-28;5;0
5;2025-11-28;6;0
5;2025-11-28;7;0
5;2025-11-28;8;0
5;2025-11-28;9;0
5;2025-11-28;10;0
5;2025-11-28;11;0
5;2025-11-28;12;0
5;2025-11-28;13;0
5;2025-11-28;14;0
5;2025-11-28;15;0
5;2025-11-28;16;0
5;2025-11-28;17;0
5;2025-11-28;18;0
5;2025-11-28;19;0
5;2025-11-28;20;0
5;2025-11-28;21;0
5;2025-11-28;22;0
5;2025-11-28;23;0
5;2025-11-29;0;0
5;2025-11-29;1;0
5;2025-11-29;2;0
5;2025-11-29;3;0
5;2025-11-29;4;0
5;2025-11-29;5;0
5;2025-11-29;6;0
5;2025-11-29;7;0
5;2025-11-29;8;0
5;2025-11-29;9;0
5;2025-11-29;10;0
5;2025-11-29;11;0
5;2025-11-29;12;0
5;2025-11-29;13;0
5;2025-11-29;14;0
5;2025-11-29;15;0
5;2025-11-29;16;0
5;2025-11-29;17;0
5;2025-11-29;18;0
5;2025-11-29;19;0
5;2025-11-29;20;0
5;2025-11-29;21;0
5;2025-11-29;22;0
5;2025-11-29;23;0
5;2025-11-30;0;0
5;2025-11-30;1;0
5;2025-11-30;2;0
5;2025-11-30;3;0
5;2025-11-30;4;0
5;2025-11-30;5;0
5;2025-11-30;6;0
5;2025-11-30;7;0
5;2025-11-30;8;0
5;2025-11-30;9;0
5;2025-11-30;10;0
5;2025-11-30;11;0
5;2025-11-30;12;0
5;2025-11-30;13;0
5;2025-11-30;14;0
5;2025-11-30;15;0
5;2025-11-30;16;0
5;2025-11-30;17;0
5;2025-11-30;18;0
5;2025-11-30;19;0
5;2025-11-30;20;0
5;2025-11-30;21;0
5;2025-11-30;22;0
5;2025-11-30;23;0
5;2025-12-01;0;0
5;2025-12-01;1;0
5;2025-12-01;2;0
5;2025-12-01;3;0
5;2025-12-01;4;0
5;2025-12-01;5;0
5;2025-12-01;6;0
5;2025-12-01;7;0
5;2025-12-01;8;0
5;2025-12-01;9;0
5;2025-12-01;10;0
5;2025-12-01;11;0
5;2025-12-01;12;0
5;2025-12-01;13;0
5;2025-12-01;14;0
5;2025-12-01;15;0
5;2025-12-01;16;0
5;2025-12-01;17;0
5;2025-12-01;18;0
5;2025-12-01;19;0
5;2025-12-01;20;0
5;2025-12-01;21;0
5;2025-12-01;22;0
5;2025-12-01;23;0
5;2025-12-02;0;0
5;2025-12-02;1;0
5;2025-12-02;2;0
5;2025-12-02;3;0
5;2025-12-02;4;0
5;2025-12-02;5;0
5;2025-12-02;6;0
5;2025-12-02;7;0
5;2025-12-02;8;0
5;2025-12-02;9;0
5;2025-12-02;10;0
5;2025-12-02;11;0
5;2025-12-02;12;0
5;2025-12-02;13;0
5;2025-12-02;14;0
5;2025-12-02;15;0
5;2025-12-02;16;0
5;2025-12-02;17;0
5;2025-12-02;18;0
5;2025-12-02;19;0
5;2025-12-02;20;0
5;2025-12-02;21;0
5;2025-12-02;22;0
5;2025-12-02;23;0
5;2025-12-03;0;0
5;2025-12-03;1;0
5;2025-12-03;2;0
5;2025-12-03;3;0
5;2025-12-03;4;0
5;2025-12-03;5;0
5;2025-12-03;6;0
5;2025-12-03;7;0
5;2025-12-03;8;0
5;2025-12-03;9;0
5;2025-12-03;10;0
5;2025-12-03;11;0
5;2025-12-03;12;0
5;2025-12-03;13;0
5;2025-12-03;14;0
5;2025-12-03;15;0
5;2025-12-03;16;0
5;2025-12-03;17;0
5;2025-12-03;18;0
5;2025-12-03;19;0
5;2025-12-03;20;0
5;2025-12-03;21;0
5;2025-12-03;22;0
5;2025-12-03;23;0
5;2025-12-04;0;0
5;2025-12-04;1;0
5;2025-12-04;2;0
5;2025-12-04;3;0
5;2025-12-04;4;0
5;2025-12-04;5;0
5;2025-12-04;6;0
5;2025-12-04;7;0
5;2025-12-04;8;0
5;2025-12-04;9;0
5;2025-12-04;10;0
5;2025-12-04;11;0
5;2025-12-04;12;0
5;2025-12-04;13;0
5;2025-12-04;14;0
5;2025-12-04;15;0
5;2025-12-04;16;0
5;2025-12-04;17;0
5;2025-12-04;18;0
5;2025-12-04;19;0
5;2025-12-04;20;0
5;2025-12-04;21;0
5;2025-12-04;22;0
5;2025-12-04;23;0
5;2025-12-05;0;0
5;2025-12-05;1;0
5;2025-12-05;2;0
5;2025-12-05;3;0
5;2025-12-05;4;0
5;2025-12-05;5;0
5;2025-12-05;6;0
5;2025-12-05;7;0
5;2025-12-05;8;0
5;2025-12-05;9;0
5;2025-12-05;10;0
5;2025-12-05;11;0
5;2025-12-05;12;0
5;2025-12-05;13;0
5;2025-12-05;14;0
5;2025-12-05;15;0
5;2025-12-05;16;0
5;2025-12-05;17;0
5;2025-12-05;18;0
5;2025-12-05;19;0
5;2025-12-05;20;0
5;2025-12-05;21;0
5;2025-12-05;22;0
5;2025-12-05;23;0
5;2025-12-06;0;0
5;2025-12-06;1;0
5;2025-12-06;2;0
5;2025-12-06;3;0
5;2025-12-06;4;0
5;2025-12-06;5;0
5;2025-12-06;6;0
5;2025-12-06;7;0
5;2025-12-06;8;0
5;2025-12-06;9;0
5;2025-12-06;10;0
5;2025-12-06;11;0
5;2025-12-06;12;0
5;2025-12-06;13;0
5;2025-12-06;14;0
5;2025-12-06;15;0
5;2025-12-06;16;0
5;2025-12-06;17;0
5;2025-12-06;18;0
5;2025-12-06;19;0
5;2025-12-06;20;0
5;2025-12-06;21;0
5;2025-12-06;22;0
5;2025-12-06;23;0
5;2025-12-07;0;0
5;2025-12-07;1;0
5;2025-12-07;2;0
5;2025-12-07;3;0
5;2025-12-07;4;0
5;2025-12-07;5;0
5;2025-12-07;6;0
5;2025-12-07;7;0
5;2025-12-07;8;0
5;2025-12-07;9;0
5;2025-12-07;10;0
5;2025-12-07;11;0
5;2025-12-07;12;0
5;2025-12-07;13;0
5;2025-12-07;14;0
5;2025-12-07;15;0
5;2025-12-07;16;0
5;2025-12-07;17;0
5;2025-12-07;18;0
5;2025-12-07;19;0
5;2025-12-07;20;0
5;2025-12-07;21;0
5;2025-12-07;22;0
5;2025-12-07;23;0
5;2025-12-08;0;0
5;2025-12-08;1;0
5;2025-12-08;2;0
5;2025-12-08;3;0
5;2025-12-08;4;0
5;2025-12-08;5;0
5;2025-12-08;6;0
5;2025-12-08;7;0
5;2025-12-08;8;0
5;2025-12-08;9;0
5;2025-12-08;10;0
5;2025-12-08;11;0
5;2025-12-08;12;0
5;2025-12-08;13;0
5;2025-12-08;14;0
5;2025-12-08;15;0
5;2025-12-08;16;0
5;2025-12-08;17;0
5;2025-12-08;18;0
5;2025-12-08;19;0
5;2025-12-08;20;0
5;2025-12-08;21;0
5;2025-12-08;22;0
5;2025-12-08;23;0
5;2025-12-09;0;0
5;2025-12-09;1;0
5;2025-12-09;2;0
5;2025-12-09;3;0
5;2025-12-09;4;0
5;2025-12-09;5;0
5;2025-12-09;6;0
5;2025-12-09;7;0
5;2025-12-09;8;0
5;2025-12-09;9;0
5;2025-12-09;10;0
5;2025-12-09;11;0
5;2025-12-09;12;0
5;2025-12-09;13;0
5;2025-12-09;14;0
5;2025-12-09;15;0
5;2025-12-09;16;0
5;2025-12-09;17;0
5;2025-12-09;18;0
5;2025-12-09;19;0
5;2025-12-09;20;0
5;2025-12-09;21;0
5;2025-12-09;22;0
5;2025-12-09;23;0
5;2025-12-10;0;0
5;2025-12-10;1;0
5;2025-12-10;2;0
5;2025-12-10;3;0
5;2025-12-10;4;0
5;2025-12-10;5;0
5;2025-12-10;6;0
5;2025-12-10;7;0
5;2025-12-10;8;0
5;2025-12-10;9;0
5;2025-12-10;10;0
5;2025-12-10;11;0
5;2025-12-10;12;0
5;2025-12-10;13;0
5;2025-12-10;14;0
5;2025-12-10;15;0
5;2025-12-10;16;0
5;2025-12-10;17;0
5;2025-12-10;18;0
5;2025-12-10;19;0
5;2025-12-10;20;0
5;2025-12-10;21;0
5;2025-12-10;22;0
5;2025-12-10;23;0
5;2025-12-11;0;0
5;2025-12-11;1;0
5;2025-12-11;2;0
5;2025-12-11;3;0
5;2025-12-11;4;0
5;2025-12-11;5;0
5;2025-12-11;6;0
5;2025-12-11;7;0
5;2025-12-11;8;0
5;2025-12-11;9;0
5;2025-12-11;10;0
5;2025-12-11;11;0
5;2025-12-11;12;0
5;2025-12-11;13;0
5;2025-12-11;14;0
5;2025-12-11;15;0
5;2025-12-11;16;0
5;2025-12-11;17;0
5;2025-12-11;18;0
5;2025-12-11;19;0
5;2025-12-11;20;0
5;2025-12-11;21;0
5;2025-12-11;22;0
5;2025-12-11;23;0
5;2025-12-12;0;0
5;2025-12-12;1;0
5;2025-12-12;2;0
5;2025-12-12;3;0
5;2025-12-12;4;0
5;2025-12-12;5;0
5;2025-12-12;6;0
5;2025-12-12;7;0
5;2025-12-12;8;0
5;2025-12-12;9;0
5;2025-12-12;10;0
5;2025-12-12;11;0
5;2025-12-12;12;0
5;2025-12-12;13;0
5;2025-12-12;14;0
5;2025-12-12;15;0
5;2025-12-12;16;0
5;2025-12-12;17;0
5;2025-12-12;18;0
5;2025-12-12;19;0
5;2025-12-12;20;0
5;2025-12-12;21;0
5;2025-12-12;22;0
5;2025-12-12;23;0
5;2025-12-13;0;0
5;2025-12-13;1;0
5;2025-12-13;2;0
5;2025-12-13;3;0
5;2025-12-13;4;0
5;2025-12-13;5;0
5;2025-12-13;6;0
5;2025-12-13;7;0
5;2025-12-13;8;0
5;2025-12-13;9;0
5;2025-12-13;10;0
5;2025-12-13;11;0
5;2025-12-13;12;0
5;2025-12-13;13;0
5;2025-12-13;14;0
5;2025-12-13;15;0
5;2025-12-13;16;0
5;2025-12-13;17;0
5;2025-12-13;18;0
5;2025-12-13;19;0
5;2025-12-13;20;0
5;2025-12-13;21;0
5;2025-12-13;22;0
5;2025-12-13;23;0
5;2025-12-14;0;0
5;2025-12-14;1;0
5;2025-12-14;2;0
5;2025-12-14;3;0
5;2025-12-14;4;0
5;2025-12-14;5;0
5;2025-12-14;6;0
5;2025-12-14;7;0
5;2025-12-14;8;0
5;2025-12-14;9;0
5;2025-12-14;10;0
5;2025-12-14;11;0
5;2025-12-14;12;0
5;2025-12-14;13;0
5;2025-12-14;14;0
5;2025-12-14;15;0
5;2025-12-14;16;0
5;2025-12-14;17;0
5;2025-12-14;18;0
5;2025-12-14;19;0
5;2025-12-14;20;0
5;2025-12-14;21;0
5;2025-12-14;22;0
5;2025-12-14;23;0
5;2025-12-15;0;0
5;2025-12-15;1;0
5;2025-12-15;2;0
5;2025-12-15;3;0
5;2025-12-15;4;0
5;2025-12-15;5;0
5;2025-12-15;6;0
5;2025-12-15;7;0
5;2025-12-15;8;0
5;2025-12-15;9;0
5;2025-12-15;10;0
5;2025-12-15;11;0
5;2025-12-15;12;0
5;2025-12-15;13;0
5;2025-12-15;14;0
5;2025-12-15;15;0
5;2025-12-15;16;0
5;2025-12-15;17;0
5;2025-12-15;18;0
5;2025-12-15;19;0
5;2025-12-15;20;0
5;2025-12-15;21;0
5;2025-12-15;22;0
5;2025-12-15;23;0
5;2025-12-16;0;6
5;2025-12-16;1;1
5;2025-12-16;2;0
5;2025-12-16;3;0
5;2025-12-16;4;1
5;2025-12-16;5;18
5;2025-12-16;6;133
5;2025-12-16;7;393
5;2025-12-16;8;587
5;2025-12-16;9;358
5;2025-12-16;10;269
5;2025-12-16;11;282
5;2025-12-16;12;283
5;2025-12-16;13;319
5;2025-12-16;14;310
5;2025-12-16;15;344
5;2025-12-16;16;414
5;2025-12-16;17;480
5;2025-12-16;18;525
5;2025-12-16;19;351
5;2025-12-16;20;226
5;2025-12-16;21;140
5;2025-12-16;22;78
5;2025-12-16;23;20
5;2025-12-17;0;6
5;2025-12-17;1;1
5;2025-12-17;2;0
5;2025-12-17;3;0
5;2025-12-17;4;1
5;2025-12-17;5;18
5;2025-12-17;6;133
5;2025-12-17;7;389
5;2025-12-17;8;585
5;2025-12-17;9;354
5;2025-12-17;10;268
5;2025-12-17;11;284
5;2025-12-17;12;287
5;2025-12-17;13;327
5;2025-12-17;14;312
5;2025-12-17;15;346
5;2025-12-17;16;415
5;2025-12-17;17;482
5;2025-12-17;18;529
5;2025-12-17;19;348
5;2025-12-17;20;229
5;2025-12-17;21;145
5;2025-12-17;22;81
5;2025-12-17;23;22
5;2025-12-18;0;7
5;2025-12-18;1;1
5;2025-12-18;2;0
5;2025-12-18;3;0
5;2025-12-18;4;2
5;2025-12-18;5;18
5;2025-12-18;6;130
5;2025-12-18;7;385
5;2025-12-18;8;585
5;2025-12-18;9;352
5;2025-12-18;10;272
5;2025-12-18;11;281
5;2025-12-18;12;287
5;2025-12-18;13;324
5;2025-12-18;14;315
5;2025-12-18;15;350
5;2025-12-18;16;418
5;2025-12-18;17;485
5;2025-12-18;18;521
5;2025-12-18;19;348
5;2025-12-18;20;224
5;2025-12-18;21;144
5;2025-12-18;22;83
5;2025-12-18;23;23
5;2025-12-19;0;7
5;2025-12-19;1;1
5;2025-12-19;2;0
5;2025-12-19;3;0
5;2025-12-19;4;2
5;2025-12-19;5;17
5;2025-12-19;6;128
5;2025-12-19;7;381
5;2025-12-19;8;556
5;2025-12-19;9;344
5;2025-12-19;10;260
5;2025-12-19;11;278
5;2025-12-19;12;284
5;2025-12-19;13;324
5;2025-12-19;14;319
5;2025-12-19;15;361
5;2025-12-19;16;436
5;2025-12-19;17;479
5;2025-12-19;18;451
5;2025-12-19;19;319
5;2025-12-19;20;217
5;2025-12-19;21;143
5;2025-12-19;22;83
5;2025-12-19;23;24
5;2025-12-20;0;9
5;2025-12-20;1;1
5;2025-12-20;2;0
5;2025-12-20;3;0
5;2025-12-20;4;0
5;2025-12-20;5;6
5;2025-12-20;6;43
5;2025-12-20;7;101
5;2025-12-20;8;181
5;2025-12-20;9;194
5;2025-12-20;10;210
5;2025-12-20;11;273
5;2025-12-20;12;292
5;2025-12-20;13;348
5;2025-12-20;14;356
5;2025-12-20;15;389
5;2025-12-20;16;378
5;2025-12-20;17;334
5;2025-12-20;18;301
5;2025-12-20;19;256
5;2025-12-20;20;180
5;2025-12-20;21;136
5;2025-12-20;22;88
5;2025-12-20;23;38
5;2025-12-21;0;14
5;2025-12-21;1;1
5;2025-12-21;2;0
5;2025-12-21;3;0
5;2025-12-21;4;0
5;2025-12-21;5;5
5;2025-12-21;6;36
5;2025-12-21;7;70
5;2025-12-21;8;121
5;2025-12-21;9;151
5;2025-12-21;10;169
5;2025-12-21;11;221
5;2025-12-21;12;261
5;2025-12-21;13;320
5;2025-12-21;14;333
5;2025-12-21;15;370
5;2025-12-21;16;333
5;2025-12-21;17;307
5;2025-12-21;18;265
5;2025-12-21;19;214
5;2025-12-21;20;156
5;2025-12-21;21;121
5;2025-12-21;22;72
5;2025-12-21;23;29
5;2025-12-22;0;7
5;2025-12-22;1;1
5;2025-12-22;2;0
5;2025-12-22;3;0
5;2025-12-22;4;1
5;2025-12-22;5;17
5;2025-12-22;6;129
5;2025-12-22;7;387
5;2025-12-22;8;582
5;2025-12-22;9;351
5;2025-12-22;10;260
5;2025-12-22;11;274
5;2025-12-22;12;276
5;2025-12-22;13;316
5;2025-12-22;14;296
5;2025-12-22;15;336
5;2025-12-22;16;408
5;2025-12-22;17;474
5;2025-12-22;18;525
5;2025-12-22;19;346
5;2025-12-22;20;222
5;2025-12-22;21;138
5;2025-12-22;22;77
5;2025-12-22;23;19
5;2025-12-23;0;6
5;2025-12-23;1;1
5;2025-12-23;2;0
5;2025-12-23;3;0
5;2025-12-23;4;1
5;2025-12-23;5;18
5;2025-12-23;6;133
5;2025-12-23;7;393
5;2025-12-23;8;587
5;2025-12-23;9;358
5;2025-12-23;10;269
5;2025-12-23;11;282
5;2025-12-23;12;283
5;2025-12-23;13;319
5;2025-12-23;14;310
5;2025-12-23;15;344
5;2025-12-23;16;414
5;2025-12-23;17;480
5;2025-12-23;18;525
5;2025-12-23;19;351
5;2025-12-23;20;226
5;2025-12-23;21;140
5;2025-12-23;22;78
5;2025-12-23;23;20
5;2025-12-24;0;6
5;2025-12-24;1;1
5;2025-12-24;2;0
5;2025-12-24;3;0
5;2025-12-24;4;1
5;2025-12-24;5;18
5;2025-12-24;6;133
5;2025-12-24;7;389
5;2025-12-24;8;585
5;2025-12-24;9;354
5;2025-12-24;10;268
5;2025-12-24;11;284
5;2025-12-24;12;287
5;2025-12-24;13;327
5;2025-12-24;14;312
5;2025-12-24;15;346
5;2025-12-24;16;415
5;2025-12-24;17;482
5;2025-12-24;18;529
5;2025-12-24;19;348
5;2025-12-24;20;229
5;2025-12-24;21;145
5;2025-12-24;22;81
5;2025-12-24;23;22
5;2025-12-25;0;7
5;2025-12-25;1;1
5;2025-12-25;2;0
5;2025-12-25;3;0
5;2025-12-25;4;2
5;2025-12-25;5;18
5;2025-12-25;6;130
5;2025-12-25;7;385
5;2025-12-25;8;585
5;2025-12-25;9;352
5;2025-12-25;10;272
5;2025-12-25;11;281
5;2025-12-25;12;287
5;2025-12-25;13;324
5;2025-12-25;14;315
5;2025-12-25;15;350
5;2025-12-25;16;418
5;2025-12-25;17;485
5;2025-12-25;18;521
5;2025-12-25;19;348
5;2025-12-25;20;224
5;2025-12-25;21;144
5;2025-12-25;22;83
5;2025-12-25;23;23
5;2025-12-26;0;7
5;2025-12-26;1;1
5;2025-12-26;2;0
5;2025-12-26;3;0
5;2025-12-26;4;2
5;2025-12-26;5;17
5;2025-12-26;6;128
5;2025-12-26;7;381
5;2025-12-26;8;556
5;2025-12-26;9;344
5;2025-12-26;10;260
5;2025-12-26;11;278
5;2025-12-26;12;284
5;2025-12-26;13;324
5;2025-12-26;14;319
5;2025-12-26;15;361
5;2025-12-26;16;436
5;2025-12-26;17;479
5;2025-12-26;18;451
5;2025-12-26;19;319
5;2025-12-26;20;217
5;2025-12-26;21;143
5;2025-12-26;22;83
5;2025-12-26;23;24
5;2025-12-27;0;9
5;2025-12-27;1;1
5;2025-12-27;2;0
5;2025-12-27;3;0
5;2025-12-27;4;0
5;2025-12-27;5;6
5;2025-12-27;6;43
5;2025-12-27;7;101
5;2025-12-27;8;181
5;2025-12-27;9;194
5;2025-12-27;10;210
5;2025-12-27;11;273
5;2025-12-27;12;292
5;2025-12-27;13;348
5;2025-12-27;14;356
5;2025-12-27;15;389
5;2025-12-27;16;378
5;2025-12-27;17;334
5;2025-12-27;18;301
5;2025-12-27;19;256
5;2025-12-27;20;180
5;2025-12-27;21;136
5;2025-12-27;22;88
5;2025-12-27;23;38
5;2025-12-28;0;14
5;2025-12-28;1;1
5;2025-12-28;2;0
5;2025-12-28;3;0
5;2025-12-28;4;0
5;2025-12-28;5;5
5;2025-12-28;6;36
5;2025-12-28;7;70
5;2025-12-28;8;121
5;2025-12-28;9;151
5;2025-12-28;10;169
5;2025-12-28;11;221
5;2025-12-28;12;261
5;2025-12-28;13;320
5;2025-12-28;14;333
5;2025-12-28;15;370
5;2025-12-28;16;333
5;2025-12-28;17;307
5;2025-12-28;18;265
5;2025-12-28;19;214
5;2025-12-28;20;156
5;2025-12-28;21;121
5;2025-12-28;22;72
5;2025-12-28;23;29
5;2025-12-29;0;7
5;2025-12-29;1;1
5;2025-12-29;2;0
5;2025-12-29;3;0
5;2025-12-29;4;1
5;2025-12-29;5;15
5;2025-12-29;6;117
5;2025-12-29;7;348
5;2025-12-29;8;524
5;2025-12-29;9;316
5;2025-12-29;10;234
5;2025-12-29;11;247
5;2025-12-29;12;248
5;2025-12-29;13;285
5;2025-12-29;14;267
5;2025-12-29;15;302
5;2025-12-29;16;367
5;2025-12-29;17;427
5;2025-12-29;18;472
5;2025-12-29;19;312
5;2025-12-29;20;200
5;2025-12-29;21;124
5;2025-12-29;22;69
5;2025-12-29;23;17
5;2025-12-30;0;5
5;2025-12-30;1;0
5;2025-12-30;2;0
5;2025-12-30;3;0
5;2025-12-30;4;1
5;2025-12-30;5;16
5;2025-12-30;6;120
5;2025-12-30;7;353
5;2025-12-30;8;522
5;2025-12-30;9;322
5;2025-12-30;10;243
5;2025-12-30;11;256
5;2025-12-30;12;257
5;2025-12-30;13;290
5;2025-12-30;14;284
5;2025-12-30;15;315
5;2025-12-30;16;372
5;2025-12-30;17;424
5;2025-12-30;18;455
5;2025-12-30;19;313
5;2025-12-30;20;202
5;2025-12-30;21;125
5;2025-12-30;22;70
5;2025-12-30;23;18
5;2025-12-31;0;13
5;2025-12-31;1;2
5;2025-12-31;2;0
5;2025-12-31;3;0
5;2025-12-31;4;0
5;2025-12-31;5;6
5;2025-12-31;6;36
5;2025-12-31;7;65
5;2025-12-31;8;110
5;2025-12-31;9;132
5;2025-12-31;10;146
5;2025-12-31;11;186
5;2025-12-31;12;221
5;2025-12-31;13;274
5;2025-12-31;14;289
5;2025-12-31;15;317
5;2025-12-31;16;292
5;2025-12-31;17;276
5;2025-12-31;18;244
5;2025-12-31;19;200
5;2025-12-31;20;0
5;2025-12-31;21;0
5;2025-12-31;22;0
5;2025-12-31;23;0
7;2025-11-01;0;73
7;2025-11-01;1;20
7;2025-11-01;2;3
7;2025-11-01;3;2
7;2025-11-01;4;4
7;2025-11-01;5;176
7;2025-11-01;6;597
7;2025-11-01;7;1469
7;2025-11-01;8;2260
7;2025-11-01;9;1696
7;2025-11-01;10;1447
7;2025-11-01;11;1304
7;2025-11-01;12;1460
7;2025-11-01;13;1511
7;2025-11-01;14;1593
7;2025-11-01;15;1686
7;2025-11-01;16;1847
7;2025-11-01;17;2131
7;2025-11-01;18;1934
7;2025-11-01;19;1412
7;2025-11-01;20;875
7;2025-11-01;21;534
7;2025-11-01;22;294
7;2025-11-01;23;201
7;2025-11-02;0;103
7;2025-11-02;1;31
7;2025-11-02;2;11
7;2025-11-02;3;11
7;2025-11-02;4;12
7;2025-11-02;5;45
7;2025-11-02;6;170
7;2025-11-02;7;229
7;2025-11-02;8;397
7;2025-11-02;9;496
7;2025-11-02;10;470
7;2025-11-02;11;598
7;2025-11-02;12;702
7;2025-11-02;13;702
7;2025-11-02;14;750
7;2025-11-02;15;717
7;2025-11-02;16;683
7;2025-11-02;17;735
7;2025-11-02;18;685
7;2025-11-02;19;550
7;2025-11-02;20;482
7;2025-11-02;21;381
7;2025-11-02;22;219
7;2025-11-02;23;159
7;2025-11-03;0;103
7;2025-11-03;1;29
7;2025-11-03;2;0
7;2025-11-03;3;0
7;2025-11-03;4;0
7;2025-11-03;5;56
7;2025-11-03;6;225
7;2025-11-03;7;328
7;2025-11-03;8;510
7;2025-11-03;9;644
7;2025-11-03;10;731
7;2025-11-03;11;942
7;2025-11-03;12;1054
7;2025-11-03;13;1095
7;2025-11-03;14;1144
7;2025-11-03;15;1117
7;2025-11-03;16;1014
7;2025-11-03;17;1113
7;2025-11-03;18;958
7;2025-11-03;19;788
7;2025-11-03;20;693
7;2025-11-03;21;532
7;2025-11-03;22;304
7;2025-11-03;23;184
7;2025-11-04;0;102
7;2025-11-04;1;30
7;2025-11-04;2;0
7;2025-11-04;3;0
7;2025-11-04;4;1
7;2025-11-04;5;55
7;2025-11-04;6;229
7;2025-11-04;7;334
7;2025-11-04;8;512
7;2025-11-04;9;646
7;2025-11-04;10;735
7;2025-11-04;11;951
7;2025-11-04;12;1062
7;2025-11-04;13;1097
7;2025-11-04;14;1147
7;2025-11-04;15;1118
7;2025-11-04;16;1012
7;2025-11-04;17;1109
7;2025-11-04;18;951
7;2025-11-04;19;777
7;2025-11-04;20;683
7;2025-11-04;21;529
7;2025-11-04;22;305
7;2025-11-04;23;181
7;2025-11-05;0;55
7;2025-11-05;1;7
7;2025-11-05;2;0
7;2025-11-05;3;0
7;2025-11-05;4;1
7;2025-11-05;5;190
7;2025-11-05;6;730
7;2025-11-05;7;1642
7;2025-11-05;8;2610
7;2025-11-05;9;1934
7;2025-11-05;10;1649
7;2025-11-05;11;1474
7;2025-11-05;12;1580
7;2025-11-05;13;1559
7;2025-11-05;14;1628
7;2025-11-05;15;1759
7;2025-11-05;16;1875
7;2025-11-05;17;2427
7;2025-11-05;18;2673
7;2025-11-05;19;1776
7;2025-11-05;20;1101
7;2025-11-05;21;631
7;2025-11-05;22;311
7;2025-11-05;23;180
7;2025-11-06;0;66
7;2025-11-06;1;11
7;2025-11-06;2;0
7;2025-11-06;3;0
7;2025-11-06;4;1
7;2025-11-06;5;201
7;2025-11-06;6;740
7;2025-11-06;7;1664
7;2025-11-06;8;2575
7;2025-11-06;9;1882
7;2025-11-06;10;1612
7;2025-11-06;11;1480
7;2025-11-06;12;1575
7;2025-11-06;13;1584
7;2025-11-06;14;1664
7;2025-11-06;15;1756
7;2025-11-06;16;1882
7;2025-11-06;17;2392
7;2025-11-06;18;2700
7;2025-11-06;19;1779
7;2025-11-06;20;1120
7;2025-11-06;21;656
7;2025-11-06;22;326
7;2025-11-06;23;199
7;2025-11-07;0;67
7;2025-11-07;1;14
7;2025-11-07;2;0
7;2025-11-07;3;0
7;2025-11-07;4;2
7;2025-11-07;5;196
7;2025-11-07;6;698
7;2025-11-07;7;1644
7;2025-11-07;8;2480
7;2025-11-07;9;1878
7;2025-11-07;10;1620
7;2025-11-07;11;1480
7;2025-11-07;12;1622
7;2025-11-07;13;1669
7;2025-11-07;14;1731
7;2025-11-07;15;1833
7;2025-11-07;16;2003
7;2025-11-07;17;2356
7;2025-11-07;18;2212
7;2025-11-07;19;1620
7;2025-11-07;20;1079
7;2025-11-07;21;635
7;2025-11-07;22;343
7;2025-11-07;23;221
7;2025-11-08;0;103
7;2025-11-08;1;19
7;2025-11-08;2;0
7;2025-11-08;3;0
7;2025-11-08;4;0
7;2025-11-08;5;43
7;2025-11-08;6;232
7;2025-11-08;7;356
7;2025-11-08;8;617
7;2025-11-08;9;647
7;2025-11-08;10;638
7;2025-11-08;11;739
7;2025-11-08;12;986
7;2025-11-08;13;913
7;2025-11-08;14;1015
7;2025-11-08;15;893
7;2025-11-08;16;878
7;2025-11-08;17;811
7;2025-11-08;18;788
7;2025-11-08;19;712
7;2025-11-08;20;532
7;2025-11-08;21;442
7;2025-11-08;22;227
7;2025-11-08;23;144
7;2025-11-09;0;96
7;2025-11-09;1;17
7;2025-11-09;2;0
7;2025-11-09;3;0
7;2025-11-09;4;0
7;2025-11-09;5;26
7;2025-11-09;6;151
7;2025-11-09;7;222
7;2025-11-09;8;405
7;2025-11-09;9;519
7;2025-11-09;10;501
7;2025-11-09;11;633
7;2025-11-09;12;746
7;2025-11-09;13;745
7;2025-11-09;14;790
7;2025-11-09;15;757
7;2025-11-09;16;715
7;2025-11-09;17;767
7;2025-11-09;18;702
7;2025-11-09;19;546
7;2025-11-09;20;482
7;2025-11-09;21;371
7;2025-11-09;22;200
7;2025-11-09;23;127
7;2025-11-10;0;70
7;2025-11-10;1;13
7;2025-11-10;2;0
7;2025-11-10;3;0
7;2025-11-10;4;2
7;2025-11-10;5;197
7;2025-11-10;6;734
7;2025-11-10;7;1625
7;2025-11-10;8;2525
7;2025-11-10;9;1874
7;2025-11-10;10;1566
7;2025-11-10;11;1402
7;2025-11-10;12;1517
7;2025-11-10;13;1524
7;2025-11-10;14;1592
7;2025-11-10;15;1702
7;2025-11-10;16;1857
7;2025-11-10;17;2328
7;2025-11-10;18;2607
7;2025-11-10;19;1762
7;2025-11-10;20;1101
7;2025-11-10;21;601
7;2025-11-10;22;309
7;2025-11-10;23;177
7;2025-11-11;0;62
7;2025-11-11;1;12
7;2025-11-11;2;0
7;2025-11-11;3;0
7;2025-11-11;4;2
7;2025-11-11;5;207
7;2025-11-11;6;746
7;2025-11-11;7;1670
7;2025-11-11;8;2605
7;2025-11-11;9;1898
7;2025-11-11;10;1636
7;2025-11-11;11;1496
7;2025-11-11;12;1589
7;2025-11-11;13;1592
7;2025-11-11;14;1647
7;2025-11-11;15;1747
7;2025-11-11;16;1870
7;2025-11-11;17;2371
7;2025-11-11;18;2672
7;2025-11-11;19;1823
7;2025-11-11;20;1126
7;2025-11-11;21;649
7;2025-11-11;22;321
7;2025-11-11;23;184
7;2025-11-12;0;63
7;2025-11-12;1;10
7;2025-11-12;2;0
7;2025-11-12;3;0
7;2025-11-12;4;2
7;2025-11-12;5;207
7;2025-11-12;6;755
7;2025-11-12;7;1685
7;2025-11-12;8;2664
7;2025-11-12;9;1984
7;2025-11-12;10;1696
7;2025-11-12;11;1512
7;2025-11-12;12;1619
7;2025-11-12;13;1600
7;2025-11-12;14;1670
7;2025-11-12;15;1798
7;2025-11-12;16;1922
7;2025-11-12;17;2476
7;2025-11-12;18;2729
7;2025-11-12;19;1819
7;2025-11-12;20;1143
7;2025-11-12;21;665
7;2025-11-12;22;342
7;2025-11-12;23;203
7;2025-11-13;0;68
7;2025-11-13;1;13
7;2025-11-13;2;0
7;2025-11-13;3;0
7;2025-11-13;4;1
7;2025-11-13;5;205
7;2025-11-13;6;751
7;2025-11-13;7;1683
7;2025-11-13;8;2608
7;2025-11-13;9;1908
7;2025-11-13;10;1631
7;2025-11-13;11;1494
7;2025-11-13;12;1590
7;2025-11-13;13;1603
7;2025-11-13;14;1682
7;2025-11-13;15;1776
7;2025-11-13;16;1908
7;2025-11-13;17;2419
7;2025-11-13;18;2733
7;2025-11-13;19;1800
7;2025-11-13;20;1135
7;2025-11-13;21;665
7;2025-11-13;22;333
7;2025-11-13;23;205
7;2025-11-14;0;69
7;2025-11-14;1;14
7;2025-11-14;2;0
7;2025-11-14;3;0
7;2025-11-14;4;2
7;2025-11-14;5;200
7;2025-11-14;6;708
7;2025-11-14;7;1663
7;2025-11-14;8;2511
7;2025-11-14;9;1901
7;2025-11-14;10;1639
7;2025-11-14;11;1498
7;2025-11-14;12;1642
7;2025-11-14;13;1696
7;2025-11-14;14;1759
7;2025-11-14;15;1862
7;2025-11-14;16;2033
7;2025-11-14;17;2384
7;2025-11-14;18;2244
7;2025-11-14;19;1644
7;2025-11-14;20;1099
7;2025-11-14;21;647
7;2025-11-14;22;354
7;2025-11-14;23;231
7;2025-11-15;0;106
7;2025-11-15;1;20
7;2025-11-15;2;0
7;2025-11-15;3;0
7;2025-11-15;4;0
7;2025-11-15;5;46
7;2025-11-15;6;238
7;2025-11-15;7;368
7;2025-11-15;8;635
7;2025-11-15;9;668
7;2025-11-15;10;661
7;2025-11-15;11;768
7;2025-11-15;12;1023
7;2025-11-15;13;958
7;2025-11-15;14;1058
7;2025-11-15;15;937
7;2025-11-15;16;917
7;2025-11-15;17;844
7;2025-11-15;18;819
7;2025-11-15;19;743
7;2025-11-15;20;559
7;2025-11-15;21;463
7;2025-11-15;22;242
7;2025-11-15;23;159
7;2025-11-16;0;98
7;2025-11-16;1;18
7;2025-11-16;2;0
7;2025-11-16;3;0
7;2025-11-16;4;0
7;2025-11-16;5;28
7;2025-11-16;6;154
7;2025-11-16;7;225
7;2025-11-16;8;411
7;2025-11-16;9;527
7;2025-11-16;10;510
7;2025-11-16;11;648
7;2025-11-16;12;766
7;2025-11-16;13;769
7;2025-11-16;14;814
7;2025-11-16;15;780
7;2025-11-16;16;733
7;2025-11-16;17;784
7;2025-11-16;18;716
7;2025-11-16;19;557
7;2025-11-16;20;491
7;2025-11-16;21;378
7;2025-11-16;22;205
7;2025-11-16;23;131
7;2025-11-17;0;70
7;2025-11-17;1;13
7;2025-11-17;2;0
7;2025-11-17;3;0
7;2025-11-17;4;1
7;2025-11-17;5;199
7;2025-11-17;6;736
7;2025-11-17;7;1631
7;2025-11-17;8;2536
7;2025-11-17;9;1885
7;2025-11-17;10;1573
7;2025-11-17;11;1409
7;2025-11-17;12;1524
7;2025-11-17;13;1533
7;2025-11-17;14;1603
7;2025-11-17;15;1714
7;2025-11-17;16;1866
7;2025-11-17;17;2336
7;2025-11-17;18;2615
7;2025-11-17;19;1768
7;2025-11-17;20;1105
7;2025-11-17;21;602
7;2025-11-17;22;308
7;2025-11-17;23;177
7;2025-11-18;0;62
7;2025-11-18;1;12
7;2025-11-18;2;0
7;2025-11-18;3;0
7;2025-11-18;4;1
7;2025-11-18;5;208
7;2025-11-18;6;748
7;2025-11-18;7;1675
7;2025-11-18;8;2613
7;2025-11-18;9;1906
7;2025-11-18;10;1641
7;2025-11-18;11;1501
7;2025-11-18;12;1594
7;2025-11-18;13;1600
7;2025-11-18;14;1656
7;2025-11-18;15;1757
7;2025-11-18;16;1877
7;2025-11-18;17;2377
7;2025-11-18;18;2677
7;2025-11-18;19;1830
7;2025-11-18;20;1129
7;2025-11-18;21;649
7;2025-11-18;22;320
7;2025-11-18;23;184
7;2025-11-19;0;64
7;2025-11-19;1;12
7;2025-11-19;2;0
7;2025-11-19;3;0
7;2025-11-19;4;2
7;2025-11-19;5;211
7;2025-11-19;6;756
7;2025-11-19;7;1689
7;2025-11-19;8;2669
7;2025-11-19;9;1991
7;2025-11-19;10;1702
7;2025-11-19;11;1517
7;2025-11-19;12;1625
7;2025-11-19;13;1608
7;2025-11-19;14;1677
7;2025-11-19;15;1807
7;2025-11-19;16;1926
7;2025-11-19;17;2477
7;2025-11-19;18;2730
7;2025-11-19;19;1822
7;2025-11-19;20;1145
7;2025-11-19;21;664
7;2025-11-19;22;343
7;2025-11-19;23;203
7;2025-11-20;0;68
7;2025-11-20;1;13
7;2025-11-20;2;0
7;2025-11-20;3;0
7;2025-11-20;4;2
7;2025-11-20;5;207
7;2025-11-20;6;750
7;2025-11-20;7;1683
7;2025-11-20;8;2606
7;2025-11-20;9;1908
7;2025-11-20;10;1632
7;2025-11-20;11;1495
7;2025-11-20;12;1592
7;2025-11-20;13;1607
7;2025-11-20;14;1685
7;2025-11-20;15;1779
7;2025-11-20;16;1906
7;2025-11-20;17;2415
7;2025-11-20;18;2729
7;2025-11-20;19;1796
7;2025-11-20;20;1133
7;2025-11-20;21;662
7;2025-11-20;22;332
7;2025-11-20;23;203
7;2025-11-21;0;69
7;2025-11-21;1;14
7;2025-11-21;2;0
7;2025-11-21;3;0
7;2025-11-21;4;2
7;2025-11-21;5;202
7;2025-11-21;6;709
7;2025-11-21;7;1663
7;2025-11-21;8;2507
7;2025-11-21;9;1900
7;2025-11-21;10;1639
7;2025-11-21;11;1502
7;2025-11-21;12;1645
7;2025-11-21;13;1699
7;2025-11-21;14;1761
7;2025-11-21;15;1862
7;2025-11-21;16;2030
7;2025-11-21;17;2377
7;2025-11-21;18;2237
7;2025-11-21;19;1639
7;2025-11-21;20;1098
7;2025-11-21;21;646
7;2025-11-21;22;353
7;2025-11-21;23;229
7;2025-11-22;0;109
7;2025-11-22;1;24
7;2025-11-22;2;1
7;2025-11-22;3;1
7;2025-11-22;4;1
7;2025-11-22;5;50
7;2025-11-22;6;241
7;2025-11-22;7;372
7;2025-11-22;8;645
7;2025-11-22;9;677
7;2025-11-22;10;669
7;2025-11-22;11;780
7;2025-11-22;12;1034
7;2025-11-22;13;970
7;2025-11-22;14;1068
7;2025-11-22;15;949
7;2025-11-22;16;925
7;2025-11-22;17;851
7;2025-11-22;18;826
7;2025-11-22;19;749
7;2025-11-22;20;565
7;2025-11-22;21;469
7;2025-11-22;22;245
7;2025-11-22;23;162
7;2025-11-23;0;100
7;2025-11-23;1;21
7;2025-11-23;2;1
7;2025-11-23;3;1
7;2025-11-23;4;1
7;2025-11-23;5;31
7;2025-11-23;6;156
7;2025-11-23;7;228
7;2025-11-23;8;415
7;2025-11-23;9;530
7;2025-11-23;10;513
7;2025-11-23;11;651
7;2025-11-23;12;768
7;2025-11-23;13;772
7;2025-11-23;14;816
7;2025-11-23;15;782
7;2025-11-23;16;733
7;2025-11-23;17;783
7;2025-11-23;18;715
7;2025-11-23;19;557
7;2025-11-23;20;493
7;2025-11-23;21;375
7;2025-11-23;22;204
7;2025-11-23;23;131
7;2025-11-24;0;70
7;2025-11-24;1;13
7;2025-11-24;2;0
7;2025-11-24;3;0
7;2025-11-24;4;1
7;2025-11-24;5;199
7;2025-11-24;6;736
7;2025-11-24;7;1630
7;2025-11-24;8;2536
7;2025-11-24;9;1885
7;2025-11-24;10;1572
7;2025-11-24;11;1410
7;2025-11-24;12;1527
7;2025-11-24;13;1538
7;2025-11-24;14;1607
7;2025-11-24;15;1717
7;2025-11-24;16;1866
7;2025-11-24;17;2336
7;2025-11-24;18;2609
7;2025-11-24;19;1766
7;2025-11-24;20;1101
7;2025-11-24;21;599
7;2025-11-24;22;309
7;2025-11-24;23;177
7;2025-11-25;0;62
7;2025-11-25;1;13
7;2025-11-25;2;0
7;2025-11-25;3;0
7;2025-11-25;4;1
7;2025-11-25;5;205
7;2025-11-25;6;738
7;2025-11-25;7;1666
7;2025-11-25;8;2600
7;2025-11-25;9;1897
7;2025-11-25;10;1631
7;2025-11-25;11;1485
7;2025-11-25;12;1588
7;2025-11-25;13;1596
7;2025-11-25;14;1652
7;2025-11-25;15;1753
7;2025-11-25;16;1872
7;2025-11-25;17;2371
7;2025-11-25;18;2668
7;2025-11-25;19;1823
7;2025-11-25;20;1115
7;2025-11-25;21;645
7;2025-11-25;22;320
7;2025-11-25;23;183
7;2025-11-26;0;62
7;2025-11-26;1;11
7;2025-11-26;2;0
7;2025-11-26;3;0
7;2025-11-26;4;2
7;2025-11-26;5;202
7;2025-11-26;6;747
7;2025-11-26;7;1679
7;2025-11-26;8;2658
7;2025-11-26;9;1982
7;2025-11-26;10;1691
7;2025-11-26;11;1498
7;2025-11-26;12;1613
7;2025-11-26;13;1599
7;2025-11-26;14;1672
7;2025-11-26;15;1801
7;2025-11-26;16;1921
7;2025-11-26;17;2473
7;2025-11-26;18;2722
7;2025-11-26;19;1818
7;2025-11-26;20;1131
7;2025-11-26;21;656
7;2025-11-26;22;336
7;2025-11-26;23;196
7;2025-11-27;0;65
7;2025-11-27;1;12
7;2025-11-27;2;1
7;2025-11-27;3;1
7;2025-11-27;4;2
7;2025-11-27;5;196
7;2025-11-27;6;729
7;2025-11-27;7;1652
7;2025-11-27;8;2574
7;2025-11-27;9;1877
7;2025-11-27;10;1598
7;2025-11-27;11;1454
7;2025-11-27;12;1560
7;2025-11-27;13;1575
7;2025-11-27;14;1654
7;2025-11-27;15;1750
7;2025-11-27;16;1878
7;2025-11-27;17;2385
7;2025-11-27;18;2698
7;2025-11-27;19;1766
7;2025-11-27;20;1097
7;2025-11-27;21;641
7;2025-11-27;22;318
7;2025-11-27;23;191
7;2025-11-28;0;62
7;2025-11-28;1;11
7;2025-11-28;2;0
7;2025-11-28;3;0
7;2025-11-28;4;1
7;2025-11-28;5;184
7;2025-11-28;6;674
7;2025-11-28;7;1613
7;2025-11-28;8;2447
7;2025-11-28;9;1851
7;2025-11-28;10;1589
7;2025-11-28;11;1440
7;2025-11-28;12;1588
7;2025-11-28;13;1638
7;2025-11-28;14;1700
7;2025-11-28;15;1803
7;2025-11-28;16;1976
7;2025-11-28;17;2325
7;2025-11-28;18;2174
7;2025-11-28;19;1587
7;2025-11-28;20;1041
7;2025-11-28;21;609
7;2025-11-28;22;325
7;2025-11-28;23;203
7;2025-11-29;0;100
7;2025-11-29;1;20
7;2025-11-29;2;0
7;2025-11-29;3;0
7;2025-11-29;4;0
7;2025-11-29;5;44
7;2025-11-29;6;227
7;2025-11-29;7;354
7;2025-11-29;8;610
7;2025-11-29;9;639
7;2025-11-29;10;631
7;2025-11-29;11;731
7;2025-11-29;12;977
7;2025-11-29;13;912
7;2025-11-29;14;1009
7;2025-11-29;15;891
7;2025-11-29;16;875
7;2025-11-29;17;802
7;2025-11-29;18;782
7;2025-11-29;19;707
7;2025-11-29;20;524
7;2025-11-29;21;433
7;2025-11-29;22;223
7;2025-11-29;23;140
7;2025-11-30;0;95
7;2025-11-30;1;19
7;2025-11-30;2;0
7;2025-11-30;3;0
7;2025-11-30;4;0
7;2025-11-30;5;29
7;2025-11-30;6;149
7;2025-11-30;7;220
7;2025-11-30;8;402
7;2025-11-30;9;514
7;2025-11-30;10;496
7;2025-11-30;11;623
7;2025-11-30;12;739
7;2025-11-30;13;738
7;2025-11-30;14;779
7;2025-11-30;15;748
7;2025-11-30;16;706
7;2025-11-30;17;756
7;2025-11-30;18;692
7;2025-11-30;19;539
7;2025-11-30;20;475
7;2025-11-30;21;357
7;2025-11-30;22;191
7;2025-11-30;23;121
7;2025-12-01;0;71
7;2025-12-01;1;14
7;2025-12-01;2;0
7;2025-12-01;3;0
7;2025-12-01;4;3
7;2025-12-01;5;200
7;2025-12-01;6;741
7;2025-12-01;7;1645
7;2025-12-01;8;2558
7;2025-12-01;9;1900
7;2025-12-01;10;1585
7;2025-12-01;11;1417
7;2025-12-01;12;1540
7;2025-12-01;13;1551
7;2025-12-01;14;1621
7;2025-12-01;15;1732
7;2025-12-01;16;1882
7;2025-12-01;17;2355
7;2025-12-01;18;2631
7;2025-12-01;19;1784
7;2025-12-01;20;1107
7;2025-12-01;21;604
7;2025-12-01;22;313
7;2025-12-01;23;180
7;2025-12-02;0;63
7;2025-12-02;1;13
7;2025-12-02;2;0
7;2025-12-02;3;0
7;2025-12-02;4;1
7;2025-12-02;5;206
7;2025-12-02;6;745
7;2025-12-02;7;1681
7;2025-12-02;8;2623
7;2025-12-02;9;1914
7;2025-12-02;10;1646
7;2025-12-02;11;1498
7;2025-12-02;12;1602
7;2025-12-02;13;1611
7;2025-12-02;14;1667
7;2025-12-02;15;1769
7;2025-12-02;16;1889
7;2025-12-02;17;2393
7;2025-12-02;18;2692
7;2025-12-02;19;1839
7;2025-12-02;20;1125
7;2025-12-02;21;650
7;2025-12-02;22;323
7;2025-12-02;23;185
7;2025-12-03;0;63
7;2025-12-03;1;11
7;2025-12-03;2;0
7;2025-12-03;3;0
7;2025-12-03;4;2
7;2025-12-03;5;203
7;2025-12-03;6;754
7;2025-12-03;7;1695
7;2025-12-03;8;2682
7;2025-12-03;9;2000
7;2025-12-03;10;1707
7;2025-12-03;11;1511
7;2025-12-03;12;1628
7;2025-12-03;13;1614
7;2025-12-03;14;1687
7;2025-12-03;15;1817
7;2025-12-03;16;1938
7;2025-12-03;17;2496
7;2025-12-03;18;2747
7;2025-12-03;19;1834
7;2025-12-03;20;1141
7;2025-12-03;21;662
7;2025-12-03;22;339
7;2025-12-03;23;198
7;2025-12-04;0;66
7;2025-12-04;1;12
7;2025-12-04;2;1
7;2025-12-04;3;1
7;2025-12-04;4;2
7;2025-12-04;5;198
7;2025-12-04;6;735
7;2025-12-04;7;1667
7;2025-12-04;8;2597
7;2025-12-04;9;1894
7;2025-12-04;10;1613
7;2025-12-04;11;1467
7;2025-12-04;12;1574
7;2025-12-04;13;1589
7;2025-12-04;14;1669
7;2025-12-04;15;1766
7;2025-12-04;16;1895
7;2025-12-04;17;2407
7;2025-12-04;18;2722
7;2025-12-04;19;1783
7;2025-12-04;20;1107
7;2025-12-04;21;646
7;2025-12-04;22;321
7;2025-12-04;23;193
7;2025-12-05;0;63
7;2025-12-05;1;11
7;2025-12-05;2;0
7;2025-12-05;3;0
7;2025-12-05;4;1
7;2025-12-05;5;186
7;2025-12-05;6;680
7;2025-12-05;7;1628
7;2025-12-05;8;2469
7;2025-12-05;9;1868
7;2025-12-05;10;1603
7;2025-12-05;11;1453
7;2025-12-05;12;1602
7;2025-12-05;13;1653
7;2025-12-05;14;1716
7;2025-12-05;15;1819
7;2025-12-05;16;1994
7;2025-12-05;17;2346
7;2025-12-05;18;2194
7;2025-12-05;19;1601
7;2025-12-05;20;1050
7;2025-12-05;21;614
7;2025-12-05;22;328
7;2025-12-05;23;204
7;2025-12-06;0;99
7;2025-12-06;1;22
7;2025-12-06;2;0
7;2025-12-06;3;0
7;2025-12-06;4;0
7;2025-12-06;5;52
7;2025-12-06;6;304
7;2025-12-06;7;499
7;2025-12-06;8;803
7;2025-12-06;9;965
7;2025-12-06;10;1029
7;2025-12-06;11;1224
7;2025-12-06;12;1427
7;2025-12-06;13;1394
7;2025-12-06;14;1513
7;2025-12-06;15;1362
7;2025-12-06;16;1307
7;2025-12-06;17;1230
7;2025-12-06;18;1165
7;2025-12-06;19;1108
7;2025-12-06;20;833
7;2025-12-06;21;684
7;2025-12-06;22;351
7;2025-12-06;23;214
7;2025-12-07;0;106
7;2025-12-07;1;22
7;2025-12-07;2;0
7;2025-12-07;3;0
7;2025-12-07;4;0
7;2025-12-07;5;38
7;2025-12-07;6;219
7;2025-12-07;7;336
7;2025-12-07;8;540
7;2025-12-07;9;693
7;2025-12-07;10;799
7;2025-12-07;11;1032
7;2025-12-07;12;1168
7;2025-12-07;13;1213
7;2025-12-07;14;1266
7;2025-12-07;15;1235
7;2025-12-07;16;1107
7;2025-12-07;17;1206
7;2025-12-07;18;1010
7;2025-12-07;19;812
7;2025-12-07;20;721
7;2025-12-07;21;547
7;2025-12-07;22;310
7;2025-12-07;23;173
7;2025-12-08;0;71
7;2025-12-08;1;14
7;2025-12-08;2;0
7;2025-12-08;3;0
7;2025-12-08;4;3
7;2025-12-08;5;200
7;2025-12-08;6;741
7;2025-12-08;7;1645
7;2025-12-08;8;2558
7;2025-12-08;9;1900
7;2025-12-08;10;1585
7;2025-12-08;11;1417
7;2025-12-08;12;1540
7;2025-12-08;13;1551
7;2025-12-08;14;1621
7;2025-12-08;15;1732
7;2025-12-08;16;1882
7;2025-12-08;17;2355
7;2025-12-08;18;2631
7;2025-12-08;19;1784
7;2025-12-08;20;1107
7;2025-12-08;21;604
7;2025-12-08;22;313
7;2025-12-08;23;180
7;2025-12-09;0;63
7;2025-12-09;1;13
7;2025-12-09;2;0
7;2025-12-09;3;0
7;2025-12-09;4;1
7;2025-12-09;5;206
7;2025-12-09;6;745
7;2025-12-09;7;1681
7;2025-12-09;8;2623
7;2025-12-09;9;1914
7;2025-12-09;10;1646
7;2025-12-09;11;1498
7;2025-12-09;12;1602
7;2025-12-09;13;1611
7;2025-12-09;14;1667
7;2025-12-09;15;1769
7;2025-12-09;16;1889
7;2025-12-09;17;2393
7;2025-12-09;18;2692
7;2025-12-09;19;1839
7;2025-12-09;20;1125
7;2025-12-09;21;650
7;2025-12-09;22;323
7;2025-12-09;23;185
7;2025-12-10;0;63
7;2025-12-10;1;11
7;2025-12-10;2;0
7;2025-12-10;3;0
7;2025-12-10;4;2
7;2025-12-10;5;203
7;2025-12-10;6;754
7;2025-12-10;7;1695
7;2025-12-10;8;2682
7;2025-12-10;9;2000
7;2025-12-10;10;1707
7;2025-12-10;11;1511
7;2025-12-10;12;1628
7;2025-12-10;13;1614
7;2025-12-10;14;1687
7;2025-12-10;15;1817
7;2025-12-10;16;1938
7;2025-12-10;17;2496
7;2025-12-10;18;2747
7;2025-12-10;19;1834
7;2025-12-10;20;1141
7;2025-12-10;21;662
7;2025-12-10;22;339
7;2025-12-10;23;198
7;2025-12-11;0;66
7;2025-12-11;1;12
7;2025-12-11;2;1
7;2025-12-11;3;1
7;2025-12-11;4;2
7;2025-12-11;5;198
7;2025-12-11;6;735
7;2025-12-11;7;1667
7;2025-12-11;8;2597
7;2025-12-11;9;1894
7;2025-12-11;10;1613
7;2025-12-11;11;1467
7;2025-12-11;12;1574
7;2025-12-11;13;1589
7;2025-12-11;14;1669
7;2025-12-11;15;1766
7;2025-12-11;16;1895
7;2025-12-11;17;2407
7;2025-12-11;18;2722
7;2025-12-11;19;1783
7;2025-12-11;20;1107
7;2025-12-11;21;646
7;2025-12-11;22;321
7;2025-12-11;23;193
7;2025-12-12;0;63
7;2025-12-12;1;11
7;2025-12-12;2;0
7;2025-12-12;3;0
7;2025-12-12;4;1
7;2025-12-12;5;186
7;2025-12-12;6;680
7;2025-12-12;7;1628
7;2025-12-12;8;2469
7;2025-12-12;9;1868
7;2025-12-12;10;1603
7;2025-12-12;11;1453
7;2025-12-12;12;1602
7;2025-12-12;13;1653
7;2025-12-12;14;1716
7;2025-12-12;15;1819
7;2025-12-12;16;1994
7;2025-12-12;17;2346
7;2025-12-12;18;2194
7;2025-12-12;19;1601
7;2025-12-12;20;1050
7;2025-12-12;21;614
7;2025-12-12;22;328
7;2025-12-12;23;204
7;2025-12-13;0;99
7;2025-12-13;1;22
7;2025-12-13;2;0
7;2025-12-13;3;0
7;2025-12-13;4;0
7;2025-12-13;5;52
7;2025-12-13;6;304
7;2025-12-13;7;499
7;2025-12-13;8;803
7;2025-12-13;9;965
7;2025-12-13;10;1029
7;2025-12-13;11;1224
7;2025-12-13;12;1427
7;2025-12-13;13;1394
7;2025-12-13;14;1513
7;2025-12-13;15;1362
7;2025-12-13;16;1307
7;2025-12-13;17;1230
7;2025-12-13;18;1165
7;2025-12-13;19;1108
7;2025-12-13;20;833
7;2025-12-13;21;684
7;2025-12-13;22;351
7;2025-12-13;23;214
7;2025-12-14;0;106
7;2025-12-14;1;22
7;2025-12-14;2;0
7;2025-12-14;3;0
7;2025-12-14;4;0
7;2025-12-14;5;38
7;2025-12-14;6;219
7;2025-12-14;7;336
7;2025-12-14;8;540
7;2025-12-14;9;693
7;2025-12-14;10;799
7;2025-12-14;11;1032
7;2025-12-14;12;1168
7;2025-12-14;13;1213
7;2025-12-14;14;1266
7;2025-12-14;15;1235
7;2025-12-14;16;1107
7;2025-12-14;17;1206
7;2025-12-14;18;1010
7;2025-12-14;19;812
7;2025-12-14;20;721
7;2025-12-14;21;547
7;2025-12-14;22;310
7;2025-12-14;23;173
7;2025-12-15;0;71
7;2025-12-15;1;14
7;2025-12-15;2;0
7;2025-12-15;3;0
7;2025-12-15;4;3
7;2025-12-15;5;200
7;2025-12-15;6;741
7;2025-12-15;7;1645
7;2025-12-15;8;2558
7;2025-12-15;9;1900
7;2025-12-15;10;1585
7;2025-12-15;11;1417
7;2025-12-15;12;1540
7;2025-12-15;13;1551
7;2025-12-15;14;1621
7;2025-12-15;15;1732
7;2025-12-15;16;1882
7;2025-12-15;17;2355
7;2025-12-15;18;2631
7;2025-12-15;19;1784
7;2025-12-15;20;1107
7;2025-12-15;21;604
7;2025-12-15;22;313
7;2025-12-15;23;180
7;2025-12-16;0;63
7;2025-12-16;1;13
7;2025-12-16;2;0
7;2025-12-16;3;0
7;2025-12-16;4;1
7;2025-12-16;5;206
7;2025-12-16;6;745
7;2025-12-16;7;1681
7;2025-12-16;8;2623
7;2025-12-16;9;1914
7;2025-12-16;10;1646
7;2025-12-16;11;1498
7;2025-12-16;12;1602
7;2025-12-16;13;1611
7;2025-12-16;14;1667
7;2025-12-16;15;1769
7;2025-12-16;16;1889
7;2025-12-16;17;2393
7;2025-12-16;18;2692
7;2025-12-16;19;1839
7;2025-12-16;20;1125
7;2025-12-16;21;650
7;2025-12-16;22;323
7;2025-12-16;23;185
7;2025-12-17;0;63
7;2025-12-17;1;11
7;2025-12-17;2;0
7;2025-12-17;3;0
7;2025-12-17;4;2
7;2025-12-17;5;203
7;2025-12-17;6;754
7;2025-12-17;7;1695
7;2025-12-17;8;2682
7;2025-12-17;9;2000
7;2025-12-17;10;1707
7;2025-12-17;11;1511
7;2025-12-17;12;1628
7;2025-12-17;13;1614
7;2025-12-17;14;1687
7;2025-12-17;15;1817
7;2025-12-17;16;1938
7;2025-12-17;17;2496
7;2025-12-17;18;2747
7;2025-12-17;19;1834
7;2025-12-17;20;1141
7;2025-12-17;21;662
7;2025-12-17;22;339
7;2025-12-17;23;198
7;2025-12-18;0;66
7;2025-12-18;1;12
7;2025-12-18;2;1
7;2025-12-18;3;1
7;2025-12-18;4;2
7;2025-12-18;5;198
7;2025-12-18;6;735
7;2025-12-18;7;1667
7;2025-12-18;8;2597
7;2025-12-18;9;1894
7;2025-12-18;10;1613
7;2025-12-18;11;1467
7;2025-12-18;12;1574
7;2025-12-18;13;1589
7;2025-12-18;14;1669
7;2025-12-18;15;1766
7;2025-12-18;16;1895
7;2025-12-18;17;2407
7;2025-12-18;18;2722
7;2025-12-18;19;1783
7;2025-12-18;20;1107
7;2025-12-18;21;646
7;2025-12-18;22;321
7;2025-12-18;23;193
7;2025-12-19;0;63
7;2025-12-19;1;11
7;2025-12-19;2;0
7;2025-12-19;3;0
7;2025-12-19;4;1
7;2025-12-19;5;186
7;2025-12-19;6;680
7;2025-12-19;7;1628
7;2025-12-19;8;2469
7;2025-12-19;9;1868
7;2025-12-19;10;1603
7;2025-12-19;11;1453
7;2025-12-19;12;1602
7;2025-12-19;13;1653
7;2025-12-19;14;1716
7;2025-12-19;15;1819
7;2025-12-19;16;1994
7;2025-12-19;17;2346
7;2025-12-19;18;2194
7;2025-12-19;19;1601
7;2025-12-19;20;1050
7;2025-12-19;21;614
7;2025-12-19;22;328
7;2025-12-19;23;204
7;2025-12-20;0;99
7;2025-12-20;1;22
7;2025-12-20;2;0
7;2025-12-20;3;0
7;2025-12-20;4;0
7;2025-12-20;5;52
7;2025-12-20;6;304
7;2025-12-20;7;499
7;2025-12-20;8;803
7;2025-12-20;9;965
7;2025-12-20;10;1029
7;2025-12-20;11;1224
7;2025-12-20;12;1427
7;2025-12-20;13;1394
7;2025-12-20;14;1513
7;2025-12-20;15;1362
7;2025-12-20;16;1307
7;2025-12-20;17;1230
7;2025-12-20;18;1165
7;2025-12-20;19;1108
7;2025-12-20;20;833
7;2025-12-20;21;684
7;2025-12-20;22;351
7;2025-12-20;23;214
7;2025-12-21;0;106
7;2025-12-21;1;22
7;2025-12-21;2;0
7;2025-12-21;3;0
7;2025-12-21;4;0
7;2025-12-21;5;38
7;2025-12-21;6;219
7;2025-12-21;7;336
7;2025-12-21;8;540
7;2025-12-21;9;693
7;2025-12-21;10;799
7;2025-12-21;11;1032
7;2025-12-21;12;1168
7;2025-12-21;13;1213
7;2025-12-21;14;1266
7;2025-12-21;15;1235
7;2025-12-21;16;1107
7;2025-12-21;17;1206
7;2025-12-21;18;1010
7;2025-12-21;19;812
7;2025-12-21;20;721
7;2025-12-21;21;547
7;2025-12-21;22;310
7;2025-12-21;23;173
7;2025-12-22;0;71
7;2025-12-22;1;14
7;2025-12-22;2;0
7;2025-12-22;3;0
7;2025-12-22;4;3
7;2025-12-22;5;200
7;2025-12-22;6;741
7;2025-12-22;7;1645
7;2025-12-22;8;2558
7;2025-12-22;9;1900
7;2025-12-22;10;1585
7;2025-12-22;11;1417
7;2025-12-22;12;1540
7;2025-12-22;13;1551
7;2025-12-22;14;1621
7;2025-12-22;15;1732
7;2025-12-22;16;1882
7;2025-12-22;17;2355
7;2025-12-22;18;2631
7;2025-12-22;19;1784
7;2025-12-22;20;1107
7;2025-12-22;21;604
7;2025-12-22;22;313
7;2025-12-22;23;180
7;2025-12-23;0;63
7;2025-12-23;1;13
7;2025-12-23;2;0
7;2025-12-23;3;0
7;2025-12-23;4;1
7;2025-12-23;5;206
7;2025-12-23;6;745
7;2025-12-23;7;1681
7;2025-12-23;8;2623
7;2025-12-23;9;1914
7;2025-12-23;10;1646
7;2025-12-23;11;1498
7;2025-12-23;12;1602
7;2025-12-23;13;1611
7;2025-12-23;14;1667
7;2025-12-23;15;1769
7;2025-12-23;16;1889
7;2025-12-23;17;2393
7;2025-12-23;18;2692
7;2025-12-23;19;1839
7;2025-12-23;20;1125
7;2025-12-23;21;650
7;2025-12-23;22;323
7;2025-12-23;23;185
7;2025-12-24;0;63
7;2025-12-24;1;11
7;2025-12-24;2;0
7;2025-12-24;3;0
7;2025-12-24;4;2
7;2025-12-24;5;203
7;2025-12-24;6;754
7;2025-12-24;7;1695
7;2025-12-24;8;2682
7;2025-12-24;9;2000
7;2025-12-24;10;1707
7;2025-12-24;11;1511
7;2025-12-24;12;1628
7;2025-12-24;13;1614
7;2025-12-24;14;1687
7;2025-12-24;15;1817
7;2025-12-24;16;1938
7;2025-12-24;17;2496
7;2025-12-24;18;2747
7;2025-12-24;19;1834
7;2025-12-24;20;1141
7;2025-12-24;21;662
7;2025-12-24;22;339
7;2025-12-24;23;198
7;2025-12-25;0;66
7;2025-12-25;1;12
7;2025-12-25;2;1
7;2025-12-25;3;1
7;2025-12-25;4;2
7;2025-12-25;5;198
7;2025-12-25;6;735
7;2025-12-25;7;1667
7;2025-12-25;8;2597
7;2025-12-25;9;1894
7;2025-12-25;10;1613
7;2025-12-25;11;1467
7;2025-12-25;12;1574
7;2025-12-25;13;1589
7;2025-12-25;14;1669
7;2025-12-25;15;1766
7;2025-12-25;16;1895
7;2025-12-25;17;2407
7;2025-12-25;18;2722
7;2025-12-25;19;1783
7;2025-12-25;20;1107
7;2025-12-25;21;646
7;2025-12-25;22;321
7;2025-12-25;23;193
7;2025-12-26;0;63
7;2025-12-26;1;11
7;2025-12-26;2;0
7;2025-12-26;3;0
7;2025-12-26;4;1
7;2025-12-26;5;186
7;2025-12-26;6;680
7;2025-12-26;7;1628
7;2025-12-26;8;2469
7;2025-12-26;9;1868
7;2025-12-26;10;1603
7;2025-12-26;11;1453
7;2025-12-26;12;1602
7;2025-12-26;13;1653
7;2025-12-26;14;1716
7;2025-12-26;15;1819
7;2025-12-26;16;1994
7;2025-12-26;17;2346
7;2025-12-26;18;2194
7;2025-12-26;19;1601
7;2025-12-26;20;1050
7;2025-12-26;21;614
7;2025-12-26;22;328
7;2025-12-26;23;204
7;2025-12-27;0;99
7;2025-12-27;1;22
7;2025-12-27;2;0
7;2025-12-27;3;0
7;2025-12-27;4;0
7;2025-12-27;5;52
7;2025-12-27;6;304
7;2025-12-27;7;499
7;2025-12-27;8;803
7;2025-12-27;9;965
7;2025-12-27;10;1029
7;2025-12-27;11;1224
7;2025-12-27;12;1427
7;2025-12-27;13;1394
7;2025-12-27;14;1513
7;2025-12-27;15;1362
7;2025-12-27;16;1307
7;2025-12-27;17;1230
7;2025-12-27;18;1165
7;2025-12-27;19;1108
7;2025-12-27;20;833
7;2025-12-27;21;684
7;2025-12-27;22;351
7;2025-12-27;23;214
7;2025-12-28;0;106
7;2025-12-28;1;22
7;2025-12-28;2;0
7;2025-12-28;3;0
7;2025-12-28;4;0
7;2025-12-28;5;38
7;2025-12-28;6;219
7;2025-12-28;7;336
7;2025-12-28;8;540
7;2025-12-28;9;693
7;2025-12-28;10;799
7;2025-12-28;11;1032
7;2025-12-28;12;1168
7;2025-12-28;13;1213
7;2025-12-28;14;1266
7;2025-12-28;15;1235
7;2025-12-28;16;1107
7;2025-12-28;17;1206
7;2025-12-28;18;1010
7;2025-12-28;19;812
7;2025-12-28;20;721
7;2025-12-28;21;547
7;2025-12-28;22;310
7;2025-12-28;23;173
7;2025-12-29;0;64
7;2025-12-29;1;12
7;2025-12-29;2;0
7;2025-12-29;3;0
7;2025-12-29;4;3
7;2025-12-29;5;180
7;2025-12-29;6;668
7;2025-12-29;7;1484
7;2025-12-29;8;2307
7;2025-12-29;9;1714
7;2025-12-29;10;1430
7;2025-12-29;11;1279
7;2025-12-29;12;1390
7;2025-12-29;13;1399
7;2025-12-29;14;1462
7;2025-12-29;15;1562
7;2025-12-29;16;1698
7;2025-12-29;17;2125
7;2025-12-29;18;2374
7;2025-12-29;19;1609
7;2025-12-29;20;999
7;2025-12-29;21;545
7;2025-12-29;22;283
7;2025-12-29;23;162
7;2025-12-30;0;57
7;2025-12-30;1;11
7;2025-12-30;2;0
7;2025-12-30;3;0
7;2025-12-30;4;1
7;2025-12-30;5;186
7;2025-12-30;6;673
7;2025-12-30;7;1520
7;2025-12-30;8;2331
7;2025-12-30;9;1729
7;2025-12-30;10;1493
7;2025-12-30;11;1364
7;2025-12-30;12;1459
7;2025-12-30;13;1468
7;2025-12-30;14;1532
7;2025-12-30;15;1621
7;2025-12-30;16;1720
7;2025-12-30;17;2119
7;2025-12-30;18;2335
7;2025-12-30;19;1640
7;2025-12-30;20;1007
7;2025-12-30;21;581
7;2025-12-30;22;290
7;2025-12-30;23;166
7;2025-12-31;0;88
7;2025-12-31;1;22
7;2025-12-31;2;3
7;2025-12-31;3;2
7;2025-12-31;4;4
7;2025-12-31;5;45
7;2025-12-31;6;221
7;2025-12-31;7;313
7;2025-12-31;8;496
7;2025-12-31;9;611
7;2025-12-31;10;687
7;2025-12-31;11;857
7;2025-12-31;12;961
7;2025-12-31;13;1007
7;2025-12-31;14;1056
7;2025-12-31;15;1030
7;2025-12-31;16;961
7;2025-12-31;17;1043
7;2025-12-31;18;909
7;2025-12-31;19;773
7;2025-12-31;20;0
7;2025-12-31;21;0
7;2025-12-31;22;0
7;2025-12-31;23;0
11;2025-11-01;0;67
11;2025-11-01;1;1
11;2025-11-01;2;0
11;2025-11-01;3;0
11;2025-11-01;4;1
11;2025-11-01;5;255
11;2025-11-01;6;1162
11;2025-11-01;7;2126
11;2025-11-01;8;2733
11;2025-11-01;9;2181
11;2025-11-01;10;1686
11;2025-11-01;11;1707
11;2025-11-01;12;1719
11;2025-11-01;13;1886
11;2025-11-01;14;1915
11;2025-11-01;15;2053
11;2025-11-01;16;2252
11;2025-11-01;17;2614
11;2025-11-01;18;2311
11;2025-11-01;19;1893
11;2025-11-01;20;1298
11;2025-11-01;21;775
11;2025-11-01;22;420
11;2025-11-01;23;248
11;2025-11-02;0;103
11;2025-11-02;1;14
11;2025-11-02;2;5
11;2025-11-02;3;5
11;2025-11-02;4;6
11;2025-11-02;5;121
11;2025-11-02;6;460
11;2025-11-02;7;479
11;2025-11-02;8;612
11;2025-11-02;9;825
11;2025-11-02;10;925
11;2025-11-02;11;1323
11;2025-11-02;12;1498
11;2025-11-02;13;1408
11;2025-11-02;14;1494
11;2025-11-02;15;1560
11;2025-11-02;16;1457
11;2025-11-02;17;1556
11;2025-11-02;18;1276
11;2025-11-02;19;1038
11;2025-11-02;20;826
11;2025-11-02;21;621
11;2025-11-02;22;359
11;2025-11-02;23;259
11;2025-11-03;0;99
11;2025-11-03;1;13
11;2025-11-03;2;2
11;2025-11-03;3;2
11;2025-11-03;4;4
11;2025-11-03;5;128
11;2025-11-03;6;461
11;2025-11-03;7;477
11;2025-11-03;8;600
11;2025-11-03;9;793
11;2025-11-03;10;890
11;2025-11-03;11;1276
11;2025-11-03;12;1434
11;2025-11-03;13;1347
11;2025-11-03;14;1436
11;2025-11-03;15;1493
11;2025-11-03;16;1393
11;2025-11-03;17;1495
11;2025-11-03;18;1243
11;2025-11-03;19;1010
11;2025-11-03;20;799
11;2025-11-03;21;601
11;2025-11-03;22;339
11;2025-11-03;23;233
11;2025-11-04;0;102
11;2025-11-04;1;17
11;2025-11-04;2;5
11;2025-11-04;3;5
11;2025-11-04;4;5
11;2025-11-04;5;127
11;2025-11-04;6;455
11;2025-11-04;7;473
11;2025-11-04;8;603
11;2025-11-04;9;794
11;2025-11-04;10;892
11;2025-11-04;11;1294
11;2025-11-04;12;1453
11;2025-11-04;13;1360
11;2025-11-04;14;1448
11;2025-11-04;15;1504
11;2025-11-04;16;1403
11;2025-11-04;17;1502
11;2025-11-04;18;1235
11;2025-11-04;19;992
11;2025-11-04;20;780
11;2025-11-04;21;589
11;2025-11-04;22;334
11;2025-11-04;23;230
11;2025-11-05;0;59
11;2025-11-05;1;0
11;2025-11-05;2;0
11;2025-11-05;3;0
11;2025-11-05;4;1
11;2025-11-05;5;272
11;2025-11-05;6;1247
11;2025-11-05;7;2350
11;2025-11-05;8;3156
11;2025-11-05;9;2388
11;2025-11-05;10;1817
11;2025-11-05;11;1808
11;2025-11-05;12;1811
11;2025-11-05;13;1959
11;2025-11-05;14;1916
11;2025-11-05;15;2031
11;2025-11-05;16;2212
11;2025-11-05;17;2817
11;2025-11-05;18;3046
11;2025-11-05;19;2297
11;2025-11-05;20;1451
11;2025-11-05;21;837
11;2025-11-05;22;404
11;2025-11-05;23;211
11;2025-11-06;0;69
11;2025-11-06;1;1
11;2025-11-06;2;0
11;2025-11-06;3;0
11;2025-11-06;4;1
11;2025-11-06;5;288
11;2025-11-06;6;1285
11;2025-11-06;7;2392
11;2025-11-06;8;3157
11;2025-11-06;9;2490
11;2025-11-06;10;1897
11;2025-11-06;11;1826
11;2025-11-06;12;1865
11;2025-11-06;13;2049
11;2025-11-06;14;2006
11;2025-11-06;15;2118
11;2025-11-06;16;2320
11;2025-11-06;17;2910
11;2025-11-06;18;3124
11;2025-11-06;19;2327
11;2025-11-06;20;1496
11;2025-11-06;21;908
11;2025-11-06;22;452
11;2025-11-06;23;240
11;2025-11-07;0;75
11;2025-11-07;1;1
11;2025-11-07;2;0
11;2025-11-07;3;0
11;2025-11-07;4;2
11;2025-11-07;5;286
11;2025-11-07;6;1280
11;2025-11-07;7;2356
11;2025-11-07;8;3078
11;2025-11-07;9;2425
11;2025-11-07;10;1854
11;2025-11-07;11;1855
11;2025-11-07;12;1857
11;2025-11-07;13;2030
11;2025-11-07;14;2047
11;2025-11-07;15;2197
11;2025-11-07;16;2444
11;2025-11-07;17;2940
11;2025-11-07;18;2658
11;2025-11-07;19;2139
11;2025-11-07;20;1463
11;2025-11-07;21;869
11;2025-11-07;22;461
11;2025-11-07;23;273
11;2025-11-08;0;102
11;2025-11-08;1;3
11;2025-11-08;2;1
11;2025-11-08;3;0
11;2025-11-08;4;3
11;2025-11-08;5;181
11;2025-11-08;6;773
11;2025-11-08;7;693
11;2025-11-08;8;985
11;2025-11-08;9;1148
11;2025-11-08;10;1249
11;2025-11-08;11;1655
11;2025-11-08;12;1884
11;2025-11-08;13;1769
11;2025-11-08;14;1823
11;2025-11-08;15;1800
11;2025-11-08;16;1848
11;2025-11-08;17;1824
11;2025-11-08;18;1595
11;2025-11-08;19;1521
11;2025-11-08;20;1105
11;2025-11-08;21;770
11;2025-11-08;22;441
11;2025-11-08;23;290
11;2025-11-09;0;110
11;2025-11-09;1;9
11;2025-11-09;2;0
11;2025-11-09;3;0
11;2025-11-09;4;2
11;2025-11-09;5;118
11;2025-11-09;6;491
11;2025-11-09;7;517
11;2025-11-09;8;666
11;2025-11-09;9;915
11;2025-11-09;10;1026
11;2025-11-09;11;1462
11;2025-11-09;12;1643
11;2025-11-09;13;1552
11;2025-11-09;14;1637
11;2025-11-09;15;1706
11;2025-11-09;16;1599
11;2025-11-09;17;1689
11;2025-11-09;18;1367
11;2025-11-09;19;1086
11;2025-11-09;20;862
11;2025-11-09;21;650
11;2025-11-09;22;371
11;2025-11-09;23;256
11;2025-11-10;0;73
11;2025-11-10;1;5
11;2025-11-10;2;0
11;2025-11-10;3;0
11;2025-11-10;4;2
11;2025-11-10;5;282
11;2025-11-10;6;1290
11;2025-11-10;7;2354
11;2025-11-10;8;3142
11;2025-11-10;9;2422
11;2025-11-10;10;1795
11;2025-11-10;11;1785
11;2025-11-10;12;1756
11;2025-11-10;13;1928
11;2025-11-10;14;1899
11;2025-11-10;15;2033
11;2025-11-10;16;2257
11;2025-11-10;17;2861
11;2025-11-10;18;3096
11;2025-11-10;19;2307
11;2025-11-10;20;1486
11;2025-11-10;21;849
11;2025-11-10;22;424
11;2025-11-10;23;207
11;2025-11-11;0;68
11;2025-11-11;1;1
11;2025-11-11;2;0
11;2025-11-11;3;0
11;2025-11-11;4;1
11;2025-11-11;5;284
11;2025-11-11;6;1310
11;2025-11-11;7;2402
11;2025-11-11;8;3210
11;2025-11-11;9;2470
11;2025-11-11;10;1875
11;2025-11-11;11;1841
11;2025-11-11;12;1837
11;2025-11-11;13;2020
11;2025-11-11;14;2014
11;2025-11-11;15;2109
11;2025-11-11;16;2309
11;2025-11-11;17;2878
11;2025-11-11;18;3127
11;2025-11-11;19;2318
11;2025-11-11;20;1494
11;2025-11-11;21;873
11;2025-11-11;22;432
11;2025-11-11;23;219
11;2025-11-12;0;69
11;2025-11-12;1;1
11;2025-11-12;2;1
11;2025-11-12;3;1
11;2025-11-12;4;3
11;2025-11-12;5;291
11;2025-11-12;6;1286
11;2025-11-12;7;2398
11;2025-11-12;8;3206
11;2025-11-12;9;2440
11;2025-11-12;10;1875
11;2025-11-12;11;1867
11;2025-11-12;12;1872
11;2025-11-12;13;2019
11;2025-11-12;14;1977
11;2025-11-12;15;2090
11;2025-11-12;16;2270
11;2025-11-12;17;2867
11;2025-11-12;18;3104
11;2025-11-12;19;2348
11;2025-11-12;20;1509
11;2025-11-12;21;880
11;2025-11-12;22;439
11;2025-11-12;23;238
11;2025-11-13;0;70
11;2025-11-13;1;1
11;2025-11-13;2;0
11;2025-11-13;3;0
11;2025-11-13;4;2
11;2025-11-13;5;291
11;2025-11-13;6;1295
11;2025-11-13;7;2404
11;2025-11-13;8;3176
11;2025-11-13;9;2504
11;2025-11-13;10;1913
11;2025-11-13;11;1838
11;2025-11-13;12;1881
11;2025-11-13;13;2069
11;2025-11-13;14;2026
11;2025-11-13;15;2136
11;2025-11-13;16;2337
11;2025-11-13;17;2925
11;2025-11-13;18;3146
11;2025-11-13;19;2340
11;2025-11-13;20;1509
11;2025-11-13;21;917
11;2025-11-13;22;459
11;2025-11-13;23;245
11;2025-11-14;0;76
11;2025-11-14;1;1
11;2025-11-14;2;0
11;2025-11-14;3;0
11;2025-11-14;4;2
11;2025-11-14;5;292
11;2025-11-14;6;1294
11;2025-11-14;7;2371
11;2025-11-14;8;3105
11;2025-11-14;9;2441
11;2025-11-14;10;1875
11;2025-11-14;11;1876
11;2025-11-14;12;1883
11;2025-11-14;13;2064
11;2025-11-14;14;2082
11;2025-11-14;15;2230
11;2025-11-14;16;2476
11;2025-11-14;17;2966
11;2025-11-14;18;2684
11;2025-11-14;19;2163
11;2025-11-14;20;1486
11;2025-11-14;21;887
11;2025-11-14;22;474
11;2025-11-14;23;284
11;2025-11-15;0;107
11;2025-11-15;1;4
11;2025-11-15;2;1
11;2025-11-15;3;1
11;2025-11-15;4;3
11;2025-11-15;5;188
11;2025-11-15;6;793
11;2025-11-15;7;714
11;2025-11-15;8;1009
11;2025-11-15;9;1177
11;2025-11-15;10;1281
11;2025-11-15;11;1706
11;2025-11-15;12;1942
11;2025-11-15;13;1845
11;2025-11-15;14;1898
11;2025-11-15;15;1876
11;2025-11-15;16;1920
11;2025-11-15;17;1885
11;2025-11-15;18;1651
11;2025-11-15;19;1572
11;2025-11-15;20;1145
11;2025-11-15;21;800
11;2025-11-15;22;462
11;2025-11-15;23;310
11;2025-11-16;0;112
11;2025-11-16;1;10
11;2025-11-16;2;0
11;2025-11-16;3;0
11;2025-11-16;4;2
11;2025-11-16;5;121
11;2025-11-16;6;494
11;2025-11-16;7;522
11;2025-11-16;8;672
11;2025-11-16;9;923
11;2025-11-16;10;1036
11;2025-11-16;11;1487
11;2025-11-16;12;1676
11;2025-11-16;13;1591
11;2025-11-16;14;1677
11;2025-11-16;15;1745
11;2025-11-16;16;1626
11;2025-11-16;17;1716
11;2025-11-16;18;1384
11;2025-11-16;19;1099
11;2025-11-16;20;871
11;2025-11-16;21;657
11;2025-11-16;22;376
11;2025-11-16;23;260
11;2025-11-17;0;72
11;2025-11-17;1;4
11;2025-11-17;2;0
11;2025-11-17;3;0
11;2025-11-17;4;2
11;2025-11-17;5;283
11;2025-11-17;6;1293
11;2025-11-17;7;2357
11;2025-11-17;8;3145
11;2025-11-17;9;2425
11;2025-11-17;10;1797
11;2025-11-17;11;1790
11;2025-11-17;12;1758
11;2025-11-17;13;1933
11;2025-11-17;14;1905
11;2025-11-17;15;2037
11;2025-11-17;16;2259
11;2025-11-17;17;2861
11;2025-11-17;18;3096
11;2025-11-17;19;2306
11;2025-11-17;20;1485
11;2025-11-17;21;850
11;2025-11-17;22;422
11;2025-11-17;23;204
11;2025-11-18;0;67
11;2025-11-18;1;1
11;2025-11-18;2;0
11;2025-11-18;3;0
11;2025-11-18;4;1
11;2025-11-18;5;285
11;2025-11-18;6;1313
11;2025-11-18;7;2403
11;2025-11-18;8;3213
11;2025-11-18;9;2472
11;2025-11-18;10;1875
11;2025-11-18;11;1839
11;2025-11-18;12;1833
11;2025-11-18;13;2020
11;2025-11-18;14;2014
11;2025-11-18;15;2110
11;2025-11-18;16;2309
11;2025-11-18;17;2876
11;2025-11-18;18;3126
11;2025-11-18;19;2316
11;2025-11-18;20;1493
11;2025-11-18;21;873
11;2025-11-18;22;430
11;2025-11-18;23;215
11;2025-11-19;0;70
11;2025-11-19;1;2
11;2025-11-19;2;1
11;2025-11-19;3;1
11;2025-11-19;4;3
11;2025-11-19;5;293
11;2025-11-19;6;1291
11;2025-11-19;7;2405
11;2025-11-19;8;3213
11;2025-11-19;9;2447
11;2025-11-19;10;1881
11;2025-11-19;11;1871
11;2025-11-19;12;1875
11;2025-11-19;13;2027
11;2025-11-19;14;1986
11;2025-11-19;15;2099
11;2025-11-19;16;2276
11;2025-11-19;17;2870
11;2025-11-19;18;3107
11;2025-11-19;19;2350
11;2025-11-19;20;1510
11;2025-11-19;21;881
11;2025-11-19;22;439
11;2025-11-19;23;236
11;2025-11-20;0;70
11;2025-11-20;1;2
11;2025-11-20;2;1
11;2025-11-20;3;1
11;2025-11-20;4;3
11;2025-11-20;5;291
11;2025-11-20;6;1290
11;2025-11-20;7;2401
11;2025-11-20;8;3173
11;2025-11-20;9;2500
11;2025-11-20;10;1908
11;2025-11-20;11;1832
11;2025-11-20;12;1869
11;2025-11-20;13;2058
11;2025-11-20;14;2016
11;2025-11-20;15;2126
11;2025-11-20;16;2326
11;2025-11-20;17;2909
11;2025-11-20;18;3131
11;2025-11-20;19;2324
11;2025-11-20;20;1492
11;2025-11-20;21;901
11;2025-11-20;22;453
11;2025-11-20;23;241
11;2025-11-21;0;77
11;2025-11-21;1;3
11;2025-11-21;2;2
11;2025-11-21;3;1
11;2025-11-21;4;4
11;2025-11-21;5;294
11;2025-11-21;6;1297
11;2025-11-21;7;2375
11;2025-11-21;8;3107
11;2025-11-21;9;2445
11;2025-11-21;10;1877
11;2025-11-21;11;1877
11;2025-11-21;12;1884
11;2025-11-21;13;2067
11;2025-11-21;14;2086
11;2025-11-21;15;2232
11;2025-11-21;16;2478
11;2025-11-21;17;2961
11;2025-11-21;18;2680
11;2025-11-21;19;2160
11;2025-11-21;20;1483
11;2025-11-21;21;884
11;2025-11-21;22;472
11;2025-11-21;23;281
11;2025-11-22;0;106
11;2025-11-22;1;4
11;2025-11-22;2;1
11;2025-11-22;3;1
11;2025-11-22;4;3
11;2025-11-22;5;188
11;2025-11-22;6;789
11;2025-11-22;7;711
11;2025-11-22;8;1006
11;2025-11-22;9;1174
11;2025-11-22;10;1278
11;2025-11-22;11;1709
11;2025-11-22;12;1944
11;2025-11-22;13;1847
11;2025-11-22;14;1900
11;2025-11-22;15;1879
11;2025-11-22;16;1919
11;2025-11-22;17;1882
11;2025-11-22;18;1647
11;2025-11-22;19;1567
11;2025-11-22;20;1140
11;2025-11-22;21;795
11;2025-11-22;22;461
11;2025-11-22;23;309
11;2025-11-23;0;110
11;2025-11-23;1;9
11;2025-11-23;2;0
11;2025-11-23;3;0
11;2025-11-23;4;1
11;2025-11-23;5;120
11;2025-11-23;6;492
11;2025-11-23;7;520
11;2025-11-23;8;671
11;2025-11-23;9;913
11;2025-11-23;10;1023
11;2025-11-23;11;1473
11;2025-11-23;12;1661
11;2025-11-23;13;1576
11;2025-11-23;14;1663
11;2025-11-23;15;1731
11;2025-11-23;16;1610
11;2025-11-23;17;1697
11;2025-11-23;18;1363
11;2025-11-23;19;1083
11;2025-11-23;20;860
11;2025-11-23;21;653
11;2025-11-23;22;371
11;2025-11-23;23;254
11;2025-11-24;0;71
11;2025-11-24;1;5
11;2025-11-24;2;0
11;2025-11-24;3;0
11;2025-11-24;4;2
11;2025-11-24;5;283
11;2025-11-24;6;1280
11;2025-11-24;7;2358
11;2025-11-24;8;3146
11;2025-11-24;9;2427
11;2025-11-24;10;1794
11;2025-11-24;11;1787
11;2025-11-24;12;1758
11;2025-11-24;13;1938
11;2025-11-24;14;1909
11;2025-11-24;15;2042
11;2025-11-24;16;2261
11;2025-11-24;17;2863
11;2025-11-24;18;3090
11;2025-11-24;19;2306
11;2025-11-24;20;1479
11;2025-11-24;21;848
11;2025-11-24;22;424
11;2025-11-24;23;205
11;2025-11-25;0;67
11;2025-11-25;1;1
11;2025-11-25;2;0
11;2025-11-25;3;0
11;2025-11-25;4;2
11;2025-11-25;5;280
11;2025-11-25;6;1291
11;2025-11-25;7;2399
11;2025-11-25;8;3202
11;2025-11-25;9;2466
11;2025-11-25;10;1856
11;2025-11-25;11;1817
11;2025-11-25;12;1815
11;2025-11-25;13;2016
11;2025-11-25;14;2008
11;2025-11-25;15;2111
11;2025-11-25;16;2310
11;2025-11-25;17;2875
11;2025-11-25;18;3119
11;2025-11-25;19;2317
11;2025-11-25;20;1481
11;2025-11-25;21;868
11;2025-11-25;22;431
11;2025-11-25;23;217
11;2025-11-26;0;69
11;2025-11-26;1;2
11;2025-11-26;2;2
11;2025-11-26;3;2
11;2025-11-26;4;4
11;2025-11-26;5;287
11;2025-11-26;6;1269
11;2025-11-26;7;2397
11;2025-11-26;8;3200
11;2025-11-26;9;2439
11;2025-11-26;10;1857
11;2025-11-26;11;1844
11;2025-11-26;12;1851
11;2025-11-26;13;2017
11;2025-11-26;14;1973
11;2025-11-26;15;2094
11;2025-11-26;16;2273
11;2025-11-26;17;2867
11;2025-11-26;18;3098
11;2025-11-26;19;2348
11;2025-11-26;20;1497
11;2025-11-26;21;875
11;2025-11-26;22;437
11;2025-11-26;23;234
11;2025-11-27;0;68
11;2025-11-27;1;3
11;2025-11-27;2;2
11;2025-11-27;3;2
11;2025-11-27;4;4
11;2025-11-27;5;276
11;2025-11-27;6;1248
11;2025-11-27;7;2364
11;2025-11-27;8;3133
11;2025-11-27;9;2462
11;2025-11-27;10;1858
11;2025-11-27;11;1780
11;2025-11-27;12;1819
11;2025-11-27;13;2018
11;2025-11-27;14;1971
11;2025-11-27;15;2091
11;2025-11-27;16;2292
11;2025-11-27;17;2872
11;2025-11-27;18;3089
11;2025-11-27;19;2287
11;2025-11-27;20;1449
11;2025-11-27;21;874
11;2025-11-27;22;439
11;2025-11-27;23;229
11;2025-11-28;0;70
11;2025-11-28;1;1
11;2025-11-28;2;1
11;2025-11-28;3;0
11;2025-11-28;4;3
11;2025-11-28;5;272
11;2025-11-28;6;1236
11;2025-11-28;7;2314
11;2025-11-28;8;3027
11;2025-11-28;9;2381
11;2025-11-28;10;1804
11;2025-11-28;11;1799
11;2025-11-28;12;1804
11;2025-11-28;13;1992
11;2025-11-28;14;2007
11;2025-11-28;15;2162
11;2025-11-28;16;2411
11;2025-11-28;17;2892
11;2025-11-28;18;2597
11;2025-11-28;19;2094
11;2025-11-28;20;1414
11;2025-11-28;21;841
11;2025-11-28;22;441
11;2025-11-28;23;253
11;2025-11-29;0;96
11;2025-11-29;1;1
11;2025-11-29;2;0
11;2025-11-29;3;0
11;2025-11-29;4;3
11;2025-11-29;5;172
11;2025-11-29;6;741
11;2025-11-29;7;668
11;2025-11-29;8;945
11;2025-11-29;9;1103
11;2025-11-29;10;1206
11;2025-11-29;11;1611
11;2025-11-29;12;1849
11;2025-11-29;13;1742
11;2025-11-29;14;1794
11;2025-11-29;15;1773
11;2025-11-29;16;1823
11;2025-11-29;17;1785
11;2025-11-29;18;1555
11;2025-11-29;19;1482
11;2025-11-29;20;1068
11;2025-11-29;21;743
11;2025-11-29;22;426
11;2025-11-29;23;274
11;2025-11-30;0;103
11;2025-11-30;1;8
11;2025-11-30;2;0
11;2025-11-30;3;0
11;2025-11-30;4;1
11;2025-11-30;5;110
11;2025-11-30;6;473
11;2025-11-30;7;500
11;2025-11-30;8;645
11;2025-11-30;9;877
11;2025-11-30;10;982
11;2025-11-30;11;1416
11;2025-11-30;12;1591
11;2025-11-30;13;1506
11;2025-11-30;14;1588
11;2025-11-30;15;1656
11;2025-11-30;16;1546
11;2025-11-30;17;1633
11;2025-11-30;18;1322
11;2025-11-30;19;1044
11;2025-11-30;20;826
11;2025-11-30;21;626
11;2025-11-30;22;348
11;2025-11-30;23;235
11;2025-12-01;0;72
11;2025-12-01;1;5
11;2025-12-01;2;0
11;2025-12-01;3;0
11;2025-12-01;4;2
11;2025-12-01;5;282
11;2025-12-01;6;1283
11;2025-12-01;7;2372
11;2025-12-01;8;3165
11;2025-12-01;9;2441
11;2025-12-01;10;1801
11;2025-12-01;11;1789
11;2025-12-01;12;1762
11;2025-12-01;13;1946
11;2025-12-01;14;1917
11;2025-12-01;15;2053
11;2025-12-01;16;2273
11;2025-12-01;17;2879
11;2025-12-01;18;3108
11;2025-12-01;19;2322
11;2025-12-01;20;1485
11;2025-12-01;21;852
11;2025-12-01;22;427
11;2025-12-01;23;207
11;2025-12-02;0;68
11;2025-12-02;1;1
11;2025-12-02;2;0
11;2025-12-02;3;0
11;2025-12-02;4;2
11;2025-12-02;5;282
11;2025-12-02;6;1302
11;2025-12-02;7;2418
11;2025-12-02;8;3227
11;2025-12-02;9;2486
11;2025-12-02;10;1871
11;2025-12-02;11;1831
11;2025-12-02;12;1829
11;2025-12-02;13;2032
11;2025-12-02;14;2024
11;2025-12-02;15;2128
11;2025-12-02;16;2329
11;2025-12-02;17;2898
11;2025-12-02;18;3144
11;2025-12-02;19;2336
11;2025-12-02;20;1492
11;2025-12-02;21;875
11;2025-12-02;22;434
11;2025-12-02;23;219
11;2025-12-03;0;70
11;2025-12-03;1;2
11;2025-12-03;2;2
11;2025-12-03;3;2
11;2025-12-03;4;4
11;2025-12-03;5;289
11;2025-12-03;6;1279
11;2025-12-03;7;2416
11;2025-12-03;8;3225
11;2025-12-03;9;2458
11;2025-12-03;10;1872
11;2025-12-03;11;1859
11;2025-12-03;12;1866
11;2025-12-03;13;2033
11;2025-12-03;14;1989
11;2025-12-03;15;2110
11;2025-12-03;16;2291
11;2025-12-03;17;2890
11;2025-12-03;18;3123
11;2025-12-03;19;2367
11;2025-12-03;20;1509
11;2025-12-03;21;882
11;2025-12-03;22;440
11;2025-12-03;23;235
11;2025-12-04;0;69
11;2025-12-04;1;3
11;2025-12-04;2;2
11;2025-12-04;3;2
11;2025-12-04;4;4
11;2025-12-04;5;278
11;2025-12-04;6;1258
11;2025-12-04;7;2383
11;2025-12-04;8;3158
11;2025-12-04;9;2482
11;2025-12-04;10;1873
11;2025-12-04;11;1794
11;2025-12-04;12;1833
11;2025-12-04;13;2034
11;2025-12-04;14;1987
11;2025-12-04;15;2107
11;2025-12-04;16;2310
11;2025-12-04;17;2895
11;2025-12-04;18;3114
11;2025-12-04;19;2305
11;2025-12-04;20;1461
11;2025-12-04;21;881
11;2025-12-04;22;442
11;2025-12-04;23;231
11;2025-12-05;0;71
11;2025-12-05;1;1
11;2025-12-05;2;1
11;2025-12-05;3;0
11;2025-12-05;4;3
11;2025-12-05;5;274
11;2025-12-05;6;1246
11;2025-12-05;7;2333
11;2025-12-05;8;3051
11;2025-12-05;9;2401
11;2025-12-05;10;1818
11;2025-12-05;11;1813
11;2025-12-05;12;1818
11;2025-12-05;13;2008
11;2025-12-05;14;2023
11;2025-12-05;15;2179
11;2025-12-05;16;2430
11;2025-12-05;17;2915
11;2025-12-05;18;2618
11;2025-12-05;19;2110
11;2025-12-05;20;1426
11;2025-12-05;21;848
11;2025-12-05;22;444
11;2025-12-05;23;255
11;2025-12-06;0;96
11;2025-12-06;1;1
11;2025-12-06;2;0
11;2025-12-06;3;0
11;2025-12-06;4;3
11;2025-12-06;5;174
11;2025-12-06;6;747
11;2025-12-06;7;674
11;2025-12-06;8;953
11;2025-12-06;9;1112
11;2025-12-06;10;1216
11;2025-12-06;11;1624
11;2025-12-06;12;1864
11;2025-12-06;13;1756
11;2025-12-06;14;1808
11;2025-12-06;15;1787
11;2025-12-06;16;1837
11;2025-12-06;17;1799
11;2025-12-06;18;1568
11;2025-12-06;19;1494
11;2025-12-06;20;1076
11;2025-12-06;21;749
11;2025-12-06;22;429
11;2025-12-06;23;276
11;2025-12-07;0;103
11;2025-12-07;1;8
11;2025-12-07;2;0
11;2025-12-07;3;0
11;2025-12-07;4;1
11;2025-12-07;5;111
11;2025-12-07;6;477
11;2025-12-07;7;504
11;2025-12-07;8;650
11;2025-12-07;9;884
11;2025-12-07;10;990
11;2025-12-07;11;1428
11;2025-12-07;12;1604
11;2025-12-07;13;1518
11;2025-12-07;14;1601
11;2025-12-07;15;1669
11;2025-12-07;16;1558
11;2025-12-07;17;1646
11;2025-12-07;18;1332
11;2025-12-07;19;1052
11;2025-12-07;20;833
11;2025-12-07;21;631
11;2025-12-07;22;351
11;2025-12-07;23;236
11;2025-12-08;0;72
11;2025-12-08;1;5
11;2025-12-08;2;0
11;2025-12-08;3;0
11;2025-12-08;4;2
11;2025-12-08;5;282
11;2025-12-08;6;1283
11;2025-12-08;7;2372
11;2025-12-08;8;3165
11;2025-12-08;9;2441
11;2025-12-08;10;1801
11;2025-12-08;11;1789
11;2025-12-08;12;1762
11;2025-12-08;13;1946
11;2025-12-08;14;1917
11;2025-12-08;15;2053
11;2025-12-08;16;2273
11;2025-12-08;17;2879
11;2025-12-08;18;3108
11;2025-12-08;19;2322
11;2025-12-08;20;1485
11;2025-12-08;21;852
11;2025-12-08;22;427
11;2025-12-08;23;207
11;2025-12-09;0;68
11;2025-12-09;1;1
11;2025-12-09;2;0
11;2025-12-09;3;0
11;2025-12-09;4;2
11;2025-12-09;5;282
11;2025-12-09;6;1302
11;2025-12-09;7;2418
11;2025-12-09;8;3227
11;2025-12-09;9;2486
11;2025-12-09;10;1871
11;2025-12-09;11;1831
11;2025-12-09;12;1829
11;2025-12-09;13;2032
11;2025-12-09;14;2024
11;2025-12-09;15;2128
11;2025-12-09;16;2329
11;2025-12-09;17;2898
11;2025-12-09;18;3144
11;2025-12-09;19;2336
11;2025-12-09;20;1492
11;2025-12-09;21;875
11;2025-12-09;22;434
11;2025-12-09;23;219
11;2025-12-10;0;70
11;2025-12-10;1;2
11;2025-12-10;2;2
11;2025-12-10;3;2
11;2025-12-10;4;4
11;2025-12-10;5;289
11;2025-12-10;6;1279
11;2025-12-10;7;2416
11;2025-12-10;8;3225
11;2025-12-10;9;2458
11;2025-12-10;10;1872
11;2025-12-10;11;1859
11;2025-12-10;12;1866
11;2025-12-10;13;2033
11;2025-12-10;14;1989
11;2025-12-10;15;2110
11;2025-12-10;16;2291
11;2025-12-10;17;2890
11;2025-12-10;18;3123
11;2025-12-10;19;2367
11;2025-12-10;20;1509
11;2025-12-10;21;882
11;2025-12-10;22;440
11;2025-12-10;23;235
11;2025-12-11;0;69
11;2025-12-11;1;3
11;2025-12-11;2;2
11;2025-12-11;3;2
11;2025-12-11;4;4
11;2025-12-11;5;278
11;2025-12-11;6;1258
11;2025-12-11;7;2383
11;2025-12-11;8;3158
11;2025-12-11;9;2482
11;2025-12-11;10;1873
11;2025-12-11;11;1794
11;2025-12-11;12;1833
11;2025-12-11;13;2034
11;2025-12-11;14;1987
11;2025-12-11;15;2107
11;2025-12-11;16;2310
11;2025-12-11;17;2895
11;2025-12-11;18;3114
11;2025-12-11;19;2305
11;2025-12-11;20;1461
11;2025-12-11;21;881
11;2025-12-11;22;442
11;2025-12-11;23;231
11;2025-12-12;0;71
11;2025-12-12;1;1
11;2025-12-12;2;1
11;2025-12-12;3;0
11;2025-12-12;4;3
11;2025-12-12;5;274
11;2025-12-12;6;1246
11;2025-12-12;7;2333
11;2025-12-12;8;3051
11;2025-12-12;9;2401
11;2025-12-12;10;1818
11;2025-12-12;11;1813
11;2025-12-12;12;1818
11;2025-12-12;13;2008
11;2025-12-12;14;2023
11;2025-12-12;15;2179
11;2025-12-12;16;2430
11;2025-12-12;17;2915
11;2025-12-12;18;2618
11;2025-12-12;19;2110
11;2025-12-12;20;1426
11;2025-12-12;21;848
11;2025-12-12;22;444
11;2025-12-12;23;255
11;2025-12-13;0;96
11;2025-12-13;1;1
11;2025-12-13;2;0
11;2025-12-13;3;0
11;2025-12-13;4;3
11;2025-12-13;5;174
11;2025-12-13;6;747
11;2025-12-13;7;674
11;2025-12-13;8;953
11;2025-12-13;9;1112
11;2025-12-13;10;1216
11;2025-12-13;11;1624
11;2025-12-13;12;1864
11;2025-12-13;13;1756
11;2025-12-13;14;1808
11;2025-12-13;15;1787
11;2025-12-13;16;1837
11;2025-12-13;17;1799
11;2025-12-13;18;1568
11;2025-12-13;19;1494
11;2025-12-13;20;1076
11;2025-12-13;21;749
11;2025-12-13;22;429
11;2025-12-13;23;276
11;2025-12-14;0;103
11;2025-12-14;1;8
11;2025-12-14;2;0
11;2025-12-14;3;0
11;2025-12-14;4;1
11;2025-12-14;5;111
11;2025-12-14;6;477
11;2025-12-14;7;504
11;2025-12-14;8;650
11;2025-12-14;9;884
11;2025-12-14;10;990
11;2025-12-14;11;1428
11;2025-12-14;12;1604
11;2025-12-14;13;1518
11;2025-12-14;14;1601
11;2025-12-14;15;1669
11;2025-12-14;16;1558
11;2025-12-14;17;1646
11;2025-12-14;18;1332
11;2025-12-14;19;1052
11;2025-12-14;20;833
11;2025-12-14;21;631
11;2025-12-14;22;351
11;2025-12-14;23;236
11;2025-12-15;0;72
11;2025-12-15;1;5
11;2025-12-15;2;0
11;2025-12-15;3;0
11;2025-12-15;4;2
11;2025-12-15;5;282
11;2025-12-15;6;1283
11;2025-12-15;7;2372
11;2025-12-15;8;3165
11;2025-12-15;9;2441
11;2025-12-15;10;1801
11;2025-12-15;11;1789
11;2025-12-15;12;1762
11;2025-12-15;13;1946
11;2025-12-15;14;1917
11;2025-12-15;15;2053
11;2025-12-15;16;2273
11;2025-12-15;17;2879
11;2025-12-15;18;3108
11;2025-12-15;19;2322
11;2025-12-15;20;1485
11;2025-12-15;21;852
11;2025-12-15;22;427
11;2025-12-15;23;207
11;2025-12-16;0;68
11;2025-12-16;1;1
11;2025-12-16;2;0
11;2025-12-16;3;0
11;2025-12-16;4;2
11;2025-12-16;5;282
11;2025-12-16;6;1302
11;2025-12-16;7;2418
11;2025-12-16;8;3227
11;2025-12-16;9;2486
11;2025-12-16;10;1871
11;2025-12-16;11;1831
11;2025-12-16;12;1829
11;2025-12-16;13;2032
11;2025-12-16;14;2024
11;2025-12-16;15;2128
11;2025-12-16;16;2329
11;2025-12-16;17;2898
11;2025-12-16;18;3144
11;2025-12-16;19;2336
11;2025-12-16;20;1492
11;2025-12-16;21;875
11;2025-12-16;22;434
11;2025-12-16;23;219
11;2025-12-17;0;70
11;2025-12-17;1;2
11;2025-12-17;2;2
11;2025-12-17;3;2
11;2025-12-17;4;4
11;2025-12-17;5;289
11;2025-12-17;6;1279
11;2025-12-17;7;2416
11;2025-12-17;8;3225
11;2025-12-17;9;2458
11;2025-12-17;10;1872
11;2025-12-17;11;1859
11;2025-12-17;12;1866
11;2025-12-17;13;2033
11;2025-12-17;14;1989
11;2025-12-17;15;2110
11;2025-12-17;16;2291
11;2025-12-17;17;2890
11;2025-12-17;18;3123
11;2025-12-17;19;2367
11;2025-12-17;20;1509
11;2025-12-17;21;882
11;2025-12-17;22;440
11;2025-12-17;23;235
11;2025-12-18;0;69
11;2025-12-18;1;3
11;2025-12-18;2;2
11;2025-12-18;3;2
11;2025-12-18;4;4
11;2025-12-18;5;278
11;2025-12-18;6;1258
11;2025-12-18;7;2383
11;2025-12-18;8;3158
11;2025-12-18;9;2482
11;2025-12-18;10;1873
11;2025-12-18;11;1794
11;2025-12-18;12;1833
11;2025-12-18;13;2034
11;2025-12-18;14;1987
11;2025-12-18;15;2107
11;2025-12-18;16;2310
11;2025-12-18;17;2895
11;2025-12-18;18;3114
11;2025-12-18;19;2305
11;2025-12-18;20;1461
11;2025-12-18;21;881
11;2025-12-18;22;442
11;2025-12-18;23;231
11;2025-12-19;0;71
11;2025-12-19;1;1
11;2025-12-19;2;1
11;2025-12-19;3;0
11;2025-12-19;4;3
11;2025-12-19;5;274
11;2025-12-19;6;1246
11;2025-12-19;7;2333
11;2025-12-19;8;3051
11;2025-12-19;9;2401
11;2025-12-19;10;1818
11;2025-12-19;11;1813
11;2025-12-19;12;1818
11;2025-12-19;13;2008
11;2025-12-19;14;2023
11;2025-12-19;15;2179
11;2025-12-19;16;2430
11;2025-12-19;17;2915
11;2025-12-19;18;2618
11;2025-12-19;19;2110
11;2025-12-19;20;1426
11;2025-12-19;21;848
11;2025-12-19;22;444
11;2025-12-19;23;255
11;2025-12-20;0;96
11;2025-12-20;1;1
11;2025-12-20;2;0
11;2025-12-20;3;0
11;2025-12-20;4;3
11;2025-12-20;5;174
11;2025-12-20;6;747
11;2025-12-20;7;674
11;2025-12-20;8;953
11;2025-12-20;9;1112
11;2025-12-20;10;1216
11;2025-12-20;11;1624
11;2025-12-20;12;1864
11;2025-12-20;13;1756
11;2025-12-20;14;1808
11;2025-12-20;15;1787
11;2025-12-20;16;1837
11;2025-12-20;17;1799
11;2025-12-20;18;1568
11;2025-12-20;19;1494
11;2025-12-20;20;1076
11;2025-12-20;21;749
11;2025-12-20;22;429
11;2025-12-20;23;276
11;2025-12-21;0;103
11;2025-12-21;1;8
11;2025-12-21;2;0
11;2025-12-21;3;0
11;2025-12-21;4;1
11;2025-12-21;5;111
11;2025-12-21;6;477
11;2025-12-21;7;504
11;2025-12-21;8;650
11;2025-12-21;9;884
11;2025-12-21;10;990
11;2025-12-21;11;1428
11;2025-12-21;12;1604
11;2025-12-21;13;1518
11;2025-12-21;14;1601
11;2025-12-21;15;1669
11;2025-12-21;16;1558
11;2025-12-21;17;1646
11;2025-12-21;18;1332
11;2025-12-21;19;1052
11;2025-12-21;20;833
11;2025-12-21;21;631
11;2025-12-21;22;351
11;2025-12-21;23;236
11;2025-12-22;0;72
11;2025-12-22;1;5
11;2025-12-22;2;0
11;2025-12-22;3;0
11;2025-12-22;4;2
11;2025-12-22;5;282
11;2025-12-22;6;1283
11;2025-12-22;7;2372
11;2025-12-22;8;3165
11;2025-12-22;9;2441
11;2025-12-22;10;1801
11;2025-12-22;11;1789
11;2025-12-22;12;1762
11;2025-12-22;13;1946
11;2025-12-22;14;1917
11;2025-12-22;15;2053
11;2025-12-22;16;2273
11;2025-12-22;17;2879
11;2025-12-22;18;3108
11;2025-12-22;19;2322
11;2025-12-22;20;1485
11;2025-12-22;21;852
11;2025-12-22;22;427
11;2025-12-22;23;207
11;2025-12-23;0;68
11;2025-12-23;1;1
11;2025-12-23;2;0
11;2025-12-23;3;0
11;2025-12-23;4;2
11;2025-12-23;5;282
11;2025-12-23;6;1302
11;2025-12-23;7;2418
11;2025-12-23;8;3227
11;2025-12-23;9;2486
11;2025-12-23;10;1871
11;2025-12-23;11;1831
11;2025-12-23;12;1829
11;2025-12-23;13;2032
11;2025-12-23;14;2024
11;2025-12-23;15;2128
11;2025-12-23;16;2329
11;2025-12-23;17;2898
11;2025-12-23;18;3144
11;2025-12-23;19;2336
11;2025-12-23;20;1492
11;2025-12-23;21;875
11;2025-12-23;22;434
11;2025-12-23;23;219
11;2025-12-24;0;70
11;2025-12-24;1;2
11;2025-12-24;2;2
11;2025-12-24;3;2
11;2025-12-24;4;4
11;2025-12-24;5;289
11;2025-12-24;6;1279
11;2025-12-24;7;2416
11;2025-12-24;8;3225
11;2025-12-24;9;2458
11;2025-12-24;10;1872
11;2025-12-24;11;1859
11;2025-12-24;12;1866
11;2025-12-24;13;2033
11;2025-12-24;14;1989
11;2025-12-24;15;2110
11;2025-12-24;16;2291
11;2025-12-24;17;2890
11;2025-12-24;18;3123
11;2025-12-24;19;2367
11;2025-12-24;20;1509
11;2025-12-24;21;882
11;2025-12-24;22;440
11;2025-12-24;23;235
11;2025-12-25;0;69
11;2025-12-25;1;3
11;2025-12-25;2;2
11;2025-12-25;3;2
11;2025-12-25;4;4
11;2025-12-25;5;278
11;2025-12-25;6;1258
11;2025-12-25;7;2383
11;2025-12-25;8;3158
11;2025-12-25;9;2482
11;2025-12-25;10;1873
11;2025-12-25;11;1794
11;2025-12-25;12;1833
11;2025-12-25;13;2034
11;2025-12-25;14;1987
11;2025-12-25;15;2107
11;2025-12-25;16;2310
11;2025-12-25;17;2895
11;2025-12-25;18;3114
11;2025-12-25;19;2305
11;2025-12-25;20;1461
11;2025-12-25;21;881
11;2025-12-25;22;442
11;2025-12-25;23;231
11;2025-12-26;0;71
11;2025-12-26;1;1
11;2025-12-26;2;1
11;2025-12-26;3;0
11;2025-12-26;4;3
11;2025-12-26;5;274
11;2025-12-26;6;1246
11;2025-12-26;7;2333
11;2025-12-26;8;3051
11;2025-12-26;9;2401
11;2025-12-26;10;1818
11;2025-12-26;11;1813
11;2025-12-26;12;1818
11;2025-12-26;13;2008
11;2025-12-26;14;2023
11;2025-12-26;15;2179
11;2025-12-26;16;2430
11;2025-12-26;17;2915
11;2025-12-26;18;2618
11;2025-12-26;19;2110
11;2025-12-26;20;1426
11;2025-12-26;21;848
11;2025-12-26;22;444
11;2025-12-26;23;255
11;2025-12-27;0;96
11;2025-12-27;1;1
11;2025-12-27;2;0
11;2025-12-27;3;0
11;2025-12-27;4;3
11;2025-12-27;5;174
11;2025-12-27;6;747
11;2025-12-27;7;674
11;2025-12-27;8;953
11;2025-12-27;9;1112
11;2025-12-27;10;1216
11;2025-12-27;11;1624
11;2025-12-27;12;1864
11;2025-12-27;13;1756
11;2025-12-27;14;1808
11;2025-12-27;15;1787
11;2025-12-27;16;1837
11;2025-12-27;17;1799
11;2025-12-27;18;1568
11;2025-12-27;19;1494
11;2025-12-27;20;1076
11;2025-12-27;21;749
11;2025-12-27;22;429
11;2025-12-27;23;276
11;2025-12-28;0;103
11;2025-12-28;1;8
11;2025-12-28;2;0
11;2025-12-28;3;0
11;2025-12-28;4;1
11;2025-12-28;5;111
11;2025-12-28;6;477
11;2025-12-28;7;504
11;2025-12-28;8;650
11;2025-12-28;9;884
11;2025-12-28;10;990
11;2025-12-28;11;1428
11;2025-12-28;12;1604
11;2025-12-28;13;1518
11;2025-12-28;14;1601
11;2025-12-28;15;1669
11;2025-12-28;16;1558
11;2025-12-28;17;1646
11;2025-12-28;18;1332
11;2025-12-28;19;1052
11;2025-12-28;20;833
11;2025-12-28;21;631
11;2025-12-28;22;351
11;2025-12-28;23;236
11;2025-12-29;0;65
11;2025-12-29;1;4
11;2025-12-29;2;0
11;2025-12-29;3;0
11;2025-12-29;4;2
11;2025-12-29;5;256
11;2025-12-29;6;1162
11;2025-12-29;7;2149
11;2025-12-29;8;2867
11;2025-12-29;9;2211
11;2025-12-29;10;1631
11;2025-12-29;11;1621
11;2025-12-29;12;1595
11;2025-12-29;13;1763
11;2025-12-29;14;1736
11;2025-12-29;15;1859
11;2025-12-29;16;2059
11;2025-12-29;17;2609
11;2025-12-29;18;2816
11;2025-12-29;19;2103
11;2025-12-29;20;1346
11;2025-12-29;21;772
11;2025-12-29;22;387
11;2025-12-29;23;187
11;2025-12-30;0;61
11;2025-12-30;1;1
11;2025-12-30;2;0
11;2025-12-30;3;0
11;2025-12-30;4;1
11;2025-12-30;5;256
11;2025-12-30;6;1180
11;2025-12-30;7;2191
11;2025-12-30;8;2878
11;2025-12-30;9;2242
11;2025-12-30;10;1702
11;2025-12-30;11;1674
11;2025-12-30;12;1678
11;2025-12-30;13;1859
11;2025-12-30;14;1863
11;2025-12-30;15;1961
11;2025-12-30;16;2133
11;2025-12-30;17;2581
11;2025-12-30;18;2740
11;2025-12-30;19;2083
11;2025-12-30;20;1342
11;2025-12-30;21;786
11;2025-12-30;22;392
11;2025-12-30;23;197
11;2025-12-31;0;93
11;2025-12-31;1;10
11;2025-12-31;2;0
11;2025-12-31;3;0
11;2025-12-31;4;1
11;2025-12-31;5;119
11;2025-12-31;6;451
11;2025-12-31;7;472
11;2025-12-31;8;593
11;2025-12-31;9;773
11;2025-12-31;10;850
11;2025-12-31;11;1174
11;2025-12-31;12;1357
11;2025-12-31;13;1281
11;2025-12-31;14;1379
11;2025-12-31;15;1449
11;2025-12-31;16;1371
11;2025-12-31;17;1474
11;2025-12-31;18;1227
11;2025-12-31;19;1029
11;2025-12-31;20;0
11;2025-12-31;21;0
11;2025-12-31;22;0
11;2025-12-31;23;0
12;2025-11-01;0;54
12;2025-11-01;1;3
12;2025-11-01;2;0
12;2025-11-01;3;0
12;2025-11-01;4;5
12;2025-11-01;5;291
12;2025-11-01;6;1214
12;2025-11-01;7;2404
12;2025-11-01;8;3084
12;2025-11-01;9;2208
12;2025-11-01;10;1807
12;2025-11-01;11;1848
12;2025-11-01;12;1916
12;2025-11-01;13;1907
12;2025-11-01;14;1926
12;2025-11-01;15;2235
12;2025-11-01;16;2678
12;2025-11-01;17;2710
12;2025-11-01;18;2400
12;2025-11-01;19;2032
12;2025-11-01;20;1329
12;2025-11-01;21;852
12;2025-11-01;22;460
12;2025-11-01;23;258
12;2025-11-02;0;88
12;2025-11-02;1;12
12;2025-11-02;2;6
12;2025-11-02;3;5
12;2025-11-02;4;5
12;2025-11-02;5;153
12;2025-11-02;6;485
12;2025-11-02;7;549
12;2025-11-02;8;669
12;2025-11-02;9;859
12;2025-11-02;10;1069
12;2025-11-02;11;1191
12;2025-11-02;12;1278
12;2025-11-02;13;1515
12;2025-11-02;14;1407
12;2025-11-02;15;1311
12;2025-11-02;16;1401
12;2025-11-02;17;1441
12;2025-11-02;18;1209
12;2025-11-02;19;967
12;2025-11-02;20;725
12;2025-11-02;21;572
12;2025-11-02;22;376
12;2025-11-02;23;218
12;2025-11-03;0;80
12;2025-11-03;1;5
12;2025-11-03;2;1
12;2025-11-03;3;1
12;2025-11-03;4;2
12;2025-11-03;5;152
12;2025-11-03;6;481
12;2025-11-03;7;540
12;2025-11-03;8;653
12;2025-11-03;9;827
12;2025-11-03;10;1024
12;2025-11-03;11;1137
12;2025-11-03;12;1212
12;2025-11-03;13;1456
12;2025-11-03;14;1352
12;2025-11-03;15;1246
12;2025-11-03;16;1342
12;2025-11-03;17;1386
12;2025-11-03;18;1172
12;2025-11-03;19;935
12;2025-11-03;20;704
12;2025-11-03;21;551
12;2025-11-03;22;349
12;2025-11-03;23;192
12;2025-11-04;0;79
12;2025-11-04;1;10
12;2025-11-04;2;5
12;2025-11-04;3;5
12;2025-11-04;4;4
12;2025-11-04;5;155
12;2025-11-04;6;492
12;2025-11-04;7;541
12;2025-11-04;8;660
12;2025-11-04;9;830
12;2025-11-04;10;1029
12;2025-11-04;11;1138
12;2025-11-04;12;1222
12;2025-11-04;13;1466
12;2025-11-04;14;1358
12;2025-11-04;15;1249
12;2025-11-04;16;1347
12;2025-11-04;17;1389
12;2025-11-04;18;1158
12;2025-11-04;19;923
12;2025-11-04;20;701
12;2025-11-04;21;544
12;2025-11-04;22;354
12;2025-11-04;23;195
12;2025-11-05;0;46
12;2025-11-05;1;1
12;2025-11-05;2;0
12;2025-11-05;3;0
12;2025-11-05;4;4
12;2025-11-05;5;319
12;2025-11-05;6;1368
12;2025-11-05;7;2696
12;2025-11-05;8;3598
12;2025-11-05;9;2497
12;2025-11-05;10;2043
12;2025-11-05;11;2032
12;2025-11-05;12;2062
12;2025-11-05;13;2040
12;2025-11-05;14;1984
12;2025-11-05;15;2241
12;2025-11-05;16;2768
12;2025-11-05;17;3012
12;2025-11-05;18;3234
12;2025-11-05;19;2507
12;2025-11-05;20;1511
12;2025-11-05;21;921
12;2025-11-05;22;465
12;2025-11-05;23;227
12;2025-11-06;0;57
12;2025-11-06;1;2
12;2025-11-06;2;0
12;2025-11-06;3;0
12;2025-11-06;4;5
12;2025-11-06;5;335
12;2025-11-06;6;1383
12;2025-11-06;7;2740
12;2025-11-06;8;3660
12;2025-11-06;9;2478
12;2025-11-06;10;2081
12;2025-11-06;11;2056
12;2025-11-06;12;2119
12;2025-11-06;13;2076
12;2025-11-06;14;2051
12;2025-11-06;15;2328
12;2025-11-06;16;2837
12;2025-11-06;17;3102
12;2025-11-06;18;3267
12;2025-11-06;19;2563
12;2025-11-06;20;1583
12;2025-11-06;21;952
12;2025-11-06;22;499
12;2025-11-06;23;266
12;2025-11-07;0;59
12;2025-11-07;1;3
12;2025-11-07;2;1
12;2025-11-07;3;1
12;2025-11-07;4;6
12;2025-11-07;5;324
12;2025-11-07;6;1338
12;2025-11-07;7;2686
12;2025-11-07;8;3486
12;2025-11-07;9;2435
12;2025-11-07;10;1984
12;2025-11-07;11;2003
12;2025-11-07;12;2065
12;2025-11-07;13;2044
12;2025-11-07;14;2043
12;2025-11-07;15;2386
12;2025-11-07;16;2949
12;2025-11-07;17;3022
12;2025-11-07;18;2743
12;2025-11-07;19;2294
12;2025-11-07;20;1498
12;2025-11-07;21;954
12;2025-11-07;22;507
12;2025-11-07;23;284
12;2025-11-08;0;88
12;2025-11-08;1;4
12;2025-11-08;2;0
12;2025-11-08;3;0
12;2025-11-08;4;2
12;2025-11-08;5;232
12;2025-11-08;6;817
12;2025-11-08;7;873
12;2025-11-08;8;989
12;2025-11-08;9;1190
12;2025-11-08;10;1432
12;2025-11-08;11;1550
12;2025-11-08;12;1513
12;2025-11-08;13;1752
12;2025-11-08;14;1663
12;2025-11-08;15;1530
12;2025-11-08;16;1633
12;2025-11-08;17;1569
12;2025-11-08;18;1488
12;2025-11-08;19;1428
12;2025-11-08;20;959
12;2025-11-08;21;692
12;2025-11-08;22;416
12;2025-11-08;23;288
12;2025-11-09;0;91
12;2025-11-09;1;5
12;2025-11-09;2;0
12;2025-11-09;3;0
12;2025-11-09;4;2
12;2025-11-09;5;150
12;2025-11-09;6;517
12;2025-11-09;7;593
12;2025-11-09;8;725
12;2025-11-09;9;941
12;2025-11-09;10;1189
12;2025-11-09;11;1318
12;2025-11-09;12;1412
12;2025-11-09;13;1674
12;2025-11-09;14;1548
12;2025-11-09;15;1441
12;2025-11-09;16;1539
12;2025-11-09;17;1576
12;2025-11-09;18;1297
12;2025-11-09;19;1021
12;2025-11-09;20;760
12;2025-11-09;21;603
12;2025-11-09;22;391
12;2025-11-09;23;209
12;2025-11-10;0;62
12;2025-11-10;1;3
12;2025-11-10;2;0
12;2025-11-10;3;0
12;2025-11-10;4;4
12;2025-11-10;5;328
12;2025-11-10;6;1363
12;2025-11-10;7;2707
12;2025-11-10;8;3575
12;2025-11-10;9;2450
12;2025-11-10;10;1976
12;2025-11-10;11;1927
12;2025-11-10;12;2024
12;2025-11-10;13;1977
12;2025-11-10;14;1943
12;2025-11-10;15;2225
12;2025-11-10;16;2763
12;2025-11-10;17;3011
12;2025-11-10;18;3232
12;2025-11-10;19;2495
12;2025-11-10;20;1544
12;2025-11-10;21;906
12;2025-11-10;22;455
12;2025-11-10;23;226
12;2025-11-11;0;53
12;2025-11-11;1;1
12;2025-11-11;2;0
12;2025-11-11;3;0
12;2025-11-11;4;5
12;2025-11-11;5;343
12;2025-11-11;6;1400
12;2025-11-11;7;2779
12;2025-11-11;8;3692
12;2025-11-11;9;2516
12;2025-11-11;10;2090
12;2025-11-11;11;2063
12;2025-11-11;12;2107
12;2025-11-11;13;2086
12;2025-11-11;14;2033
12;2025-11-11;15;2303
12;2025-11-11;16;2815
12;2025-11-11;17;3095
12;2025-11-11;18;3319
12;2025-11-11;19;2578
12;2025-11-11;20;1570
12;2025-11-11;21;935
12;2025-11-11;22;489
12;2025-11-11;23;243
12;2025-11-12;0;55
12;2025-11-12;1;1
12;2025-11-12;2;0
12;2025-11-12;3;0
12;2025-11-12;4;5
12;2025-11-12;5;342
12;2025-11-12;6;1401
12;2025-11-12;7;2738
12;2025-11-12;8;3643
12;2025-11-12;9;2544
12;2025-11-12;10;2096
12;2025-11-12;11;2079
12;2025-11-12;12;2107
12;2025-11-12;13;2091
12;2025-11-12;14;2036
12;2025-11-12;15;2292
12;2025-11-12;16;2814
12;2025-11-12;17;3056
12;2025-11-12;18;3277
12;2025-11-12;19;2551
12;2025-11-12;20;1559
12;2025-11-12;21;965
12;2025-11-12;22;503
12;2025-11-12;23;258
12;2025-11-13;0;57
12;2025-11-13;1;2
12;2025-11-13;2;0
12;2025-11-13;3;0
12;2025-11-13;4;6
12;2025-11-13;5;337
12;2025-11-13;6;1388
12;2025-11-13;7;2751
12;2025-11-13;8;3677
12;2025-11-13;9;2488
12;2025-11-13;10;2091
12;2025-11-13;11;2065
12;2025-11-13;12;2131
12;2025-11-13;13;2092
12;2025-11-13;14;2067
12;2025-11-13;15;2343
12;2025-11-13;16;2851
12;2025-11-13;17;3115
12;2025-11-13;18;3279
12;2025-11-13;19;2574
12;2025-11-13;20;1591
12;2025-11-13;21;960
12;2025-11-13;22;505
12;2025-11-13;23;271
12;2025-11-14;0;60
12;2025-11-14;1;3
12;2025-11-14;2;1
12;2025-11-14;3;1
12;2025-11-14;4;6
12;2025-11-14;5;329
12;2025-11-14;6;1351
12;2025-11-14;7;2707
12;2025-11-14;8;3517
12;2025-11-14;9;2454
12;2025-11-14;10;2006
12;2025-11-14;11;2027
12;2025-11-14;12;2095
12;2025-11-14;13;2086
12;2025-11-14;14;2085
12;2025-11-14;15;2425
12;2025-11-14;16;2990
12;2025-11-14;17;3059
12;2025-11-14;18;2776
12;2025-11-14;19;2319
12;2025-11-14;20;1521
12;2025-11-14;21;970
12;2025-11-14;22;519
12;2025-11-14;23;296
12;2025-11-15;0;93
12;2025-11-15;1;5
12;2025-11-15;2;0
12;2025-11-15;3;0
12;2025-11-15;4;3
12;2025-11-15;5;239
12;2025-11-15;6;833
12;2025-11-15;7;892
12;2025-11-15;8;1010
12;2025-11-15;9;1215
12;2025-11-15;10;1465
12;2025-11-15;11;1594
12;2025-11-15;12;1566
12;2025-11-15;13;1825
12;2025-11-15;14;1735
12;2025-11-15;15;1599
12;2025-11-15;16;1695
12;2025-11-15;17;1618
12;2025-11-15;18;1532
12;2025-11-15;19;1470
12;2025-11-15;20;987
12;2025-11-15;21;717
12;2025-11-15;22;436
12;2025-11-15;23;307
12;2025-11-16;0;93
12;2025-11-16;1;6
12;2025-11-16;2;0
12;2025-11-16;3;0
12;2025-11-16;4;2
12;2025-11-16;5;154
12;2025-11-16;6;519
12;2025-11-16;7;598
12;2025-11-16;8;732
12;2025-11-16;9;951
12;2025-11-16;10;1200
12;2025-11-16;11;1335
12;2025-11-16;12;1435
12;2025-11-16;13;1711
12;2025-11-16;14;1580
12;2025-11-16;15;1470
12;2025-11-16;16;1562
12;2025-11-16;17;1596
12;2025-11-16;18;1311
12;2025-11-16;19;1032
12;2025-11-16;20;768
12;2025-11-16;21;611
12;2025-11-16;22;397
12;2025-11-16;23;213
12;2025-11-17;0;61
12;2025-11-17;1;3
12;2025-11-17;2;0
12;2025-11-17;3;0
12;2025-11-17;4;3
12;2025-11-17;5;328
12;2025-11-17;6;1366
12;2025-11-17;7;2710
12;2025-11-17;8;3577
12;2025-11-17;9;2452
12;2025-11-17;10;1977
12;2025-11-17;11;1929
12;2025-11-17;12;2024
12;2025-11-17;13;1978
12;2025-11-17;14;1945
12;2025-11-17;15;2228
12;2025-11-17;16;2764
12;2025-11-17;17;3010
12;2025-11-17;18;3230
12;2025-11-17;19;2493
12;2025-11-17;20;1542
12;2025-11-17;21;904
12;2025-11-17;22;452
12;2025-11-17;23;222
12;2025-11-18;0;53
12;2025-11-18;1;1
12;2025-11-18;2;0
12;2025-11-18;3;0
12;2025-11-18;4;6
12;2025-11-18;5;343
12;2025-11-18;6;1401
12;2025-11-18;7;2780
12;2025-11-18;8;3692
12;2025-11-18;9;2516
12;2025-11-18;10;2089
12;2025-11-18;11;2057
12;2025-11-18;12;2102
12;2025-11-18;13;2081
12;2025-11-18;14;2030
12;2025-11-18;15;2302
12;2025-11-18;16;2813
12;2025-11-18;17;3091
12;2025-11-18;18;3316
12;2025-11-18;19;2575
12;2025-11-18;20;1568
12;2025-11-18;21;933
12;2025-11-18;22;486
12;2025-11-18;23;240
12;2025-11-19;0;56
12;2025-11-19;1;2
12;2025-11-19;2;0
12;2025-11-19;3;0
12;2025-11-19;4;6
12;2025-11-19;5;343
12;2025-11-19;6;1403
12;2025-11-19;7;2744
12;2025-11-19;8;3647
12;2025-11-19;9;2551
12;2025-11-19;10;2099
12;2025-11-19;11;2078
12;2025-11-19;12;2107
12;2025-11-19;13;2092
12;2025-11-19;14;2039
12;2025-11-19;15;2298
12;2025-11-19;16;2818
12;2025-11-19;17;3058
12;2025-11-19;18;3278
12;2025-11-19;19;2552
12;2025-11-19;20;1559
12;2025-11-19;21;963
12;2025-11-19;22;501
12;2025-11-19;23;255
12;2025-11-20;0;58
12;2025-11-20;1;2
12;2025-11-20;2;0
12;2025-11-20;3;0
12;2025-11-20;4;7
12;2025-11-20;5;339
12;2025-11-20;6;1390
12;2025-11-20;7;2754
12;2025-11-20;8;3679
12;2025-11-20;9;2491
12;2025-11-20;10;2093
12;2025-11-20;11;2064
12;2025-11-20;12;2127
12;2025-11-20;13;2090
12;2025-11-20;14;2066
12;2025-11-20;15;2344
12;2025-11-20;16;2850
12;2025-11-20;17;3110
12;2025-11-20;18;3274
12;2025-11-20;19;2568
12;2025-11-20;20;1584
12;2025-11-20;21;953
12;2025-11-20;22;499
12;2025-11-20;23;264
12;2025-11-21;0;60
12;2025-11-21;1;3
12;2025-11-21;2;1
12;2025-11-21;3;1
12;2025-11-21;4;7
12;2025-11-21;5;332
12;2025-11-21;6;1356
12;2025-11-21;7;2716
12;2025-11-21;8;3525
12;2025-11-21;9;2465
12;2025-11-21;10;2016
12;2025-11-21;11;2037
12;2025-11-21;12;2105
12;2025-11-21;13;2097
12;2025-11-21;14;2096
12;2025-11-21;15;2434
12;2025-11-21;16;2997
12;2025-11-21;17;3061
12;2025-11-21;18;2777
12;2025-11-21;19;2320
12;2025-11-21;20;1519
12;2025-11-21;21;969
12;2025-11-21;22;517
12;2025-11-21;23;292
12;2025-11-22;0;93
12;2025-11-22;1;5
12;2025-11-22;2;1
12;2025-11-22;3;1
12;2025-11-22;4;3
12;2025-11-22;5;239
12;2025-11-22;6;832
12;2025-11-22;7;892
12;2025-11-22;8;1010
12;2025-11-22;9;1216
12;2025-11-22;10;1467
12;2025-11-22;11;1602
12;2025-11-22;12;1576
12;2025-11-22;13;1834
12;2025-11-22;14;1745
12;2025-11-22;15;1607
12;2025-11-22;16;1696
12;2025-11-22;17;1615
12;2025-11-22;18;1528
12;2025-11-22;19;1464
12;2025-11-22;20;982
12;2025-11-22;21;715
12;2025-11-22;22;434
12;2025-11-22;23;305
12;2025-11-23;0;93
12;2025-11-23;1;6
12;2025-11-23;2;0
12;2025-11-23;3;0
12;2025-11-23;4;2
12;2025-11-23;5;153
12;2025-11-23;6;520
12;2025-11-23;7;599
12;2025-11-23;8;733
12;2025-11-23;9;945
12;2025-11-23;10;1186
12;2025-11-23;11;1325
12;2025-11-23;12;1424
12;2025-11-23;13;1700
12;2025-11-23;14;1569
12;2025-11-23;15;1457
12;2025-11-23;16;1547
12;2025-11-23;17;1576
12;2025-11-23;18;1291
12;2025-11-23;19;1020
12;2025-11-23;20;759
12;2025-11-23;21;605
12;2025-11-23;22;391
12;2025-11-23;23;209
12;2025-11-24;0;61
12;2025-11-24;1;3
12;2025-11-24;2;0
12;2025-11-24;3;0
12;2025-11-24;4;4
12;2025-11-24;5;329
12;2025-11-24;6;1355
12;2025-11-24;7;2716
12;2025-11-24;8;3585
12;2025-11-24;9;2458
12;2025-11-24;10;1979
12;2025-11-24;11;1932
12;2025-11-24;12;2029
12;2025-11-24;13;1986
12;2025-11-24;14;1951
12;2025-11-24;15;2235
12;2025-11-24;16;2772
12;2025-11-24;17;3016
12;2025-11-24;18;3236
12;2025-11-24;19;2496
12;2025-11-24;20;1533
12;2025-11-24;21;902
12;2025-11-24;22;454
12;2025-11-24;23;224
12;2025-11-25;0;54
12;2025-11-25;1;2
12;2025-11-25;2;0
12;2025-11-25;3;0
12;2025-11-25;4;7
12;2025-11-25;5;338
12;2025-11-25;6;1380
12;2025-11-25;7;2778
12;2025-11-25;8;3685
12;2025-11-25;9;2514
12;2025-11-25;10;2074
12;2025-11-25;11;2037
12;2025-11-25;12;2091
12;2025-11-25;13;2073
12;2025-11-25;14;2018
12;2025-11-25;15;2305
12;2025-11-25;16;2818
12;2025-11-25;17;3094
12;2025-11-25;18;3317
12;2025-11-25;19;2577
12;2025-11-25;20;1553
12;2025-11-25;21;928
12;2025-11-25;22;487
12;2025-11-25;23;241
12;2025-11-26;0;55
12;2025-11-26;1;2
12;2025-11-26;2;0
12;2025-11-26;3;0
12;2025-11-26;4;7
12;2025-11-26;5;334
12;2025-11-26;6;1378
12;2025-11-26;7;2731
12;2025-11-26;8;3630
12;2025-11-26;9;2539
12;2025-11-26;10;2075
12;2025-11-26;11;2050
12;2025-11-26;12;2088
12;2025-11-26;13;2075
12;2025-11-26;14;2019
12;2025-11-26;15;2292
12;2025-11-26;16;2811
12;2025-11-26;17;3050
12;2025-11-26;18;3270
12;2025-11-26;19;2546
12;2025-11-26;20;1539
12;2025-11-26;21;952
12;2025-11-26;22;496
12;2025-11-26;23;250
12;2025-11-27;0;57
12;2025-11-27;1;3
12;2025-11-27;2;1
12;2025-11-27;3;1
12;2025-11-27;4;7
12;2025-11-27;5;324
12;2025-11-27;6;1346
12;2025-11-27;7;2717
12;2025-11-27;8;3639
12;2025-11-27;9;2452
12;2025-11-27;10;2042
12;2025-11-27;11;2012
12;2025-11-27;12;2082
12;2025-11-27;13;2045
12;2025-11-27;14;2019
12;2025-11-27;15;2308
12;2025-11-27;16;2816
12;2025-11-27;17;3072
12;2025-11-27;18;3237
12;2025-11-27;19;2529
12;2025-11-27;20;1536
12;2025-11-27;21;925
12;2025-11-27;22;484
12;2025-11-27;23;253
12;2025-11-28;0;54
12;2025-11-28;1;1
12;2025-11-28;2;0
12;2025-11-28;3;0
12;2025-11-28;4;3
12;2025-11-28;5;308
12;2025-11-28;6;1291
12;2025-11-28;7;2650
12;2025-11-28;8;3442
12;2025-11-28;9;2395
12;2025-11-28;10;1936
12;2025-11-28;11;1951
12;2025-11-28;12;2019
12;2025-11-28;13;2004
12;2025-11-28;14;2002
12;2025-11-28;15;2349
12;2025-11-28;16;2919
12;2025-11-28;17;2982
12;2025-11-28;18;2702
12;2025-11-28;19;2246
12;2025-11-28;20;1443
12;2025-11-28;21;919
12;2025-11-28;22;482
12;2025-11-28;23;262
12;2025-11-29;0;80
12;2025-11-29;1;3
12;2025-11-29;2;0
12;2025-11-29;3;0
12;2025-11-29;4;1
12;2025-11-29;5;216
12;2025-11-29;6;783
12;2025-11-29;7;837
12;2025-11-29;8;947
12;2025-11-29;9;1137
12;2025-11-29;10;1387
12;2025-11-29;11;1507
12;2025-11-29;12;1479
12;2025-11-29;13;1719
12;2025-11-29;14;1636
12;2025-11-29;15;1504
12;2025-11-29;16;1598
12;2025-11-29;17;1522
12;2025-11-29;18;1442
12;2025-11-29;19;1384
12;2025-11-29;20;915
12;2025-11-29;21;670
12;2025-11-29;22;394
12;2025-11-29;23;266
12;2025-11-30;0;82
12;2025-11-30;1;4
12;2025-11-30;2;0
12;2025-11-30;3;0
12;2025-11-30;4;1
12;2025-11-30;5;139
12;2025-11-30;6;501
12;2025-11-30;7;574
12;2025-11-30;8;705
12;2025-11-30;9;903
12;2025-11-30;10;1135
12;2025-11-30;11;1269
12;2025-11-30;12;1365
12;2025-11-30;13;1626
12;2025-11-30;14;1501
12;2025-11-30;15;1393
12;2025-11-30;16;1485
12;2025-11-30;17;1518
12;2025-11-30;18;1242
12;2025-11-30;19;978
12;2025-11-30;20;724
12;2025-11-30;21;575
12;2025-11-30;22;366
12;2025-11-30;23;188
12;2025-12-01;0;61
12;2025-12-01;1;3
12;2025-12-01;2;0
12;2025-12-01;3;0
12;2025-12-01;4;4
12;2025-12-01;5;327
12;2025-12-01;6;1355
12;2025-12-01;7;2730
12;2025-12-01;8;3604
12;2025-12-01;9;2470
12;2025-12-01;10;1986
12;2025-12-01;11;1933
12;2025-12-01;12;2035
12;2025-12-01;13;1989
12;2025-12-01;14;1951
12;2025-12-01;15;2245
12;2025-12-01;16;2786
12;2025-12-01;17;3033
12;2025-12-01;18;3255
12;2025-12-01;19;2512
12;2025-12-01;20;1537
12;2025-12-01;21;904
12;2025-12-01;22;456
12;2025-12-01;23;224
12;2025-12-02;0;55
12;2025-12-02;1;2
12;2025-12-02;2;0
12;2025-12-02;3;0
12;2025-12-02;4;7
12;2025-12-02;5;341
12;2025-12-02;6;1391
12;2025-12-02;7;2800
12;2025-12-02;8;3714
12;2025-12-02;9;2534
12;2025-12-02;10;2091
12;2025-12-02;11;2054
12;2025-12-02;12;2107
12;2025-12-02;13;2090
12;2025-12-02;14;2034
12;2025-12-02;15;2323
12;2025-12-02;16;2841
12;2025-12-02;17;3119
12;2025-12-02;18;3343
12;2025-12-02;19;2597
12;2025-12-02;20;1566
12;2025-12-02;21;935
12;2025-12-02;22;491
12;2025-12-02;23;242
12;2025-12-03;0;56
12;2025-12-03;1;2
12;2025-12-03;2;0
12;2025-12-03;3;0
12;2025-12-03;4;7
12;2025-12-03;5;337
12;2025-12-03;6;1389
12;2025-12-03;7;2753
12;2025-12-03;8;3659
12;2025-12-03;9;2560
12;2025-12-03;10;2092
12;2025-12-03;11;2067
12;2025-12-03;12;2104
12;2025-12-03;13;2092
12;2025-12-03;14;2035
12;2025-12-03;15;2310
12;2025-12-03;16;2834
12;2025-12-03;17;3074
12;2025-12-03;18;3296
12;2025-12-03;19;2566
12;2025-12-03;20;1551
12;2025-12-03;21;960
12;2025-12-03;22;500
12;2025-12-03;23;252
12;2025-12-04;0;58
12;2025-12-04;1;3
12;2025-12-04;2;1
12;2025-12-04;3;1
12;2025-12-04;4;7
12;2025-12-04;5;327
12;2025-12-04;6;1357
12;2025-12-04;7;2738
12;2025-12-04;8;3668
12;2025-12-04;9;2472
12;2025-12-04;10;2059
12;2025-12-04;11;2028
12;2025-12-04;12;2098
12;2025-12-04;13;2062
12;2025-12-04;14;2035
12;2025-12-04;15;2326
12;2025-12-04;16;2839
12;2025-12-04;17;3097
12;2025-12-04;18;3263
12;2025-12-04;19;2550
12;2025-12-04;20;1548
12;2025-12-04;21;932
12;2025-12-04;22;488
12;2025-12-04;23;255
12;2025-12-05;0;55
12;2025-12-05;1;1
12;2025-12-05;2;0
12;2025-12-05;3;0
12;2025-12-05;4;3
12;2025-12-05;5;310
12;2025-12-05;6;1302
12;2025-12-05;7;2671
12;2025-12-05;8;3470
12;2025-12-05;9;2414
12;2025-12-05;10;1951
12;2025-12-05;11;1966
12;2025-12-05;12;2035
12;2025-12-05;13;2020
12;2025-12-05;14;2018
12;2025-12-05;15;2368
12;2025-12-05;16;2942
12;2025-12-05;17;3006
12;2025-12-05;18;2723
12;2025-12-05;19;2264
12;2025-12-05;20;1455
12;2025-12-05;21;926
12;2025-12-05;22;486
12;2025-12-05;23;264
12;2025-12-06;0;80
12;2025-12-06;1;3
12;2025-12-06;2;0
12;2025-12-06;3;0
12;2025-12-06;4;1
12;2025-12-06;5;218
12;2025-12-06;6;789
12;2025-12-06;7;844
12;2025-12-06;8;955
12;2025-12-06;9;1147
12;2025-12-06;10;1398
12;2025-12-06;11;1519
12;2025-12-06;12;1490
12;2025-12-06;13;1733
12;2025-12-06;14;1649
12;2025-12-06;15;1516
12;2025-12-06;16;1611
12;2025-12-06;17;1534
12;2025-12-06;18;1454
12;2025-12-06;19;1395
12;2025-12-06;20;922
12;2025-12-06;21;676
12;2025-12-06;22;397
12;2025-12-06;23;268
12;2025-12-07;0;82
12;2025-12-07;1;4
12;2025-12-07;2;0
12;2025-12-07;3;0
12;2025-12-07;4;1
12;2025-12-07;5;140
12;2025-12-07;6;505
12;2025-12-07;7;578
12;2025-12-07;8;710
12;2025-12-07;9;910
12;2025-12-07;10;1144
12;2025-12-07;11;1279
12;2025-12-07;12;1376
12;2025-12-07;13;1639
12;2025-12-07;14;1513
12;2025-12-07;15;1404
12;2025-12-07;16;1497
12;2025-12-07;17;1530
12;2025-12-07;18;1252
12;2025-12-07;19;986
12;2025-12-07;20;730
12;2025-12-07;21;579
12;2025-12-07;22;369
12;2025-12-07;23;190
12;2025-12-08;0;61
12;2025-12-08;1;3
12;2025-12-08;2;0
12;2025-12-08;3;0
12;2025-12-08;4;4
12;2025-12-08;5;327
12;2025-12-08;6;1355
12;2025-12-08;7;2730
12;2025-12-08;8;3604
12;2025-12-08;9;2470
12;2025-12-08;10;1986
12;2025-12-08;11;1933
12;2025-12-08;12;2035
12;2025-12-08;13;1989
12;2025-12-08;14;1951
12;2025-12-08;15;2245
12;2025-12-08;16;2786
12;2025-12-08;17;3033
12;2025-12-08;18;3255
12;2025-12-08;19;2512
12;2025-12-08;20;1537
12;2025-12-08;21;904
12;2025-12-08;22;456
12;2025-12-08;23;224
12;2025-12-09;0;55
12;2025-12-09;1;2
12;2025-12-09;2;0
12;2025-12-09;3;0
12;2025-12-09;4;7
12;2025-12-09;5;341
12;2025-12-09;6;1391
12;2025-12-09;7;2800
12;2025-12-09;8;3714
12;2025-12-09;9;2534
12;2025-12-09;10;2091
12;2025-12-09;11;2054
12;2025-12-09;12;2107
12;2025-12-09;13;2090
12;2025-12-09;14;2034
12;2025-12-09;15;2323
12;2025-12-09;16;2841
12;2025-12-09;17;3119
12;2025-12-09;18;3343
12;2025-12-09;19;2597
12;2025-12-09;20;1566
12;2025-12-09;21;935
12;2025-12-09;22;491
12;2025-12-09;23;242
12;2025-12-10;0;56
12;2025-12-10;1;2
12;2025-12-10;2;0
12;2025-12-10;3;0
12;2025-12-10;4;7
12;2025-12-10;5;337
12;2025-12-10;6;1389
12;2025-12-10;7;2753
12;2025-12-10;8;3659
12;2025-12-10;9;2560
12;2025-12-10;10;2092
12;2025-12-10;11;2067
12;2025-12-10;12;2104
12;2025-12-10;13;2092
12;2025-12-10;14;2035
12;2025-12-10;15;2310
12;2025-12-10;16;2834
12;2025-12-10;17;3074
12;2025-12-10;18;3296
12;2025-12-10;19;2566
12;2025-12-10;20;1551
12;2025-12-10;21;960
12;2025-12-10;22;500
12;2025-12-10;23;252
12;2025-12-11;0;58
12;2025-12-11;1;3
12;2025-12-11;2;1
12;2025-12-11;3;1
12;2025-12-11;4;7
12;2025-12-11;5;327
12;2025-12-11;6;1357
12;2025-12-11;7;2738
12;2025-12-11;8;3668
12;2025-12-11;9;2472
12;2025-12-11;10;2059
12;2025-12-11;11;2028
12;2025-12-11;12;2098
12;2025-12-11;13;2062
12;2025-12-11;14;2035
12;2025-12-11;15;2326
12;2025-12-11;16;2839
12;2025-12-11;17;3097
12;2025-12-11;18;3263
12;2025-12-11;19;2550
12;2025-12-11;20;1548
12;2025-12-11;21;932
12;2025-12-11;22;488
12;2025-12-11;23;255
12;2025-12-12;0;55
12;2025-12-12;1;1
12;2025-12-12;2;0
12;2025-12-12;3;0
12;2025-12-12;4;3
12;2025-12-12;5;310
12;2025-12-12;6;1302
12;2025-12-12;7;2671
12;2025-12-12;8;3470
12;2025-12-12;9;2414
12;2025-12-12;10;1951
12;2025-12-12;11;1966
12;2025-12-12;12;2035
12;2025-12-12;13;2020
12;2025-12-12;14;2018
12;2025-12-12;15;2368
12;2025-12-12;16;2942
12;2025-12-12;17;3006
12;2025-12-12;18;2723
12;2025-12-12;19;2264
12;2025-12-12;20;1455
12;2025-12-12;21;926
12;2025-12-12;22;486
12;2025-12-12;23;264
12;2025-12-13;0;80
12;2025-12-13;1;3
12;2025-12-13;2;0
12;2025-12-13;3;0
12;2025-12-13;4;1
12;2025-12-13;5;218
12;2025-12-13;6;789
12;2025-12-13;7;844
12;2025-12-13;8;955
12;2025-12-13;9;1147
12;2025-12-13;10;1398
12;2025-12-13;11;1519
12;2025-12-13;12;1490
12;2025-12-13;13;1733
12;2025-12-13;14;1649
12;2025-12-13;15;1516
12;2025-12-13;16;1611
12;2025-12-13;17;1534
12;2025-12-13;18;1454
12;2025-12-13;19;1395
12;2025-12-13;20;922
12;2025-12-13;21;676
12;2025-12-13;22;397
12;2025-12-13;23;268
12;2025-12-14;0;82
12;2025-12-14;1;4
12;2025-12-14;2;0
12;2025-12-14;3;0
12;2025-12-14;4;1
12;2025-12-14;5;140
12;2025-12-14;6;505
12;2025-12-14;7;578
12;2025-12-14;8;710
12;2025-12-14;9;910
12;2025-12-14;10;1144
12;2025-12-14;11;1279
12;2025-12-14;12;1376
12;2025-12-14;13;1639
12;2025-12-14;14;1513
12;2025-12-14;15;1404
12;2025-12-14;16;1497
12;2025-12-14;17;1530
12;2025-12-14;18;1252
12;2025-12-14;19;986
12;2025-12-14;20;730
12;2025-12-14;21;579
12;2025-12-14;22;369
12;2025-12-14;23;190
12;2025-12-15;0;61
12;2025-12-15;1;3
12;2025-12-15;2;0
12;2025-12-15;3;0
12;2025-12-15;4;4
12;2025-12-15;5;327
12;2025-12-15;6;1355
12;2025-12-15;7;2730
12;2025-12-15;8;3604
12;2025-12-15;9;2470
12;2025-12-15;10;1986
12;2025-12-15;11;1933
12;2025-12-15;12;2035
12;2025-12-15;13;1989
12;2025-12-15;14;1951
12;2025-12-15;15;2245
12;2025-12-15;16;2786
12;2025-12-15;17;3033
12;2025-12-15;18;3255
12;2025-12-15;19;2512
12;2025-12-15;20;1537
12;2025-12-15;21;904
12;2025-12-15;22;456
12;2025-12-15;23;224
12;2025-12-16;0;55
12;2025-12-16;1;2
12;2025-12-16;2;0
12;2025-12-16;3;0
12;2025-12-16;4;7
12;2025-12-16;5;341
12;2025-12-16;6;1391
12;2025-12-16;7;2800
12;2025-12-16;8;3714
12;2025-12-16;9;2534
12;2025-12-16;10;2091
12;2025-12-16;11;2054
12;2025-12-16;12;2107
12;2025-12-16;13;2090
12;2025-12-16;14;2034
12;2025-12-16;15;2323
12;2025-12-16;16;2841
12;2025-12-16;17;3119
12;2025-12-16;18;3343
12;2025-12-16;19;2597
12;2025-12-16;20;1566
12;2025-12-16;21;935
12;2025-12-16;22;491
12;2025-12-16;23;242
12;2025-12-17;0;56
12;2025-12-17;1;2
12;2025-12-17;2;0
12;2025-12-17;3;0
12;2025-12-17;4;7
12;2025-12-17;5;337
12;2025-12-17;6;1389
12;2025-12-17;7;2753
12;2025-12-17;8;3659
12;2025-12-17;9;2560
12;2025-12-17;10;2092
12;2025-12-17;11;2067
12;2025-12-17;12;2104
12;2025-12-17;13;2092
12;2025-12-17;14;2035
12;2025-12-17;15;2310
12;2025-12-17;16;2834
12;2025-12-17;17;3074
12;2025-12-17;18;3296
12;2025-12-17;19;2566
12;2025-12-17;20;1551
12;2025-12-17;21;960
12;2025-12-17;22;500
12;2025-12-17;23;252
12;2025-12-18;0;58
12;2025-12-18;1;3
12;2025-12-18;2;1
12;2025-12-18;3;1
12;2025-12-18;4;7
12;2025-12-18;5;327
12;2025-12-18;6;1357
12;2025-12-18;7;2738
12;2025-12-18;8;3668
12;2025-12-18;9;2472
12;2025-12-18;10;2059
12;2025-12-18;11;2028
12;2025-12-18;12;2098
12;2025-12-18;13;2062
12;2025-12-18;14;2035
12;2025-12-18;15;2326
12;2025-12-18;16;2839
12;2025-12-18;17;3097
12;2025-12-18;18;3263
12;2025-12-18;19;2550
12;2025-12-18;20;1548
12;2025-12-18;21;932
12;2025-12-18;22;488
12;2025-12-18;23;255
12;2025-12-19;0;55
12;2025-12-19;1;1
12;2025-12-19;2;0
12;2025-12-19;3;0
12;2025-12-19;4;3
12;2025-12-19;5;310
12;2025-12-19;6;1302
12;2025-12-19;7;2671
12;2025-12-19;8;3470
12;2025-12-19;9;2414
12;2025-12-19;10;1951
12;2025-12-19;11;1966
12;2025-12-19;12;2035
12;2025-12-19;13;2020
12;2025-12-19;14;2018
12;2025-12-19;15;2368
12;2025-12-19;16;2942
12;2025-12-19;17;3006
12;2025-12-19;18;2723
12;2025-12-19;19;2264
12;2025-12-19;20;1455
12;2025-12-19;21;926
12;2025-12-19;22;486
12;2025-12-19;23;264
12;2025-12-20;0;80
12;2025-12-20;1;3
12;2025-12-20;2;0
12;2025-12-20;3;0
12;2025-12-20;4;1
12;2025-12-20;5;218
12;2025-12-20;6;789
12;2025-12-20;7;844
12;2025-12-20;8;955
12;2025-12-20;9;1147
12;2025-12-20;10;1398
12;2025-12-20;11;1519
12;2025-12-20;12;1490
12;2025-12-20;13;1733
12;2025-12-20;14;1649
12;2025-12-20;15;1516
12;2025-12-20;16;1611
12;2025-12-20;17;1534
12;2025-12-20;18;1454
12;2025-12-20;19;1395
12;2025-12-20;20;922
12;2025-12-20;21;676
12;2025-12-20;22;397
12;2025-12-20;23;268
12;2025-12-21;0;82
12;2025-12-21;1;4
12;2025-12-21;2;0
12;2025-12-21;3;0
12;2025-12-21;4;1
12;2025-12-21;5;140
12;2025-12-21;6;505
12;2025-12-21;7;578
12;2025-12-21;8;710
12;2025-12-21;9;910
12;2025-12-21;10;1144
12;2025-12-21;11;1279
12;2025-12-21;12;1376
12;2025-12-21;13;1639
12;2025-12-21;14;1513
12;2025-12-21;15;1404
12;2025-12-21;16;1497
12;2025-12-21;17;1530
12;2025-12-21;18;1252
12;2025-12-21;19;986
12;2025-12-21;20;730
12;2025-12-21;21;579
12;2025-12-21;22;369
12;2025-12-21;23;190
12;2025-12-22;0;61
12;2025-12-22;1;3
12;2025-12-22;2;0
12;2025-12-22;3;0
12;2025-12-22;4;4
12;2025-12-22;5;327
12;2025-12-22;6;1355
12;2025-12-22;7;2730
12;2025-12-22;8;3604
12;2025-12-22;9;2470
12;2025-12-22;10;1986
12;2025-12-22;11;1933
12;2025-12-22;12;2035
12;2025-12-22;13;1989
12;2025-12-22;14;1951
12;2025-12-22;15;2245
12;2025-12-22;16;2786
12;2025-12-22;17;3033
12;2025-12-22;18;3255
12;2025-12-22;19;2512
12;2025-12-22;20;1537
12;2025-12-22;21;904
12;2025-12-22;22;456
12;2025-12-22;23;224
12;2025-12-23;0;55
12;2025-12-23;1;2
12;2025-12-23;2;0
12;2025-12-23;3;0
12;2025-12-23;4;7
12;2025-12-23;5;341
12;2025-12-23;6;1391
12;2025-12-23;7;2800
12;2025-12-23;8;3714
12;2025-12-23;9;2534
12;2025-12-23;10;2091
12;2025-12-23;11;2054
12;2025-12-23;12;2107
12;2025-12-23;13;2090
12;2025-12-23;14;2034
12;2025-12-23;15;2323
12;2025-12-23;16;2841
12;2025-12-23;17;3119
12;2025-12-23;18;3343
12;2025-12-23;19;2597
12;2025-12-23;20;1566
12;2025-12-23;21;935
12;2025-12-23;22;491
12;2025-12-23;23;242
12;2025-12-24;0;56
12;2025-12-24;1;2
12;2025-12-24;2;0
12;2025-12-24;3;0
12;2025-12-24;4;7
12;2025-12-24;5;337
12;2025-12-24;6;1389
12;2025-12-24;7;2753
12;2025-12-24;8;3659
12;2025-12-24;9;2560
12;2025-12-24;10;2092
12;2025-12-24;11;2067
12;2025-12-24;12;2104
12;2025-12-24;13;2092
12;2025-12-24;14;2035
12;2025-12-24;15;2310
12;2025-12-24;16;2834
12;2025-12-24;17;3074
12;2025-12-24;18;3296
12;2025-12-24;19;2566
12;2025-12-24;20;1551
12;2025-12-24;21;960
12;2025-12-24;22;500
12;2025-12-24;23;252
12;2025-12-25;0;58
12;2025-12-25;1;3
12;2025-12-25;2;1
12;2025-12-25;3;1
12;2025-12-25;4;7
12;2025-12-25;5;327
12;2025-12-25;6;1357
12;2025-12-25;7;2738
12;2025-12-25;8;3668
12;2025-12-25;9;2472
12;2025-12-25;10;2059
12;2025-12-25;11;2028
12;2025-12-25;12;2098
12;2025-12-25;13;2062
12;2025-12-25;14;2035
12;2025-12-25;15;2326
12;2025-12-25;16;2839
12;2025-12-25;17;3097
12;2025-12-25;18;3263
12;2025-12-25;19;2550
12;2025-12-25;20;1548
12;2025-12-25;21;932
12;2025-12-25;22;488
12;2025-12-25;23;255
12;2025-12-26;0;55
12;2025-12-26;1;1
12;2025-12-26;2;0
12;2025-12-26;3;0
12;2025-12-26;4;3
12;2025-12-26;5;310
12;2025-12-26;6;1302
12;2025-12-26;7;2671
12;2025-12-26;8;3470
12;2025-12-26;9;2414
12;2025-12-26;10;1951
12;2025-12-26;11;1966
12;2025-12-26;12;2035
12;2025-12-26;13;2020
12;2025-12-26;14;2018
12;2025-12-26;15;2368
12;2025-12-26;16;2942
12;2025-12-26;17;3006
12;2025-12-26;18;2723
12;2025-12-26;19;2264
12;2025-12-26;20;1455
12;2025-12-26;21;926
12;2025-12-26;22;486
12;2025-12-26;23;264
12;2025-12-27;0;80
12;2025-12-27;1;3
12;2025-12-27;2;0
12;2025-12-27;3;0
12;2025-12-27;4;1
12;2025-12-27;5;218
12;2025-12-27;6;789
12;2025-12-27;7;844
12;2025-12-27;8;955
12;2025-12-27;9;1147
12;2025-12-27;10;1398
12;2025-12-27;11;1519
12;2025-12-27;12;1490
12;2025-12-27;13;1733
12;2025-12-27;14;1649
12;2025-12-27;15;1516
12;2025-12-27;16;1611
12;2025-12-27;17;1534
12;2025-12-27;18;1454
12;2025-12-27;19;1395
12;2025-12-27;20;922
12;2025-12-27;21;676
12;2025-12-27;22;397
12;2025-12-27;23;268
12;2025-12-28;0;82
12;2025-12-28;1;4
12;2025-12-28;2;0
12;2025-12-28;3;0
12;2025-12-28;4;1
12;2025-12-28;5;140
12;2025-12-28;6;505
12;2025-12-28;7;578
12;2025-12-28;8;710
12;2025-12-28;9;910
12;2025-12-28;10;1144
12;2025-12-28;11;1279
12;2025-12-28;12;1376
12;2025-12-28;13;1639
12;2025-12-28;14;1513
12;2025-12-28;15;1404
12;2025-12-28;16;1497
12;2025-12-28;17;1530
12;2025-12-28;18;1252
12;2025-12-28;19;986
12;2025-12-28;20;730
12;2025-12-28;21;579
12;2025-12-28;22;369
12;2025-12-28;23;190
12;2025-12-29;0;55
12;2025-12-29;1;3
12;2025-12-29;2;0
12;2025-12-29;3;0
12;2025-12-29;4;4
12;2025-12-29;5;296
12;2025-12-29;6;1227
12;2025-12-29;7;2474
12;2025-12-29;8;3265
12;2025-12-29;9;2237
12;2025-12-29;10;1799
12;2025-12-29;11;1750
12;2025-12-29;12;1844
12;2025-12-29;13;1802
12;2025-12-29;14;1768
12;2025-12-29;15;2033
12;2025-12-29;16;2523
12;2025-12-29;17;2748
12;2025-12-29;18;2948
12;2025-12-29;19;2276
12;2025-12-29;20;1393
12;2025-12-29;21;819
12;2025-12-29;22;413
12;2025-12-29;23;202
12;2025-12-30;0;49
12;2025-12-30;1;1
12;2025-12-30;2;0
12;2025-12-30;3;0
12;2025-12-30;4;6
12;2025-12-30;5;309
12;2025-12-30;6;1260
12;2025-12-30;7;2520
12;2025-12-30;8;3312
12;2025-12-30;9;2303
12;2025-12-30;10;1900
12;2025-12-30;11;1877
12;2025-12-30;12;1929
12;2025-12-30;13;1915
12;2025-12-30;14;1880
12;2025-12-30;15;2141
12;2025-12-30;16;2578
12;2025-12-30;17;2779
12;2025-12-30;18;2912
12;2025-12-30;19;2315
12;2025-12-30;20;1405
12;2025-12-30;21;838
12;2025-12-30;22;442
12;2025-12-30;23;217
12;2025-12-31;0;72
12;2025-12-31;1;9
12;2025-12-31;2;5
12;2025-12-31;3;5
12;2025-12-31;4;4
12;2025-12-31;5;146
12;2025-12-31;6;476
12;2025-12-31;7;532
12;2025-12-31;8;642
12;2025-12-31;9;794
12;2025-12-31;10;965
12;2025-12-31;11;1037
12;2025-12-31;12;1114
12;2025-12-31;13;1336
12;2025-12-31;14;1256
12;2025-12-31;15;1167
12;2025-12-31;16;1276
12;2025-12-31;17;1306
12;2025-12-31;18;1140
12;2025-12-31;19;930
12;2025-12-31;20;0
12;2025-12-31;21;0
12;2025-12-31;22;0
12;2025-12-31;23;0
17;2025-11-01;0;123
17;2025-11-01;1;12
17;2025-11-01;2;0
17;2025-11-01;3;0
17;2025-11-01;4;24
17;2025-11-01;5;282
17;2025-11-01;6;1369
17;2025-11-01;7;3593
17;2025-11-01;8;4678
17;2025-11-01;9;3421
17;2025-11-01;10;2677
17;2025-11-01;11;2683
17;2025-11-01;12;2793
17;2025-11-01;13;2913
17;2025-11-01;14;3011
17;2025-11-01;15;3250
17;2025-11-01;16;3636
17;2025-11-01;17;4134
17;2025-11-01;18;3880
17;2025-11-01;19;2942
17;2025-11-01;20;2081
17;2025-11-01;21;1369
17;2025-11-01;22;796
17;2025-11-01;23;406
17;2025-11-02;0;186
17;2025-11-02;1;38
17;2025-11-02;2;12
17;2025-11-02;3;11
17;2025-11-02;4;13
17;2025-11-02;5;105
17;2025-11-02;6;426
17;2025-11-02;7;757
17;2025-11-02;8;1149
17;2025-11-02;9;1531
17;2025-11-02;10;1806
17;2025-11-02;11;2315
17;2025-11-02;12;2709
17;2025-11-02;13;3020
17;2025-11-02;14;3102
17;2025-11-02;15;3104
17;2025-11-02;16;3062
17;2025-11-02;17;2859
17;2025-11-02;18;2525
17;2025-11-02;19;2074
17;2025-11-02;20;1610
17;2025-11-02;21;1171
17;2025-11-02;22;754
17;2025-11-02;23;372
17;2025-11-03;0;178
17;2025-11-03;1;33
17;2025-11-03;2;6
17;2025-11-03;3;6
17;2025-11-03;4;10
17;2025-11-03;5;108
17;2025-11-03;6;410
17;2025-11-03;7;748
17;2025-11-03;8;1111
17;2025-11-03;9;1468
17;2025-11-03;10;1721
17;2025-11-03;11;2232
17;2025-11-03;12;2586
17;2025-11-03;13;2840
17;2025-11-03;14;2927
17;2025-11-03;15;2925
17;2025-11-03;16;2874
17;2025-11-03;17;2749
17;2025-11-03;18;2450
17;2025-11-03;19;2015
17;2025-11-03;20;1553
17;2025-11-03;21;1129
17;2025-11-03;22;714
17;2025-11-03;23;336
17;2025-11-04;0;174
17;2025-11-04;1;35
17;2025-11-04;2;7
17;2025-11-04;3;7
17;2025-11-04;4;7
17;2025-11-04;5;104
17;2025-11-04;6;414
17;2025-11-04;7;736
17;2025-11-04;8;1108
17;2025-11-04;9;1467
17;2025-11-04;10;1734
17;2025-11-04;11;2244
17;2025-11-04;12;2612
17;2025-11-04;13;2865
17;2025-11-04;14;2946
17;2025-11-04;15;2940
17;2025-11-04;16;2877
17;2025-11-04;17;2747
17;2025-11-04;18;2421
17;2025-11-04;19;1980
17;2025-11-04;20;1503
17;2025-11-04;21;1094
17;2025-11-04;22;691
17;2025-11-04;23;315
17;2025-11-05;0;115
17;2025-11-05;1;7
17;2025-11-05;2;0
17;2025-11-05;3;0
17;2025-11-05;4;17
17;2025-11-05;5;304
17;2025-11-05;6;1505
17;2025-11-05;7;4029
17;2025-11-05;8;5395
17;2025-11-05;9;3784
17;2025-11-05;10;2927
17;2025-11-05;11;2884
17;2025-11-05;12;2964
17;2025-11-05;13;3036
17;2025-11-05;14;3085
17;2025-11-05;15;3250
17;2025-11-05;16;3629
17;2025-11-05;17;4505
17;2025-11-05;18;4995
17;2025-11-05;19;3471
17;2025-11-05;20;2305
17;2025-11-05;21;1437
17;2025-11-05;22;775
17;2025-11-05;23;348
17;2025-11-06;0;131
17;2025-11-06;1;10
17;2025-11-06;2;0
17;2025-11-06;3;0
17;2025-11-06;4;24
17;2025-11-06;5;320
17;2025-11-06;6;1533
17;2025-11-06;7;4058
17;2025-11-06;8;5417
17;2025-11-06;9;3827
17;2025-11-06;10;2987
17;2025-11-06;11;2907
17;2025-11-06;12;3019
17;2025-11-06;13;3100
17;2025-11-06;14;3159
17;2025-11-06;15;3323
17;2025-11-06;16;3723
17;2025-11-06;17;4571
17;2025-11-06;18;5019
17;2025-11-06;19;3506
17;2025-11-06;20;2385
17;2025-11-06;21;1503
17;2025-11-06;22;840
17;2025-11-06;23;399
17;2025-11-07;0;138
17;2025-11-07;1;14
17;2025-11-07;2;0
17;2025-11-07;3;0
17;2025-11-07;4;25
17;2025-11-07;5;315
17;2025-11-07;6;1519
17;2025-11-07;7;4012
17;2025-11-07;8;5275
17;2025-11-07;9;3800
17;2025-11-07;10;2947
17;2025-11-07;11;2910
17;2025-11-07;12;3029
17;2025-11-07;13;3140
17;2025-11-07;14;3216
17;2025-11-07;15;3476
17;2025-11-07;16;3955
17;2025-11-07;17;4633
17;2025-11-07;18;4476
17;2025-11-07;19;3322
17;2025-11-07;20;2342
17;2025-11-07;21;1537
17;2025-11-07;22;879
17;2025-11-07;23;445
17;2025-11-08;0;196
17;2025-11-08;1;25
17;2025-11-08;2;1
17;2025-11-08;3;1
17;2025-11-08;4;5
17;2025-11-08;5;123
17;2025-11-08;6;549
17;2025-11-08;7;1167
17;2025-11-08;8;1731
17;2025-11-08;9;2196
17;2025-11-08;10;2394
17;2025-11-08;11;2888
17;2025-11-08;12;3319
17;2025-11-08;13;3489
17;2025-11-08;14;3506
17;2025-11-08;15;3522
17;2025-11-08;16;3638
17;2025-11-08;17;3440
17;2025-11-08;18;3025
17;2025-11-08;19;2463
17;2025-11-08;20;1925
17;2025-11-08;21;1371
17;2025-11-08;22;858
17;2025-11-08;23;451
17;2025-11-09;0;196
17;2025-11-09;1;27
17;2025-11-09;2;1
17;2025-11-09;3;1
17;2025-11-09;4;4
17;2025-11-09;5;98
17;2025-11-09;6;437
17;2025-11-09;7;805
17;2025-11-09;8;1234
17;2025-11-09;9;1677
17;2025-11-09;10;1966
17;2025-11-09;11;2515
17;2025-11-09;12;2921
17;2025-11-09;13;3264
17;2025-11-09;14;3345
17;2025-11-09;15;3344
17;2025-11-09;16;3284
17;2025-11-09;17;3036
17;2025-11-09;18;2664
17;2025-11-09;19;2155
17;2025-11-09;20;1647
17;2025-11-09;21;1205
17;2025-11-09;22;769
17;2025-11-09;23;347
17;2025-11-10;0;115
17;2025-11-10;1;13
17;2025-11-10;2;1
17;2025-11-10;3;1
17;2025-11-10;4;26
17;2025-11-10;5;305
17;2025-11-10;6;1521
17;2025-11-10;7;4049
17;2025-11-10;8;5445
17;2025-11-10;9;3784
17;2025-11-10;10;2870
17;2025-11-10;11;2822
17;2025-11-10;12;2881
17;2025-11-10;13;2966
17;2025-11-10;14;3007
17;2025-11-10;15;3223
17;2025-11-10;16;3622
17;2025-11-10;17;4498
17;2025-11-10;18;5032
17;2025-11-10;19;3505
17;2025-11-10;20;2330
17;2025-11-10;21;1419
17;2025-11-10;22;766
17;2025-11-10;23;333
17;2025-11-11;0;116
17;2025-11-11;1;11
17;2025-11-11;2;0
17;2025-11-11;3;0
17;2025-11-11;4;27
17;2025-11-11;5;319
17;2025-11-11;6;1562
17;2025-11-11;7;4131
17;2025-11-11;8;5526
17;2025-11-11;9;3884
17;2025-11-11;10;2997
17;2025-11-11;11;2924
17;2025-11-11;12;3018
17;2025-11-11;13;3082
17;2025-11-11;14;3155
17;2025-11-11;15;3308
17;2025-11-11;16;3686
17;2025-11-11;17;4616
17;2025-11-11;18;5097
17;2025-11-11;19;3556
17;2025-11-11;20;2395
17;2025-11-11;21;1472
17;2025-11-11;22;801
17;2025-11-11;23;360
17;2025-11-12;0;129
17;2025-11-12;1;13
17;2025-11-12;2;1
17;2025-11-12;3;0
17;2025-11-12;4;29
17;2025-11-12;5;323
17;2025-11-12;6;1549
17;2025-11-12;7;4090
17;2025-11-12;8;5459
17;2025-11-12;9;3844
17;2025-11-12;10;2998
17;2025-11-12;11;2954
17;2025-11-12;12;3033
17;2025-11-12;13;3108
17;2025-11-12;14;3161
17;2025-11-12;15;3327
17;2025-11-12;16;3701
17;2025-11-12;17;4573
17;2025-11-12;18;5076
17;2025-11-12;19;3544
17;2025-11-12;20;2382
17;2025-11-12;21;1506
17;2025-11-12;22;832
17;2025-11-12;23;391
17;2025-11-13;0;135
17;2025-11-13;1;12
17;2025-11-13;2;0
17;2025-11-13;3;0
17;2025-11-13;4;27
17;2025-11-13;5;323
17;2025-11-13;6;1549
17;2025-11-13;7;4080
17;2025-11-13;8;5453
17;2025-11-13;9;3846
17;2025-11-13;10;3012
17;2025-11-13;11;2930
17;2025-11-13;12;3046
17;2025-11-13;13;3137
17;2025-11-13;14;3198
17;2025-11-13;15;3362
17;2025-11-13;16;3755
17;2025-11-13;17;4602
17;2025-11-13;18;5062
17;2025-11-13;19;3538
17;2025-11-13;20;2413
17;2025-11-13;21;1526
17;2025-11-13;22;859
17;2025-11-13;23;413
17;2025-11-14;0;143
17;2025-11-14;1;16
17;2025-11-14;2;0
17;2025-11-14;3;0
17;2025-11-14;4;29
17;2025-11-14;5;323
17;2025-11-14;6;1543
17;2025-11-14;7;4044
17;2025-11-14;8;5325
17;2025-11-14;9;3829
17;2025-11-14;10;2981
17;2025-11-14;11;2945
17;2025-11-14;12;3071
17;2025-11-14;13;3200
17;2025-11-14;14;3277
17;2025-11-14;15;3534
17;2025-11-14;16;4011
17;2025-11-14;17;4684
17;2025-11-14;18;4529
17;2025-11-14;19;3370
17;2025-11-14;20;2387
17;2025-11-14;21;1574
17;2025-11-14;22;907
17;2025-11-14;23;467
17;2025-11-15;0;202
17;2025-11-15;1;27
17;2025-11-15;2;1
17;2025-11-15;3;1
17;2025-11-15;4;6
17;2025-11-15;5;132
17;2025-11-15;6;564
17;2025-11-15;7;1194
17;2025-11-15;8;1767
17;2025-11-15;9;2238
17;2025-11-15;10;2443
17;2025-11-15;11;2947
17;2025-11-15;12;3390
17;2025-11-15;13;3573
17;2025-11-15;14;3592
17;2025-11-15;15;3607
17;2025-11-15;16;3718
17;2025-11-15;17;3519
17;2025-11-15;18;3101
17;2025-11-15;19;2536
17;2025-11-15;20;1986
17;2025-11-15;21;1417
17;2025-11-15;22;902
17;2025-11-15;23;483
17;2025-11-16;0;199
17;2025-11-16;1;29
17;2025-11-16;2;2
17;2025-11-16;3;2
17;2025-11-16;4;6
17;2025-11-16;5;104
17;2025-11-16;6;444
17;2025-11-16;7;812
17;2025-11-16;8;1246
17;2025-11-16;9;1693
17;2025-11-16;10;1986
17;2025-11-16;11;2551
17;2025-11-16;12;2966
17;2025-11-16;13;3317
17;2025-11-16;14;3395
17;2025-11-16;15;3396
17;2025-11-16;16;3333
17;2025-11-16;17;3080
17;2025-11-16;18;2704
17;2025-11-16;19;2182
17;2025-11-16;20;1670
17;2025-11-16;21;1222
17;2025-11-16;22;781
17;2025-11-16;23;355
17;2025-11-17;0;115
17;2025-11-17;1;13
17;2025-11-17;2;0
17;2025-11-17;3;0
17;2025-11-17;4;26
17;2025-11-17;5;308
17;2025-11-17;6;1528
17;2025-11-17;7;4062
17;2025-11-17;8;5454
17;2025-11-17;9;3797
17;2025-11-17;10;2880
17;2025-11-17;11;2834
17;2025-11-17;12;2893
17;2025-11-17;13;2981
17;2025-11-17;14;3024
17;2025-11-17;15;3240
17;2025-11-17;16;3637
17;2025-11-17;17;4511
17;2025-11-17;18;5044
17;2025-11-17;19;3516
17;2025-11-17;20;2336
17;2025-11-17;21;1424
17;2025-11-17;22;765
17;2025-11-17;23;331
17;2025-11-18;0;116
17;2025-11-18;1;11
17;2025-11-18;2;0
17;2025-11-18;3;0
17;2025-11-18;4;28
17;2025-11-18;5;320
17;2025-11-18;6;1567
17;2025-11-18;7;4140
17;2025-11-18;8;5532
17;2025-11-18;9;3892
17;2025-11-18;10;3004
17;2025-11-18;11;2925
17;2025-11-18;12;3019
17;2025-11-18;13;3086
17;2025-11-18;14;3162
17;2025-11-18;15;3317
17;2025-11-18;16;3696
17;2025-11-18;17;4623
17;2025-11-18;18;5104
17;2025-11-18;19;3563
17;2025-11-18;20;2398
17;2025-11-18;21;1474
17;2025-11-18;22;798
17;2025-11-18;23;355
17;2025-11-19;0;129
17;2025-11-19;1;14
17;2025-11-19;2;2
17;2025-11-19;3;1
17;2025-11-19;4;30
17;2025-11-19;5;323
17;2025-11-19;6;1553
17;2025-11-19;7;4100
17;2025-11-19;8;5466
17;2025-11-19;9;3855
17;2025-11-19;10;3004
17;2025-11-19;11;2954
17;2025-11-19;12;3033
17;2025-11-19;13;3111
17;2025-11-19;14;3168
17;2025-11-19;15;3336
17;2025-11-19;16;3711
17;2025-11-19;17;4581
17;2025-11-19;18;5082
17;2025-11-19;19;3549
17;2025-11-19;20;2383
17;2025-11-19;21;1504
17;2025-11-19;22;828
17;2025-11-19;23;385
17;2025-11-20;0;137
17;2025-11-20;1;14
17;2025-11-20;2;2
17;2025-11-20;3;2
17;2025-11-20;4;29
17;2025-11-20;5;326
17;2025-11-20;6;1554
17;2025-11-20;7;4089
17;2025-11-20;8;5458
17;2025-11-20;9;3856
17;2025-11-20;10;3021
17;2025-11-20;11;2936
17;2025-11-20;12;3054
17;2025-11-20;13;3150
17;2025-11-20;14;3213
17;2025-11-20;15;3377
17;2025-11-20;16;3766
17;2025-11-20;17;4607
17;2025-11-20;18;5066
17;2025-11-20;19;3544
17;2025-11-20;20;2414
17;2025-11-20;21;1526
17;2025-11-20;22;857
17;2025-11-20;23;408
17;2025-11-21;0;144
17;2025-11-21;1;19
17;2025-11-21;2;3
17;2025-11-21;3;3
17;2025-11-21;4;32
17;2025-11-21;5;323
17;2025-11-21;6;1545
17;2025-11-21;7;4048
17;2025-11-21;8;5326
17;2025-11-21;9;3835
17;2025-11-21;10;2985
17;2025-11-21;11;2947
17;2025-11-21;12;3074
17;2025-11-21;13;3207
17;2025-11-21;14;3286
17;2025-11-21;15;3541
17;2025-11-21;16;4014
17;2025-11-21;17;4679
17;2025-11-21;18;4524
17;2025-11-21;19;3370
17;2025-11-21;20;2381
17;2025-11-21;21;1569
17;2025-11-21;22;904
17;2025-11-21;23;461
17;2025-11-22;0;200
17;2025-11-22;1;27
17;2025-11-22;2;2
17;2025-11-22;3;2
17;2025-11-22;4;7
17;2025-11-22;5;131
17;2025-11-22;6;560
17;2025-11-22;7;1184
17;2025-11-22;8;1755
17;2025-11-22;9;2226
17;2025-11-22;10;2428
17;2025-11-22;11;2935
17;2025-11-22;12;3376
17;2025-11-22;13;3556
17;2025-11-22;14;3576
17;2025-11-22;15;3593
17;2025-11-22;16;3704
17;2025-11-22;17;3500
17;2025-11-22;18;3088
17;2025-11-22;19;2522
17;2025-11-22;20;1971
17;2025-11-22;21;1407
17;2025-11-22;22;898
17;2025-11-22;23;479
17;2025-11-23;0;194
17;2025-11-23;1;28
17;2025-11-23;2;2
17;2025-11-23;3;2
17;2025-11-23;4;5
17;2025-11-23;5;101
17;2025-11-23;6;436
17;2025-11-23;7;801
17;2025-11-23;8;1228
17;2025-11-23;9;1663
17;2025-11-23;10;1949
17;2025-11-23;11;2507
17;2025-11-23;12;2921
17;2025-11-23;13;3282
17;2025-11-23;14;3361
17;2025-11-23;15;3362
17;2025-11-23;16;3293
17;2025-11-23;17;3036
17;2025-11-23;18;2651
17;2025-11-23;19;2141
17;2025-11-23;20;1639
17;2025-11-23;21;1201
17;2025-11-23;22;767
17;2025-11-23;23;345
17;2025-11-24;0;113
17;2025-11-24;1;13
17;2025-11-24;2;0
17;2025-11-24;3;0
17;2025-11-24;4;25
17;2025-11-24;5;304
17;2025-11-24;6;1511
17;2025-11-24;7;4045
17;2025-11-24;8;5449
17;2025-11-24;9;3780
17;2025-11-24;10;2859
17;2025-11-24;11;2814
17;2025-11-24;12;2879
17;2025-11-24;13;2972
17;2025-11-24;14;3015
17;2025-11-24;15;3233
17;2025-11-24;16;3624
17;2025-11-24;17;4496
17;2025-11-24;18;5019
17;2025-11-24;19;3498
17;2025-11-24;20;2311
17;2025-11-24;21;1413
17;2025-11-24;22;763
17;2025-11-24;23;328
17;2025-11-25;0;113
17;2025-11-25;1;12
17;2025-11-25;2;0
17;2025-11-25;3;0
17;2025-11-25;4;28
17;2025-11-25;5;312
17;2025-11-25;6;1536
17;2025-11-25;7;4107
17;2025-11-25;8;5496
17;2025-11-25;9;3855
17;2025-11-25;10;2953
17;2025-11-25;11;2866
17;2025-11-25;12;2977
17;2025-11-25;13;3052
17;2025-11-25;14;3126
17;2025-11-25;15;3291
17;2025-11-25;16;3672
17;2025-11-25;17;4599
17;2025-11-25;18;5075
17;2025-11-25;19;3538
17;2025-11-25;20;2363
17;2025-11-25;21;1458
17;2025-11-25;22;793
17;2025-11-25;23;351
17;2025-11-26;0;124
17;2025-11-26;1;13
17;2025-11-26;2;2
17;2025-11-26;3;2
17;2025-11-26;4;29
17;2025-11-26;5;313
17;2025-11-26;6;1522
17;2025-11-26;7;4065
17;2025-11-26;8;5429
17;2025-11-26;9;3816
17;2025-11-26;10;2950
17;2025-11-26;11;2894
17;2025-11-26;12;2989
17;2025-11-26;13;3077
17;2025-11-26;14;3130
17;2025-11-26;15;3308
17;2025-11-26;16;3684
17;2025-11-26;17;4556
17;2025-11-26;18;5053
17;2025-11-26;19;3524
17;2025-11-26;20;2349
17;2025-11-26;21;1489
17;2025-11-26;22;820
17;2025-11-26;23;377
17;2025-11-27;0;130
17;2025-11-27;1;13
17;2025-11-27;2;3
17;2025-11-27;3;2
17;2025-11-27;4;28
17;2025-11-27;5;312
17;2025-11-27;6;1495
17;2025-11-27;7;4008
17;2025-11-27;8;5368
17;2025-11-27;9;3771
17;2025-11-27;10;2928
17;2025-11-27;11;2840
17;2025-11-27;12;2969
17;2025-11-27;13;3069
17;2025-11-27;14;3126
17;2025-11-27;15;3301
17;2025-11-27;16;3693
17;2025-11-27;17;4529
17;2025-11-27;18;4987
17;2025-11-27;19;3468
17;2025-11-27;20;2336
17;2025-11-27;21;1478
17;2025-11-27;22;830
17;2025-11-27;23;391
17;2025-11-28;0;131
17;2025-11-28;1;13
17;2025-11-28;2;1
17;2025-11-28;3;1
17;2025-11-28;4;25
17;2025-11-28;5;302
17;2025-11-28;6;1469
17;2025-11-28;7;3936
17;2025-11-28;8;5178
17;2025-11-28;9;3719
17;2025-11-28;10;2862
17;2025-11-28;11;2813
17;2025-11-28;12;2948
17;2025-11-28;13;3076
17;2025-11-28;14;3147
17;2025-11-28;15;3415
17;2025-11-28;16;3893
17;2025-11-28;17;4558
17;2025-11-28;18;4385
17;2025-11-28;19;3255
17;2025-11-28;20;2269
17;2025-11-28;21;1494
17;2025-11-28;22;852
17;2025-11-28;23;420
17;2025-11-29;0;180
17;2025-11-29;1;20
17;2025-11-29;2;0
17;2025-11-29;3;0
17;2025-11-29;4;4
17;2025-11-29;5;107
17;2025-11-29;6;513
17;2025-11-29;7;1106
17;2025-11-29;8;1645
17;2025-11-29;9;2105
17;2025-11-29;10;2291
17;2025-11-29;11;2777
17;2025-11-29;12;3223
17;2025-11-29;13;3403
17;2025-11-29;14;3422
17;2025-11-29;15;3442
17;2025-11-29;16;3561
17;2025-11-29;17;3352
17;2025-11-29;18;2936
17;2025-11-29;19;2378
17;2025-11-29;20;1846
17;2025-11-29;21;1317
17;2025-11-29;22;833
17;2025-11-29;23;422
17;2025-11-30;0;180
17;2025-11-30;1;23
17;2025-11-30;2;1
17;2025-11-30;3;0
17;2025-11-30;4;3
17;2025-11-30;5;87
17;2025-11-30;6;410
17;2025-11-30;7;768
17;2025-11-30;8;1180
17;2025-11-30;9;1594
17;2025-11-30;10;1873
17;2025-11-30;11;2407
17;2025-11-30;12;2813
17;2025-11-30;13;3166
17;2025-11-30;14;3241
17;2025-11-30;15;3245
17;2025-11-30;16;3199
17;2025-11-30;17;2940
17;2025-11-30;18;2564
17;2025-11-30;19;2077
17;2025-11-30;20;1579
17;2025-11-30;21;1155
17;2025-11-30;22;734
17;2025-11-30;23;319
17;2025-12-01;0;111
17;2025-12-01;1;12
17;2025-12-01;2;1
17;2025-12-01;3;0
17;2025-12-01;4;24
17;2025-12-01;5;302
17;2025-12-01;6;1515
17;2025-12-01;7;4078
17;2025-12-01;8;5495
17;2025-12-01;9;3807
17;2025-12-01;10;2876
17;2025-12-01;11;2824
17;2025-12-01;12;2899
17;2025-12-01;13;2992
17;2025-12-01;14;3035
17;2025-12-01;15;3257
17;2025-12-01;16;3652
17;2025-12-01;17;4537
17;2025-12-01;18;5068
17;2025-12-01;19;3530
17;2025-12-01;20;2327
17;2025-12-01;21;1424
17;2025-12-01;22;768
17;2025-12-01;23;328
17;2025-12-02;0;114
17;2025-12-02;1;12
17;2025-12-02;2;0
17;2025-12-02;3;0
17;2025-12-02;4;28
17;2025-12-02;5;316
17;2025-12-02;6;1555
17;2025-12-02;7;4159
17;2025-12-02;8;5566
17;2025-12-02;9;3904
17;2025-12-02;10;2990
17;2025-12-02;11;2903
17;2025-12-02;12;3015
17;2025-12-02;13;3091
17;2025-12-02;14;3166
17;2025-12-02;15;3333
17;2025-12-02;16;3719
17;2025-12-02;17;4658
17;2025-12-02;18;5140
17;2025-12-02;19;3583
17;2025-12-02;20;2394
17;2025-12-02;21;1477
17;2025-12-02;22;803
17;2025-12-02;23;356
17;2025-12-03;0;126
17;2025-12-03;1;14
17;2025-12-03;2;2
17;2025-12-03;3;2
17;2025-12-03;4;29
17;2025-12-03;5;317
17;2025-12-03;6;1541
17;2025-12-03;7;4117
17;2025-12-03;8;5498
17;2025-12-03;9;3865
17;2025-12-03;10;2987
17;2025-12-03;11;2931
17;2025-12-03;12;3027
17;2025-12-03;13;3116
17;2025-12-03;14;3170
17;2025-12-03;15;3350
17;2025-12-03;16;3731
17;2025-12-03;17;4615
17;2025-12-03;18;5118
17;2025-12-03;19;3569
17;2025-12-03;20;2379
17;2025-12-03;21;1508
17;2025-12-03;22;831
17;2025-12-03;23;382
17;2025-12-04;0;132
17;2025-12-04;1;14
17;2025-12-04;2;3
17;2025-12-04;3;2
17;2025-12-04;4;28
17;2025-12-04;5;316
17;2025-12-04;6;1514
17;2025-12-04;7;4059
17;2025-12-04;8;5437
17;2025-12-04;9;3819
17;2025-12-04;10;2965
17;2025-12-04;11;2876
17;2025-12-04;12;3007
17;2025-12-04;13;3108
17;2025-12-04;14;3166
17;2025-12-04;15;3343
17;2025-12-04;16;3740
17;2025-12-04;17;4586
17;2025-12-04;18;5050
17;2025-12-04;19;3512
17;2025-12-04;20;2366
17;2025-12-04;21;1497
17;2025-12-04;22;840
17;2025-12-04;23;396
17;2025-12-05;0;133
17;2025-12-05;1;14
17;2025-12-05;2;1
17;2025-12-05;3;1
17;2025-12-05;4;25
17;2025-12-05;5;306
17;2025-12-05;6;1488
17;2025-12-05;7;3987
17;2025-12-05;8;5245
17;2025-12-05;9;3766
17;2025-12-05;10;2899
17;2025-12-05;11;2849
17;2025-12-05;12;2985
17;2025-12-05;13;3115
17;2025-12-05;14;3187
17;2025-12-05;15;3458
17;2025-12-05;16;3943
17;2025-12-05;17;4617
17;2025-12-05;18;4441
17;2025-12-05;19;3296
17;2025-12-05;20;2298
17;2025-12-05;21;1513
17;2025-12-05;22;863
17;2025-12-05;23;425
17;2025-12-06;0;182
17;2025-12-06;1;20
17;2025-12-06;2;0
17;2025-12-06;3;0
17;2025-12-06;4;4
17;2025-12-06;5;108
17;2025-12-06;6;520
17;2025-12-06;7;1120
17;2025-12-06;8;1666
17;2025-12-06;9;2132
17;2025-12-06;10;2320
17;2025-12-06;11;2813
17;2025-12-06;12;3264
17;2025-12-06;13;3447
17;2025-12-06;14;3466
17;2025-12-06;15;3486
17;2025-12-06;16;3607
17;2025-12-06;17;3395
17;2025-12-06;18;2974
17;2025-12-06;19;2408
17;2025-12-06;20;1870
17;2025-12-06;21;1334
17;2025-12-06;22;843
17;2025-12-06;23;427
17;2025-12-07;0;182
17;2025-12-07;1;23
17;2025-12-07;2;1
17;2025-12-07;3;0
17;2025-12-07;4;3
17;2025-12-07;5;88
17;2025-12-07;6;415
17;2025-12-07;7;778
17;2025-12-07;8;1195
17;2025-12-07;9;1615
17;2025-12-07;10;1897
17;2025-12-07;11;2438
17;2025-12-07;12;2849
17;2025-12-07;13;3207
17;2025-12-07;14;3283
17;2025-12-07;15;3287
17;2025-12-07;16;3240
17;2025-12-07;17;2978
17;2025-12-07;18;2596
17;2025-12-07;19;2103
17;2025-12-07;20;1599
17;2025-12-07;21;1170
17;2025-12-07;22;743
17;2025-12-07;23;323
17;2025-12-08;0;111
17;2025-12-08;1;12
17;2025-12-08;2;1
17;2025-12-08;3;0
17;2025-12-08;4;24
17;2025-12-08;5;302
17;2025-12-08;6;1515
17;2025-12-08;7;4078
17;2025-12-08;8;5495
17;2025-12-08;9;3807
17;2025-12-08;10;2876
17;2025-12-08;11;2824
17;2025-12-08;12;2899
17;2025-12-08;13;2992
17;2025-12-08;14;3035
17;2025-12-08;15;3257
17;2025-12-08;16;3652
17;2025-12-08;17;4537
17;2025-12-08;18;5068
17;2025-12-08;19;3530
17;2025-12-08;20;2327
17;2025-12-08;21;1424
17;2025-12-08;22;768
17;2025-12-08;23;328
17;2025-12-09;0;114
17;2025-12-09;1;12
17;2025-12-09;2;0
17;2025-12-09;3;0
17;2025-12-09;4;28
17;2025-12-09;5;316
17;2025-12-09;6;1555
17;2025-12-09;7;4159
17;2025-12-09;8;5566
17;2025-12-09;9;3904
17;2025-12-09;10;2990
17;2025-12-09;11;2903
17;2025-12-09;12;3015
17;2025-12-09;13;3091
17;2025-12-09;14;3166
17;2025-12-09;15;3333
17;2025-12-09;16;3719
17;2025-12-09;17;4658
17;2025-12-09;18;5140
17;2025-12-09;19;3583
17;2025-12-09;20;2394
17;2025-12-09;21;1477
17;2025-12-09;22;803
17;2025-12-09;23;356
17;2025-12-10;0;126
17;2025-12-10;1;14
17;2025-12-10;2;2
17;2025-12-10;3;2
17;2025-12-10;4;29
17;2025-12-10;5;317
17;2025-12-10;6;1541
17;2025-12-10;7;4117
17;2025-12-10;8;5498
17;2025-12-10;9;3865
17;2025-12-10;10;2987
17;2025-12-10;11;2931
17;2025-12-10;12;3027
17;2025-12-10;13;3116
17;2025-12-10;14;3170
17;2025-12-10;15;3350
17;2025-12-10;16;3731
17;2025-12-10;17;4615
17;2025-12-10;18;5118
17;2025-12-10;19;3569
17;2025-12-10;20;2379
17;2025-12-10;21;1508
17;2025-12-10;22;831
17;2025-12-10;23;382
17;2025-12-11;0;132
17;2025-12-11;1;14
17;2025-12-11;2;3
17;2025-12-11;3;2
17;2025-12-11;4;28
17;2025-12-11;5;316
17;2025-12-11;6;1514
17;2025-12-11;7;4059
17;2025-12-11;8;5437
17;2025-12-11;9;3819
17;2025-12-11;10;2965
17;2025-12-11;11;2876
17;2025-12-11;12;3007
17;2025-12-11;13;3108
17;2025-12-11;14;3166
17;2025-12-11;15;3343
17;2025-12-11;16;3740
17;2025-12-11;17;4586
17;2025-12-11;18;5050
17;2025-12-11;19;3512
17;2025-12-11;20;2366
17;2025-12-11;21;1497
17;2025-12-11;22;840
17;2025-12-11;23;396
17;2025-12-12;0;133
17;2025-12-12;1;14
17;2025-12-12;2;1
17;2025-12-12;3;1
17;2025-12-12;4;25
17;2025-12-12;5;306
17;2025-12-12;6;1488
17;2025-12-12;7;3987
17;2025-12-12;8;5245
17;2025-12-12;9;3766
17;2025-12-12;10;2899
17;2025-12-12;11;2849
17;2025-12-12;12;2985
17;2025-12-12;13;3115
17;2025-12-12;14;3187
17;2025-12-12;15;3458
17;2025-12-12;16;3943
17;2025-12-12;17;4617
17;2025-12-12;18;4441
17;2025-12-12;19;3296
17;2025-12-12;20;2298
17;2025-12-12;21;1513
17;2025-12-12;22;863
17;2025-12-12;23;425
17;2025-12-13;0;182
17;2025-12-13;1;20
17;2025-12-13;2;0
17;2025-12-13;3;0
17;2025-12-13;4;4
17;2025-12-13;5;108
17;2025-12-13;6;520
17;2025-12-13;7;1120
17;2025-12-13;8;1666
17;2025-12-13;9;2132
17;2025-12-13;10;2320
17;2025-12-13;11;2813
17;2025-12-13;12;3264
17;2025-12-13;13;3447
17;2025-12-13;14;3466
17;2025-12-13;15;3486
17;2025-12-13;16;3607
17;2025-12-13;17;3395
17;2025-12-13;18;2974
17;2025-12-13;19;2408
17;2025-12-13;20;1870
17;2025-12-13;21;1334
17;2025-12-13;22;843
17;2025-12-13;23;427
17;2025-12-14;0;182
17;2025-12-14;1;23
17;2025-12-14;2;1
17;2025-12-14;3;0
17;2025-12-14;4;3
17;2025-12-14;5;88
17;2025-12-14;6;415
17;2025-12-14;7;778
17;2025-12-14;8;1195
17;2025-12-14;9;1615
17;2025-12-14;10;1897
17;2025-12-14;11;2438
17;2025-12-14;12;2849
17;2025-12-14;13;3207
17;2025-12-14;14;3283
17;2025-12-14;15;3287
17;2025-12-14;16;3240
17;2025-12-14;17;2978
17;2025-12-14;18;2596
17;2025-12-14;19;2103
17;2025-12-14;20;1599
17;2025-12-14;21;1170
17;2025-12-14;22;743
17;2025-12-14;23;323
17;2025-12-15;0;111
17;2025-12-15;1;12
17;2025-12-15;2;1
17;2025-12-15;3;0
17;2025-12-15;4;24
17;2025-12-15;5;302
17;2025-12-15;6;1515
17;2025-12-15;7;4078
17;2025-12-15;8;5495
17;2025-12-15;9;3807
17;2025-12-15;10;2876
17;2025-12-15;11;2824
17;2025-12-15;12;2899
17;2025-12-15;13;2992
17;2025-12-15;14;3035
17;2025-12-15;15;3257
17;2025-12-15;16;3652
17;2025-12-15;17;4537
17;2025-12-15;18;5068
17;2025-12-15;19;3530
17;2025-12-15;20;2327
17;2025-12-15;21;1424
17;2025-12-15;22;768
17;2025-12-15;23;328
17;2025-12-16;0;114
17;2025-12-16;1;12
17;2025-12-16;2;0
17;2025-12-16;3;0
17;2025-12-16;4;28
17;2025-12-16;5;316
17;2025-12-16;6;1555
17;2025-12-16;7;4159
17;2025-12-16;8;5566
17;2025-12-16;9;3904
17;2025-12-16;10;2990
17;2025-12-16;11;2903
17;2025-12-16;12;3015
17;2025-12-16;13;3091
17;2025-12-16;14;3166
17;2025-12-16;15;3333
17;2025-12-16;16;3719
17;2025-12-16;17;4658
17;2025-12-16;18;5140
17;2025-12-16;19;3583
17;2025-12-16;20;2394
17;2025-12-16;21;1477
17;2025-12-16;22;803
17;2025-12-16;23;356
17;2025-12-17;0;126
17;2025-12-17;1;14
17;2025-12-17;2;2
17;2025-12-17;3;2
17;2025-12-17;4;29
17;2025-12-17;5;317
17;2025-12-17;6;1541
17;2025-12-17;7;4117
17;2025-12-17;8;5498
17;2025-12-17;9;3865
17;2025-12-17;10;2987
17;2025-12-17;11;2931
17;2025-12-17;12;3027
17;2025-12-17;13;3116
17;2025-12-17;14;3170
17;2025-12-17;15;3350
17;2025-12-17;16;3731
17;2025-12-17;17;4615
17;2025-12-17;18;5118
17;2025-12-17;19;3569
17;2025-12-17;20;2379
17;2025-12-17;21;1508
17;2025-12-17;22;831
17;2025-12-17;23;382
17;2025-12-18;0;132
17;2025-12-18;1;14
17;2025-12-18;2;3
17;2025-12-18;3;2
17;2025-12-18;4;28
17;2025-12-18;5;316
17;2025-12-18;6;1514
17;2025-12-18;7;4059
17;2025-12-18;8;5437
17;2025-12-18;9;3819
17;2025-12-18;10;2965
17;2025-12-18;11;2876
17;2025-12-18;12;3007
17;2025-12-18;13;3108
17;2025-12-18;14;3166
17;2025-12-18;15;3343
17;2025-12-18;16;3740
17;2025-12-18;17;4586
17;2025-12-18;18;5050
17;2025-12-18;19;3512
17;2025-12-18;20;2366
17;2025-12-18;21;1497
17;2025-12-18;22;840
17;2025-12-18;23;396
17;2025-12-19;0;133
17;2025-12-19;1;14
17;2025-12-19;2;1
17;2025-12-19;3;1
17;2025-12-19;4;25
17;2025-12-19;5;306
17;2025-12-19;6;1488
17;2025-12-19;7;3987
17;2025-12-19;8;5245
17;2025-12-19;9;3766
17;2025-12-19;10;2899
17;2025-12-19;11;2849
17;2025-12-19;12;2985
17;2025-12-19;13;3115
17;2025-12-19;14;3187
17;2025-12-19;15;3458
17;2025-12-19;16;3943
17;2025-12-19;17;4617
17;2025-12-19;18;4441
17;2025-12-19;19;3296
17;2025-12-19;20;2298
17;2025-12-19;21;1513
17;2025-12-19;22;863
17;2025-12-19;23;425
17;2025-12-20;0;182
17;2025-12-20;1;20
17;2025-12-20;2;0
17;2025-12-20;3;0
17;2025-12-20;4;4
17;2025-12-20;5;108
17;2025-12-20;6;520
17;2025-12-20;7;1120
17;2025-12-20;8;1666
17;2025-12-20;9;2132
17;2025-12-20;10;2320
17;2025-12-20;11;2813
17;2025-12-20;12;3264
17;2025-12-20;13;3447
17;2025-12-20;14;3466
17;2025-12-20;15;3486
17;2025-12-20;16;3607
17;2025-12-20;17;3395
17;2025-12-20;18;2974
17;2025-12-20;19;2408
17;2025-12-20;20;1870
17;2025-12-20;21;1334
17;2025-12-20;22;843
17;2025-12-20;23;427
17;2025-12-21;0;182
17;2025-12-21;1;23
17;2025-12-21;2;1
17;2025-12-21;3;0
17;2025-12-21;4;3
17;2025-12-21;5;88
17;2025-12-21;6;415
17;2025-12-21;7;778
17;2025-12-21;8;1195
17;2025-12-21;9;1615
17;2025-12-21;10;1897
17;2025-12-21;11;2438
17;2025-12-21;12;2849
17;2025-12-21;13;3207
17;2025-12-21;14;3283
17;2025-12-21;15;3287
17;2025-12-21;16;3240
17;2025-12-21;17;2978
17;2025-12-21;18;2596
17;2025-12-21;19;2103
17;2025-12-21;20;1599
17;2025-12-21;21;1170
17;2025-12-21;22;743
17;2025-12-21;23;323
17;2025-12-22;0;111
17;2025-12-22;1;12
17;2025-12-22;2;1
17;2025-12-22;3;0
17;2025-12-22;4;24
17;2025-12-22;5;302
17;2025-12-22;6;1515
17;2025-12-22;7;4078
17;2025-12-22;8;5495
17;2025-12-22;9;3807
17;2025-12-22;10;2876
17;2025-12-22;11;2824
17;2025-12-22;12;2899
17;2025-12-22;13;2992
17;2025-12-22;14;3035
17;2025-12-22;15;3257
17;2025-12-22;16;3652
17;2025-12-22;17;4537
17;2025-12-22;18;5068
17;2025-12-22;19;3530
17;2025-12-22;20;2327
17;2025-12-22;21;1424
17;2025-12-22;22;768
17;2025-12-22;23;328
17;2025-12-23;0;114
17;2025-12-23;1;12
17;2025-12-23;2;0
17;2025-12-23;3;0
17;2025-12-23;4;28
17;2025-12-23;5;316
17;2025-12-23;6;1555
17;2025-12-23;7;4159
17;2025-12-23;8;5566
17;2025-12-23;9;3904
17;2025-12-23;10;2990
17;2025-12-23;11;2903
17;2025-12-23;12;3015
17;2025-12-23;13;3091
17;2025-12-23;14;3166
17;2025-12-23;15;3333
17;2025-12-23;16;3719
17;2025-12-23;17;4658
17;2025-12-23;18;5140
17;2025-12-23;19;3583
17;2025-12-23;20;2394
17;2025-12-23;21;1477
17;2025-12-23;22;803
17;2025-12-23;23;356
17;2025-12-24;0;126
17;2025-12-24;1;14
17;2025-12-24;2;2
17;2025-12-24;3;2
17;2025-12-24;4;29
17;2025-12-24;5;317
17;2025-12-24;6;1541
17;2025-12-24;7;4117
17;2025-12-24;8;5498
17;2025-12-24;9;3865
17;2025-12-24;10;2987
17;2025-12-24;11;2931
17;2025-12-24;12;3027
17;2025-12-24;13;3116
17;2025-12-24;14;3170
17;2025-12-24;15;3350
17;2025-12-24;16;3731
17;2025-12-24;17;4615
17;2025-12-24;18;5118
17;2025-12-24;19;3569
17;2025-12-24;20;2379
17;2025-12-24;21;1508
17;2025-12-24;22;831
17;2025-12-24;23;382
17;2025-12-25;0;132
17;2025-12-25;1;14
17;2025-12-25;2;3
17;2025-12-25;3;2
17;2025-12-25;4;28
17;2025-12-25;5;316
17;2025-12-25;6;1514
17;2025-12-25;7;4059
17;2025-12-25;8;5437
17;2025-12-25;9;3819
17;2025-12-25;10;2965
17;2025-12-25;11;2876
17;2025-12-25;12;3007
17;2025-12-25;13;3108
17;2025-12-25;14;3166
17;2025-12-25;15;3343
17;2025-12-25;16;3740
17;2025-12-25;17;4586
17;2025-12-25;18;5050
17;2025-12-25;19;3512
17;2025-12-25;20;2366
17;2025-12-25;21;1497
17;2025-12-25;22;840
17;2025-12-25;23;396
17;2025-12-26;0;133
17;2025-12-26;1;14
17;2025-12-26;2;1
17;2025-12-26;3;1
17;2025-12-26;4;25
17;2025-12-26;5;306
17;2025-12-26;6;1488
17;2025-12-26;7;3987
17;2025-12-26;8;5245
17;2025-12-26;9;3766
17;2025-12-26;10;2899
17;2025-12-26;11;2849
17;2025-12-26;12;2985
17;2025-12-26;13;3115
17;2025-12-26;14;3187
17;2025-12-26;15;3458
17;2025-12-26;16;3943
17;2025-12-26;17;4617
17;2025-12-26;18;4441
17;2025-12-26;19;3296
17;2025-12-26;20;2298
17;2025-12-26;21;1513
17;2025-12-26;22;863
17;2025-12-26;23;425
17;2025-12-27;0;182
17;2025-12-27;1;20
17;2025-12-27;2;0
17;2025-12-27;3;0
17;2025-12-27;4;4
17;2025-12-27;5;108
17;2025-12-27;6;520
17;2025-12-27;7;1120
17;2025-12-27;8;1666
17;2025-12-27;9;2132
17;2025-12-27;10;2320
17;2025-12-27;11;2813
17;2025-12-27;12;3264
17;2025-12-27;13;3447
17;2025-12-27;14;3466
17;2025-12-27;15;3486
17;2025-12-27;16;3607
17;2025-12-27;17;3395
17;2025-12-27;18;2974
17;2025-12-27;19;2408
17;2025-12-27;20;1870
17;2025-12-27;21;1334
17;2025-12-27;22;843
17;2025-12-27;23;427
17;2025-12-28;0;182
17;2025-12-28;1;23
17;2025-12-28;2;1
17;2025-12-28;3;0
17;2025-12-28;4;3
17;2025-12-28;5;88
17;2025-12-28;6;415
17;2025-12-28;7;778
17;2025-12-28;8;1195
17;2025-12-28;9;1615
17;2025-12-28;10;1897
17;2025-12-28;11;2438
17;2025-12-28;12;2849
17;2025-12-28;13;3207
17;2025-12-28;14;3283
17;2025-12-28;15;3287
17;2025-12-28;16;3240
17;2025-12-28;17;2978
17;2025-12-28;18;2596
17;2025-12-28;19;2103
17;2025-12-28;20;1599
17;2025-12-28;21;1170
17;2025-12-28;22;743
17;2025-12-28;23;323
17;2025-12-29;0;102
17;2025-12-29;1;11
17;2025-12-29;2;1
17;2025-12-29;3;0
17;2025-12-29;4;23
17;2025-12-29;5;279
17;2025-12-29;6;1399
17;2025-12-29;7;3765
17;2025-12-29;8;5073
17;2025-12-29;9;3514
17;2025-12-29;10;2655
17;2025-12-29;11;2607
17;2025-12-29;12;2676
17;2025-12-29;13;2763
17;2025-12-29;14;2801
17;2025-12-29;15;3007
17;2025-12-29;16;3371
17;2025-12-29;17;4187
17;2025-12-29;18;4678
17;2025-12-29;19;3258
17;2025-12-29;20;2148
17;2025-12-29;21;1314
17;2025-12-29;22;709
17;2025-12-29;23;302
17;2025-12-30;0;105
17;2025-12-30;1;10
17;2025-12-30;2;0
17;2025-12-30;3;0
17;2025-12-30;4;26
17;2025-12-30;5;292
17;2025-12-30;6;1437
17;2025-12-30;7;3816
17;2025-12-30;8;5076
17;2025-12-30;9;3591
17;2025-12-30;10;2769
17;2025-12-30;11;2705
17;2025-12-30;12;2809
17;2025-12-30;13;2881
17;2025-12-30;14;2970
17;2025-12-30;15;3131
17;2025-12-30;16;3469
17;2025-12-30;17;4234
17;2025-12-30;18;4558
17;2025-12-30;19;3269
17;2025-12-30;20;2195
17;2025-12-30;21;1352
17;2025-12-30;22;739
17;2025-12-30;23;326
17;2025-12-31;0;164
17;2025-12-31;1;27
17;2025-12-31;2;0
17;2025-12-31;3;0
17;2025-12-31;4;3
17;2025-12-31;5;88
17;2025-12-31;6;412
17;2025-12-31;7;733
17;2025-12-31;8;1106
17;2025-12-31;9;1428
17;2025-12-31;10;1662
17;2025-12-31;11;2108
17;2025-12-31;12;2511
17;2025-12-31;13;2811
17;2025-12-31;14;2905
17;2025-12-31;15;2920
17;2025-12-31;16;2910
17;2025-12-31;17;2786
17;2025-12-31;18;2474
17;2025-12-31;19;2052
17;2025-12-31;20;0
17;2025-12-31;21;0
17;2025-12-31;22;0
17;2025-12-31;23;0
25;2025-11-01;0;1
25;2025-11-01;1;1
25;2025-11-01;2;1
25;2025-11-01;3;1
25;2025-11-01;4;1
25;2025-11-01;5;7
25;2025-11-01;6;157
25;2025-11-01;7;531
25;2025-11-01;8;827
25;2025-11-01;9;459
25;2025-11-01;10;343
25;2025-11-01;11;407
25;2025-11-01;12;406
25;2025-11-01;13;506
25;2025-11-01;14;481
25;2025-11-01;15;561
25;2025-11-01;16;689
25;2025-11-01;17;709
25;2025-11-01;18;640
25;2025-11-01;19;445
25;2025-11-01;20;297
25;2025-11-01;21;199
25;2025-11-01;22;121
25;2025-11-01;23;12
25;2025-11-02;0;17
25;2025-11-02;1;2
25;2025-11-02;2;1
25;2025-11-02;3;1
25;2025-11-02;4;1
25;2025-11-02;5;5
25;2025-11-02;6;51
25;2025-11-02;7;98
25;2025-11-02;8;187
25;2025-11-02;9;211
25;2025-11-02;10;223
25;2025-11-02;11;298
25;2025-11-02;12;356
25;2025-11-02;13;479
25;2025-11-02;14;508
25;2025-11-02;15;609
25;2025-11-02;16;515
25;2025-11-02;17;480
25;2025-11-02;18;414
25;2025-11-02;19;337
25;2025-11-02;20;244
25;2025-11-02;21;197
25;2025-11-02;22;114
25;2025-11-02;23;47
25;2025-11-03;0;15
25;2025-11-03;1;1
25;2025-11-03;2;0
25;2025-11-03;3;0
25;2025-11-03;4;0
25;2025-11-03;5;4
25;2025-11-03;6;47
25;2025-11-03;7;95
25;2025-11-03;8;180
25;2025-11-03;9;201
25;2025-11-03;10;214
25;2025-11-03;11;283
25;2025-11-03;12;337
25;2025-11-03;13;449
25;2025-11-03;14;476
25;2025-11-03;15;565
25;2025-11-03;16;481
25;2025-11-03;17;455
25;2025-11-03;18;399
25;2025-11-03;19;326
25;2025-11-03;20;234
25;2025-11-03;21;188
25;2025-11-03;22;107
25;2025-11-03;23;41
25;2025-11-04;0;15
25;2025-11-04;1;0
25;2025-11-04;2;0
25;2025-11-04;3;0
25;2025-11-04;4;0
25;2025-11-04;5;2
25;2025-11-04;6;47
25;2025-11-04;7;95
25;2025-11-04;8;179
25;2025-11-04;9;201
25;2025-11-04;10;213
25;2025-11-04;11;285
25;2025-11-04;12;340
25;2025-11-04;13;452
25;2025-11-04;14;479
25;2025-11-04;15;570
25;2025-11-04;16;483
25;2025-11-04;17;454
25;2025-11-04;18;397
25;2025-11-04;19;321
25;2025-11-04;20;227
25;2025-11-04;21;184
25;2025-11-04;22;106
25;2025-11-04;23;40
25;2025-11-05;0;0
25;2025-11-05;1;0
25;2025-11-05;2;0
25;2025-11-05;3;0
25;2025-11-05;4;0
25;2025-11-05;5;4
25;2025-11-05;6;172
25;2025-11-05;7;574
25;2025-11-05;8;966
25;2025-11-05;9;503
25;2025-11-05;10;371
25;2025-11-05;11;430
25;2025-11-05;12;426
25;2025-11-05;13;531
25;2025-11-05;14;476
25;2025-11-05;15;554
25;2025-11-05;16;715
25;2025-11-05;17;789
25;2025-11-05;18;858
25;2025-11-05;19;529
25;2025-11-05;20;342
25;2025-11-05;21;215
25;2025-11-05;22;120
25;2025-11-05;23;5
25;2025-11-06;0;1
25;2025-11-06;1;0
25;2025-11-06;2;0
25;2025-11-06;3;0
25;2025-11-06;4;0
25;2025-11-06;5;8
25;2025-11-06;6;175
25;2025-11-06;7;584
25;2025-11-06;8;988
25;2025-11-06;9;519
25;2025-11-06;10;401
25;2025-11-06;11;447
25;2025-11-06;12;443
25;2025-11-06;13;539
25;2025-11-06;14;504
25;2025-11-06;15;584
25;2025-11-06;16;737
25;2025-11-06;17;817
25;2025-11-06;18;862
25;2025-11-06;19;555
25;2025-11-06;20;344
25;2025-11-06;21;224
25;2025-11-06;22;133
25;2025-11-06;23;10
25;2025-11-07;0;1
25;2025-11-07;1;0
25;2025-11-07;2;1
25;2025-11-07;3;1
25;2025-11-07;4;1
25;2025-11-07;5;7
25;2025-11-07;6;174
25;2025-11-07;7;586
25;2025-11-07;8;930
25;2025-11-07;9;503
25;2025-11-07;10;377
25;2025-11-07;11;443
25;2025-11-07;12;438
25;2025-11-07;13;543
25;2025-11-07;14;513
25;2025-11-07;15;603
25;2025-11-07;16;766
25;2025-11-07;17;801
25;2025-11-07;18;741
25;2025-11-07;19;499
25;2025-11-07;20;334
25;2025-11-07;21;222
25;2025-11-07;22;132
25;2025-11-07;23;11
25;2025-11-08;0;1
25;2025-11-08;1;0
25;2025-11-08;2;0
25;2025-11-08;3;0
25;2025-11-08;4;0
25;2025-11-08;5;3
25;2025-11-08;6;57
25;2025-11-08;7;147
25;2025-11-08;8;321
25;2025-11-08;9;291
25;2025-11-08;10;311
25;2025-11-08;11;434
25;2025-11-08;12;421
25;2025-11-08;13;568
25;2025-11-08;14;591
25;2025-11-08;15;693
25;2025-11-08;16;636
25;2025-11-08;17;534
25;2025-11-08;18;496
25;2025-11-08;19;441
25;2025-11-08;20;286
25;2025-11-08;21;226
25;2025-11-08;22;150
25;2025-11-08;23;57
25;2025-11-09;0;18
25;2025-11-09;1;0
25;2025-11-09;2;0
25;2025-11-09;3;0
25;2025-11-09;4;0
25;2025-11-09;5;4
25;2025-11-09;6;51
25;2025-11-09;7;105
25;2025-11-09;8;204
25;2025-11-09;9;233
25;2025-11-09;10;249
25;2025-11-09;11;328
25;2025-11-09;12;391
25;2025-11-09;13;522
25;2025-11-09;14;554
25;2025-11-09;15;666
25;2025-11-09;16;559
25;2025-11-09;17;520
25;2025-11-09;18;445
25;2025-11-09;19;358
25;2025-11-09;20;255
25;2025-11-09;21;207
25;2025-11-09;22;119
25;2025-11-09;23;44
25;2025-11-10;0;6
25;2025-11-10;1;0
25;2025-11-10;2;0
25;2025-11-10;3;0
25;2025-11-10;4;0
25;2025-11-10;5;6
25;2025-11-10;6;173
25;2025-11-10;7;585
25;2025-11-10;8;971
25;2025-11-10;9;516
25;2025-11-10;10;376
25;2025-11-10;11;428
25;2025-11-10;12;421
25;2025-11-10;13;531
25;2025-11-10;14;462
25;2025-11-10;15;552
25;2025-11-10;16;721
25;2025-11-10;17;794
25;2025-11-10;18;869
25;2025-11-10;19;544
25;2025-11-10;20;341
25;2025-11-10;21;215
25;2025-11-10;22;124
25;2025-11-10;23;9
25;2025-11-11;0;1
25;2025-11-11;1;0
25;2025-11-11;2;0
25;2025-11-11;3;0
25;2025-11-11;4;0
25;2025-11-11;5;6
25;2025-11-11;6;178
25;2025-11-11;7;592
25;2025-11-11;8;974
25;2025-11-11;9;524
25;2025-11-11;10;389
25;2025-11-11;11;445
25;2025-11-11;12;428
25;2025-11-11;13;524
25;2025-11-11;14;485
25;2025-11-11;15;564
25;2025-11-11;16;728
25;2025-11-11;17;792
25;2025-11-11;18;861
25;2025-11-11;19;552
25;2025-11-11;20;345
25;2025-11-11;21;215
25;2025-11-11;22;125
25;2025-11-11;23;9
25;2025-11-12;0;0
25;2025-11-12;1;0
25;2025-11-12;2;0
25;2025-11-12;3;0
25;2025-11-12;4;0
25;2025-11-12;5;7
25;2025-11-12;6;180
25;2025-11-12;7;588
25;2025-11-12;8;980
25;2025-11-12;9;519
25;2025-11-12;10;385
25;2025-11-12;11;444
25;2025-11-12;12;441
25;2025-11-12;13;545
25;2025-11-12;14;491
25;2025-11-12;15;567
25;2025-11-12;16;729
25;2025-11-12;17;805
25;2025-11-12;18;874
25;2025-11-12;19;543
25;2025-11-12;20;357
25;2025-11-12;21;225
25;2025-11-12;22;128
25;2025-11-12;23;9
25;2025-11-13;0;1
25;2025-11-13;1;0
25;2025-11-13;2;0
25;2025-11-13;3;0
25;2025-11-13;4;0
25;2025-11-13;5;8
25;2025-11-13;6;178
25;2025-11-13;7;590
25;2025-11-13;8;998
25;2025-11-13;9;525
25;2025-11-13;10;407
25;2025-11-13;11;452
25;2025-11-13;12;448
25;2025-11-13;13;545
25;2025-11-13;14;511
25;2025-11-13;15;590
25;2025-11-13;16;743
25;2025-11-13;17;825
25;2025-11-13;18;871
25;2025-11-13;19;560
25;2025-11-13;20;350
25;2025-11-13;21;228
25;2025-11-13;22;136
25;2025-11-13;23;11
25;2025-11-14;0;2
25;2025-11-14;1;0
25;2025-11-14;2;1
25;2025-11-14;3;1
25;2025-11-14;4;1
25;2025-11-14;5;8
25;2025-11-14;6;178
25;2025-11-14;7;594
25;2025-11-14;8;942
25;2025-11-14;9;511
25;2025-11-14;10;385
25;2025-11-14;11;452
25;2025-11-14;12;449
25;2025-11-14;13;555
25;2025-11-14;14;526
25;2025-11-14;15;615
25;2025-11-14;16;777
25;2025-11-14;17;812
25;2025-11-14;18;751
25;2025-11-14;19;509
25;2025-11-14;20;343
25;2025-11-14;21;227
25;2025-11-14;22;136
25;2025-11-14;23;13
25;2025-11-15;0;1
25;2025-11-15;1;0
25;2025-11-15;2;0
25;2025-11-15;3;0
25;2025-11-15;4;0
25;2025-11-15;5;4
25;2025-11-15;6;59
25;2025-11-15;7;152
25;2025-11-15;8;330
25;2025-11-15;9;300
25;2025-11-15;10;320
25;2025-11-15;11;448
25;2025-11-15;12;437
25;2025-11-15;13;583
25;2025-11-15;14;607
25;2025-11-15;15;707
25;2025-11-15;16;650
25;2025-11-15;17;549
25;2025-11-15;18;510
25;2025-11-15;19;456
25;2025-11-15;20;297
25;2025-11-15;21;235
25;2025-11-15;22;157
25;2025-11-15;23;62
25;2025-11-16;0;18
25;2025-11-16;1;0
25;2025-11-16;2;0
25;2025-11-16;3;0
25;2025-11-16;4;0
25;2025-11-16;5;4
25;2025-11-16;6;52
25;2025-11-16;7;106
25;2025-11-16;8;206
25;2025-11-16;9;236
25;2025-11-16;10;251
25;2025-11-16;11;333
25;2025-11-16;12;399
25;2025-11-16;13;531
25;2025-11-16;14;560
25;2025-11-16;15;673
25;2025-11-16;16;565
25;2025-11-16;17;525
25;2025-11-16;18;450
25;2025-11-16;19;363
25;2025-11-16;20;258
25;2025-11-16;21;209
25;2025-11-16;22;120
25;2025-11-16;23;46
25;2025-11-17;0;6
25;2025-11-17;1;0
25;2025-11-17;2;0
25;2025-11-17;3;0
25;2025-11-17;4;0
25;2025-11-17;5;6
25;2025-11-17;6;174
25;2025-11-17;7;586
25;2025-11-17;8;973
25;2025-11-17;9;517
25;2025-11-17;10;377
25;2025-11-17;11;430
25;2025-11-17;12;423
25;2025-11-17;13;533
25;2025-11-17;14;464
25;2025-11-17;15;554
25;2025-11-17;16;722
25;2025-11-17;17;795
25;2025-11-17;18;869
25;2025-11-17;19;545
25;2025-11-17;20;342
25;2025-11-17;21;215
25;2025-11-17;22;123
25;2025-11-17;23;8
25;2025-11-18;0;1
25;2025-11-18;1;0
25;2025-11-18;2;0
25;2025-11-18;3;0
25;2025-11-18;4;0
25;2025-11-18;5;6
25;2025-11-18;6;178
25;2025-11-18;7;593
25;2025-11-18;8;975
25;2025-11-18;9;525
25;2025-11-18;10;390
25;2025-11-18;11;447
25;2025-11-18;12;430
25;2025-11-18;13;525
25;2025-11-18;14;487
25;2025-11-18;15;566
25;2025-11-18;16;729
25;2025-11-18;17;793
25;2025-11-18;18;861
25;2025-11-18;19;553
25;2025-11-18;20;345
25;2025-11-18;21;215
25;2025-11-18;22;124
25;2025-11-18;23;9
25;2025-11-19;0;0
25;2025-11-19;1;0
25;2025-11-19;2;0
25;2025-11-19;3;0
25;2025-11-19;4;0
25;2025-11-19;5;7
25;2025-11-19;6;181
25;2025-11-19;7;590
25;2025-11-19;8;982
25;2025-11-19;9;520
25;2025-11-19;10;387
25;2025-11-19;11;446
25;2025-11-19;12;443
25;2025-11-19;13;548
25;2025-11-19;14;494
25;2025-11-19;15;571
25;2025-11-19;16;731
25;2025-11-19;17;806
25;2025-11-19;18;875
25;2025-11-19;19;544
25;2025-11-19;20;357
25;2025-11-19;21;225
25;2025-11-19;22;128
25;2025-11-19;23;9
25;2025-11-20;0;1
25;2025-11-20;1;0
25;2025-11-20;2;0
25;2025-11-20;3;0
25;2025-11-20;4;0
25;2025-11-20;5;8
25;2025-11-20;6;179
25;2025-11-20;7;592
25;2025-11-20;8;1000
25;2025-11-20;9;526
25;2025-11-20;10;408
25;2025-11-20;11;453
25;2025-11-20;12;449
25;2025-11-20;13;546
25;2025-11-20;14;512
25;2025-11-20;15;592
25;2025-11-20;16;744
25;2025-11-20;17;825
25;2025-11-20;18;871
25;2025-11-20;19;560
25;2025-11-20;20;349
25;2025-11-20;21;227
25;2025-11-20;22;135
25;2025-11-20;23;10
25;2025-11-21;0;2
25;2025-11-21;1;1
25;2025-11-21;2;1
25;2025-11-21;3;1
25;2025-11-21;4;1
25;2025-11-21;5;8
25;2025-11-21;6;180
25;2025-11-21;7;596
25;2025-11-21;8;944
25;2025-11-21;9;513
25;2025-11-21;10;387
25;2025-11-21;11;454
25;2025-11-21;12;452
25;2025-11-21;13;556
25;2025-11-21;14;529
25;2025-11-21;15;617
25;2025-11-21;16;778
25;2025-11-21;17;812
25;2025-11-21;18;751
25;2025-11-21;19;509
25;2025-11-21;20;343
25;2025-11-21;21;227
25;2025-11-21;22;136
25;2025-11-21;23;13
25;2025-11-22;0;1
25;2025-11-22;1;0
25;2025-11-22;2;0
25;2025-11-22;3;0
25;2025-11-22;4;0
25;2025-11-22;5;4
25;2025-11-22;6;59
25;2025-11-22;7;153
25;2025-11-22;8;329
25;2025-11-22;9;299
25;2025-11-22;10;319
25;2025-11-22;11;449
25;2025-11-22;12;438
25;2025-11-22;13;582
25;2025-11-22;14;606
25;2025-11-22;15;706
25;2025-11-22;16;649
25;2025-11-22;17;548
25;2025-11-22;18;508
25;2025-11-22;19;454
25;2025-11-22;20;296
25;2025-11-22;21;234
25;2025-11-22;22;157
25;2025-11-22;23;62
25;2025-11-23;0;18
25;2025-11-23;1;0
25;2025-11-23;2;0
25;2025-11-23;3;0
25;2025-11-23;4;0
25;2025-11-23;5;4
25;2025-11-23;6;52
25;2025-11-23;7;106
25;2025-11-23;8;204
25;2025-11-23;9;234
25;2025-11-23;10;248
25;2025-11-23;11;328
25;2025-11-23;12;394
25;2025-11-23;13;528
25;2025-11-23;14;558
25;2025-11-23;15;670
25;2025-11-23;16;562
25;2025-11-23;17;521
25;2025-11-23;18;445
25;2025-11-23;19;357
25;2025-11-23;20;254
25;2025-11-23;21;207
25;2025-11-23;22;119
25;2025-11-23;23;44
25;2025-11-24;0;6
25;2025-11-24;1;0
25;2025-11-24;2;0
25;2025-11-24;3;0
25;2025-11-24;4;0
25;2025-11-24;5;6
25;2025-11-24;6;174
25;2025-11-24;7;586
25;2025-11-24;8;983
25;2025-11-24;9;516
25;2025-11-24;10;375
25;2025-11-24;11;428
25;2025-11-24;12;421
25;2025-11-24;13;534
25;2025-11-24;14;465
25;2025-11-24;15;555
25;2025-11-24;16;722
25;2025-11-24;17;793
25;2025-11-24;18;868
25;2025-11-24;19;544
25;2025-11-24;20;339
25;2025-11-24;21;215
25;2025-11-24;22;123
25;2025-11-24;23;9
25;2025-11-25;0;1
25;2025-11-25;1;0
25;2025-11-25;2;0
25;2025-11-25;3;0
25;2025-11-25;4;0
25;2025-11-25;5;6
25;2025-11-25;6;176
25;2025-11-25;7;590
25;2025-11-25;8;984
25;2025-11-25;9;521
25;2025-11-25;10;384
25;2025-11-25;11;439
25;2025-11-25;12;422
25;2025-11-25;13;523
25;2025-11-25;14;483
25;2025-11-25;15;564
25;2025-11-25;16;726
25;2025-11-25;17;788
25;2025-11-25;18;857
25;2025-11-25;19;550
25;2025-11-25;20;340
25;2025-11-25;21;212
25;2025-11-25;22;123
25;2025-11-25;23;9
25;2025-11-26;0;0
25;2025-11-26;1;0
25;2025-11-26;2;0
25;2025-11-26;3;0
25;2025-11-26;4;0
25;2025-11-26;5;7
25;2025-11-26;6;179
25;2025-11-26;7;587
25;2025-11-26;8;989
25;2025-11-26;9;516
25;2025-11-26;10;379
25;2025-11-26;11;438
25;2025-11-26;12;435
25;2025-11-26;13;546
25;2025-11-26;14;489
25;2025-11-26;15;568
25;2025-11-26;16;728
25;2025-11-26;17;802
25;2025-11-26;18;871
25;2025-11-26;19;542
25;2025-11-26;20;353
25;2025-11-26;21;222
25;2025-11-26;22;127
25;2025-11-26;23;9
25;2025-11-27;0;1
25;2025-11-27;1;0
25;2025-11-27;2;0
25;2025-11-27;3;0
25;2025-11-27;4;1
25;2025-11-27;5;8
25;2025-11-27;6;173
25;2025-11-27;7;583
25;2025-11-27;8;998
25;2025-11-27;9;516
25;2025-11-27;10;395
25;2025-11-27;11;439
25;2025-11-27;12;435
25;2025-11-27;13;537
25;2025-11-27;14;500
25;2025-11-27;15;583
25;2025-11-27;16;735
25;2025-11-27;17;815
25;2025-11-27;18;858
25;2025-11-27;19;551
25;2025-11-27;20;338
25;2025-11-27;21;220
25;2025-11-27;22;130
25;2025-11-27;23;10
25;2025-11-28;0;1
25;2025-11-28;1;0
25;2025-11-28;2;1
25;2025-11-28;3;1
25;2025-11-28;4;1
25;2025-11-28;5;7
25;2025-11-28;6;172
25;2025-11-28;7;581
25;2025-11-28;8;937
25;2025-11-28;9;497
25;2025-11-28;10;369
25;2025-11-28;11;434
25;2025-11-28;12;432
25;2025-11-28;13;539
25;2025-11-28;14;508
25;2025-11-28;15;599
25;2025-11-28;16;762
25;2025-11-28;17;791
25;2025-11-28;18;731
25;2025-11-28;19;493
25;2025-11-28;20;326
25;2025-11-28;21;216
25;2025-11-28;22;129
25;2025-11-28;23;9
25;2025-11-29;0;1
25;2025-11-29;1;0
25;2025-11-29;2;0
25;2025-11-29;3;0
25;2025-11-29;4;0
25;2025-11-29;5;2
25;2025-11-29;6;54
25;2025-11-29;7;144
25;2025-11-29;8;312
25;2025-11-29;9;281
25;2025-11-29;10;301
25;2025-11-29;11;424
25;2025-11-29;12;412
25;2025-11-29;13;560
25;2025-11-29;14;584
25;2025-11-29;15;685
25;2025-11-29;16;629
25;2025-11-29;17;526
25;2025-11-29;18;487
25;2025-11-29;19;432
25;2025-11-29;20;277
25;2025-11-29;21;220
25;2025-11-29;22;147
25;2025-11-29;23;54
25;2025-11-30;0;16
25;2025-11-30;1;0
25;2025-11-30;2;0
25;2025-11-30;3;0
25;2025-11-30;4;0
25;2025-11-30;5;3
25;2025-11-30;6;49
25;2025-11-30;7;101
25;2025-11-30;8;196
25;2025-11-30;9;224
25;2025-11-30;10;238
25;2025-11-30;11;316
25;2025-11-30;12;379
25;2025-11-30;13;508
25;2025-11-30;14;541
25;2025-11-30;15;654
25;2025-11-30;16;548
25;2025-11-30;17;506
25;2025-11-30;18;430
25;2025-11-30;19;346
25;2025-11-30;20;244
25;2025-11-30;21;199
25;2025-11-30;22;113
25;2025-11-30;23;41
25;2025-12-01;0;6
25;2025-12-01;1;0
25;2025-12-01;2;0
25;2025-12-01;3;0
25;2025-12-01;4;0
25;2025-12-01;5;6
25;2025-12-01;6;174
25;2025-12-01;7;590
25;2025-12-01;8;991
25;2025-12-01;9;519
25;2025-12-01;10;374
25;2025-12-01;11;428
25;2025-12-01;12;422
25;2025-12-01;13;537
25;2025-12-01;14;467
25;2025-12-01;15;558
25;2025-12-01;16;725
25;2025-12-01;17;797
25;2025-12-01;18;874
25;2025-12-01;19;548
25;2025-12-01;20;340
25;2025-12-01;21;215
25;2025-12-01;22;123
25;2025-12-01;23;9
25;2025-12-02;0;1
25;2025-12-02;1;0
25;2025-12-02;2;0
25;2025-12-02;3;0
25;2025-12-02;4;0
25;2025-12-02;5;6
25;2025-12-02;6;178
25;2025-12-02;7;596
25;2025-12-02;8;993
25;2025-12-02;9;526
25;2025-12-02;10;387
25;2025-12-02;11;443
25;2025-12-02;12;426
25;2025-12-02;13;528
25;2025-12-02;14;488
25;2025-12-02;15;570
25;2025-12-02;16;732
25;2025-12-02;17;795
25;2025-12-02;18;865
25;2025-12-02;19;555
25;2025-12-02;20;343
25;2025-12-02;21;213
25;2025-12-02;22;124
25;2025-12-02;23;9
25;2025-12-03;0;0
25;2025-12-03;1;0
25;2025-12-03;2;0
25;2025-12-03;3;0
25;2025-12-03;4;0
25;2025-12-03;5;7
25;2025-12-03;6;181
25;2025-12-03;7;593
25;2025-12-03;8;998
25;2025-12-03;9;521
25;2025-12-03;10;382
25;2025-12-03;11;442
25;2025-12-03;12;439
25;2025-12-03;13;551
25;2025-12-03;14;494
25;2025-12-03;15;574
25;2025-12-03;16;734
25;2025-12-03;17;809
25;2025-12-03;18;879
25;2025-12-03;19;547
25;2025-12-03;20;356
25;2025-12-03;21;224
25;2025-12-03;22;128
25;2025-12-03;23;9
25;2025-12-04;0;1
25;2025-12-04;1;0
25;2025-12-04;2;0
25;2025-12-04;3;0
25;2025-12-04;4;1
25;2025-12-04;5;8
25;2025-12-04;6;175
25;2025-12-04;7;589
25;2025-12-04;8;1007
25;2025-12-04;9;521
25;2025-12-04;10;399
25;2025-12-04;11;443
25;2025-12-04;12;439
25;2025-12-04;13;542
25;2025-12-04;14;505
25;2025-12-04;15;589
25;2025-12-04;16;742
25;2025-12-04;17;822
25;2025-12-04;18;866
25;2025-12-04;19;556
25;2025-12-04;20;341
25;2025-12-04;21;222
25;2025-12-04;22;132
25;2025-12-04;23;10
25;2025-12-05;0;1
25;2025-12-05;1;0
25;2025-12-05;2;1
25;2025-12-05;3;1
25;2025-12-05;4;1
25;2025-12-05;5;7
25;2025-12-05;6;174
25;2025-12-05;7;587
25;2025-12-05;8;946
25;2025-12-05;9;502
25;2025-12-05;10;372
25;2025-12-05;11;438
25;2025-12-05;12;436
25;2025-12-05;13;544
25;2025-12-05;14;513
25;2025-12-05;15;604
25;2025-12-05;16;769
25;2025-12-05;17;798
25;2025-12-05;18;737
25;2025-12-05;19;498
25;2025-12-05;20;329
25;2025-12-05;21;218
25;2025-12-05;22;130
25;2025-12-05;23;9
25;2025-12-06;0;1
25;2025-12-06;1;0
25;2025-12-06;2;0
25;2025-12-06;3;0
25;2025-12-06;4;0
25;2025-12-06;5;2
25;2025-12-06;6;55
25;2025-12-06;7;146
25;2025-12-06;8;315
25;2025-12-06;9;283
25;2025-12-06;10;303
25;2025-12-06;11;428
25;2025-12-06;12;416
25;2025-12-06;13;566
25;2025-12-06;14;590
25;2025-12-06;15;691
25;2025-12-06;16;634
25;2025-12-06;17;531
25;2025-12-06;18;492
25;2025-12-06;19;436
25;2025-12-06;20;279
25;2025-12-06;21;222
25;2025-12-06;22;149
25;2025-12-06;23;55
25;2025-12-07;0;16
25;2025-12-07;1;0
25;2025-12-07;2;0
25;2025-12-07;3;0
25;2025-12-07;4;0
25;2025-12-07;5;3
25;2025-12-07;6;50
25;2025-12-07;7;102
25;2025-12-07;8;198
25;2025-12-07;9;226
25;2025-12-07;10;240
25;2025-12-07;11;319
25;2025-12-07;12;382
25;2025-12-07;13;513
25;2025-12-07;14;546
25;2025-12-07;15;660
25;2025-12-07;16;553
25;2025-12-07;17;511
25;2025-12-07;18;434
25;2025-12-07;19;349
25;2025-12-07;20;246
25;2025-12-07;21;200
25;2025-12-07;22;114
25;2025-12-07;23;41
25;2025-12-08;0;6
25;2025-12-08;1;0
25;2025-12-08;2;0
25;2025-12-08;3;0
25;2025-12-08;4;0
25;2025-12-08;5;6
25;2025-12-08;6;174
25;2025-12-08;7;590
25;2025-12-08;8;991
25;2025-12-08;9;519
25;2025-12-08;10;374
25;2025-12-08;11;428
25;2025-12-08;12;422
25;2025-12-08;13;537
25;2025-12-08;14;467
25;2025-12-08;15;558
25;2025-12-08;16;725
25;2025-12-08;17;797
25;2025-12-08;18;874
25;2025-12-08;19;548
25;2025-12-08;20;340
25;2025-12-08;21;215
25;2025-12-08;22;123
25;2025-12-08;23;9
25;2025-12-09;0;1
25;2025-12-09;1;0
25;2025-12-09;2;0
25;2025-12-09;3;0
25;2025-12-09;4;0
25;2025-12-09;5;6
25;2025-12-09;6;178
25;2025-12-09;7;596
25;2025-12-09;8;993
25;2025-12-09;9;526
25;2025-12-09;10;387
25;2025-12-09;11;443
25;2025-12-09;12;426
25;2025-12-09;13;528
25;2025-12-09;14;488
25;2025-12-09;15;570
25;2025-12-09;16;732
25;2025-12-09;17;795
25;2025-12-09;18;865
25;2025-12-09;19;555
25;2025-12-09;20;343
25;2025-12-09;21;213
25;2025-12-09;22;124
25;2025-12-09;23;9
25;2025-12-10;0;0
25;2025-12-10;1;0
25;2025-12-10;2;0
25;2025-12-10;3;0
25;2025-12-10;4;0
25;2025-12-10;5;7
25;2025-12-10;6;181
25;2025-12-10;7;593
25;2025-12-10;8;998
25;2025-12-10;9;521
25;2025-12-10;10;382
25;2025-12-10;11;442
25;2025-12-10;12;439
25;2025-12-10;13;551
25;2025-12-10;14;494
25;2025-12-10;15;574
25;2025-12-10;16;734
25;2025-12-10;17;809
25;2025-12-10;18;879
25;2025-12-10;19;547
25;2025-12-10;20;356
25;2025-12-10;21;224
25;2025-12-10;22;128
25;2025-12-10;23;9
25;2025-12-11;0;1
25;2025-12-11;1;0
25;2025-12-11;2;0
25;2025-12-11;3;0
25;2025-12-11;4;1
25;2025-12-11;5;8
25;2025-12-11;6;175
25;2025-12-11;7;589
25;2025-12-11;8;1007
25;2025-12-11;9;521
25;2025-12-11;10;399
25;2025-12-11;11;443
25;2025-12-11;12;439
25;2025-12-11;13;542
25;2025-12-11;14;505
25;2025-12-11;15;589
25;2025-12-11;16;742
25;2025-12-11;17;822
25;2025-12-11;18;866
25;2025-12-11;19;556
25;2025-12-11;20;341
25;2025-12-11;21;222
25;2025-12-11;22;132
25;2025-12-11;23;10
25;2025-12-12;0;1
25;2025-12-12;1;0
25;2025-12-12;2;1
25;2025-12-12;3;1
25;2025-12-12;4;1
25;2025-12-12;5;7
25;2025-12-12;6;174
25;2025-12-12;7;587
25;2025-12-12;8;946
25;2025-12-12;9;502
25;2025-12-12;10;372
25;2025-12-12;11;438
25;2025-12-12;12;436
25;2025-12-12;13;544
25;2025-12-12;14;513
25;2025-12-12;15;604
25;2025-12-12;16;769
25;2025-12-12;17;798
25;2025-12-12;18;737
25;2025-12-12;19;498
25;2025-12-12;20;329
25;2025-12-12;21;218
25;2025-12-12;22;130
25;2025-12-12;23;9
25;2025-12-13;0;1
25;2025-12-13;1;0
25;2025-12-13;2;0
25;2025-12-13;3;0
25;2025-12-13;4;0
25;2025-12-13;5;2
25;2025-12-13;6;55
25;2025-12-13;7;146
25;2025-12-13;8;315
25;2025-12-13;9;283
25;2025-12-13;10;303
25;2025-12-13;11;428
25;2025-12-13;12;416
25;2025-12-13;13;566
25;2025-12-13;14;590
25;2025-12-13;15;691
25;2025-12-13;16;634
25;2025-12-13;17;531
25;2025-12-13;18;492
25;2025-12-13;19;436
25;2025-12-13;20;279
25;2025-12-13;21;222
25;2025-12-13;22;149
25;2025-12-13;23;55
25;2025-12-14;0;16
25;2025-12-14;1;0
25;2025-12-14;2;0
25;2025-12-14;3;0
25;2025-12-14;4;0
25;2025-12-14;5;3
25;2025-12-14;6;50
25;2025-12-14;7;102
25;2025-12-14;8;198
25;2025-12-14;9;226
25;2025-12-14;10;240
25;2025-12-14;11;319
25;2025-12-14;12;382
25;2025-12-14;13;513
25;2025-12-14;14;546
25;2025-12-14;15;660
25;2025-12-14;16;553
25;2025-12-14;17;511
25;2025-12-14;18;434
25;2025-12-14;19;349
25;2025-12-14;20;246
25;2025-12-14;21;200
25;2025-12-14;22;114
25;2025-12-14;23;41
25;2025-12-15;0;6
25;2025-12-15;1;0
25;2025-12-15;2;0
25;2025-12-15;3;0
25;2025-12-15;4;0
25;2025-12-15;5;6
25;2025-12-15;6;174
25;2025-12-15;7;590
25;2025-12-15;8;991
25;2025-12-15;9;519
25;2025-12-15;10;374
25;2025-12-15;11;428
25;2025-12-15;12;422
25;2025-12-15;13;537
25;2025-12-15;14;467
25;2025-12-15;15;558
25;2025-12-15;16;725
25;2025-12-15;17;797
25;2025-12-15;18;874
25;2025-12-15;19;548
25;2025-12-15;20;340
25;2025-12-15;21;215
25;2025-12-15;22;123
25;2025-12-15;23;9
25;2025-12-16;0;1
25;2025-12-16;1;0
25;2025-12-16;2;0
25;2025-12-16;3;0
25;2025-12-16;4;0
25;2025-12-16;5;6
25;2025-12-16;6;178
25;2025-12-16;7;596
25;2025-12-16;8;993
25;2025-12-16;9;526
25;2025-12-16;10;387
25;2025-12-16;11;443
25;2025-12-16;12;426
25;2025-12-16;13;528
25;2025-12-16;14;488
25;2025-12-16;15;570
25;2025-12-16;16;732
25;2025-12-16;17;795
25;2025-12-16;18;865
25;2025-12-16;19;555
25;2025-12-16;20;343
25;2025-12-16;21;213
25;2025-12-16;22;124
25;2025-12-16;23;9
25;2025-12-17;0;0
25;2025-12-17;1;0
25;2025-12-17;2;0
25;2025-12-17;3;0
25;2025-12-17;4;0
25;2025-12-17;5;7
25;2025-12-17;6;181
25;2025-12-17;7;593
25;2025-12-17;8;998
25;2025-12-17;9;521
25;2025-12-17;10;382
25;2025-12-17;11;442
25;2025-12-17;12;439
25;2025-12-17;13;551
25;2025-12-17;14;494
25;2025-12-17;15;574
25;2025-12-17;16;734
25;2025-12-17;17;809
25;2025-12-17;18;879
25;2025-12-17;19;547
25;2025-12-17;20;356
25;2025-12-17;21;224
25;2025-12-17;22;128
25;2025-12-17;23;9
25;2025-12-18;0;1
25;2025-12-18;1;0
25;2025-12-18;2;0
25;2025-12-18;3;0
25;2025-12-18;4;1
25;2025-12-18;5;8
25;2025-12-18;6;175
25;2025-12-18;7;589
25;2025-12-18;8;1007
25;2025-12-18;9;521
25;2025-12-18;10;399
25;2025-12-18;11;443
25;2025-12-18;12;439
25;2025-12-18;13;542
25;2025-12-18;14;505
25;2025-12-18;15;589
25;2025-12-18;16;742
25;2025-12-18;17;822
25;2025-12-18;18;866
25;2025-12-18;19;556
25;2025-12-18;20;341
25;2025-12-18;21;222
25;2025-12-18;22;132
25;2025-12-18;23;10
25;2025-12-19;0;1
25;2025-12-19;1;0
25;2025-12-19;2;1
25;2025-12-19;3;1
25;2025-12-19;4;1
25;2025-12-19;5;7
25;2025-12-19;6;174
25;2025-12-19;7;587
25;2025-12-19;8;946
25;2025-12-19;9;502
25;2025-12-19;10;372
25;2025-12-19;11;438
25;2025-12-19;12;436
25;2025-12-19;13;544
25;2025-12-19;14;513
25;2025-12-19;15;604
25;2025-12-19;16;769
25;2025-12-19;17;798
25;2025-12-19;18;737
25;2025-12-19;19;498
25;2025-12-19;20;329
25;2025-12-19;21;218
25;2025-12-19;22;130
25;2025-12-19;23;9
25;2025-12-20;0;1
25;2025-12-20;1;0
25;2025-12-20;2;0
25;2025-12-20;3;0
25;2025-12-20;4;0
25;2025-12-20;5;2
25;2025-12-20;6;55
25;2025-12-20;7;146
25;2025-12-20;8;315
25;2025-12-20;9;283
25;2025-12-20;10;303
25;2025-12-20;11;428
25;2025-12-20;12;416
25;2025-12-20;13;566
25;2025-12-20;14;590
25;2025-12-20;15;691
25;2025-12-20;16;634
25;2025-12-20;17;531
25;2025-12-20;18;492
25;2025-12-20;19;436
25;2025-12-20;20;279
25;2025-12-20;21;222
25;2025-12-20;22;149
25;2025-12-20;23;55
25;2025-12-21;0;16
25;2025-12-21;1;0
25;2025-12-21;2;0
25;2025-12-21;3;0
25;2025-12-21;4;0
25;2025-12-21;5;3
25;2025-12-21;6;50
25;2025-12-21;7;102
25;2025-12-21;8;198
25;2025-12-21;9;226
25;2025-12-21;10;240
25;2025-12-21;11;319
25;2025-12-21;12;382
25;2025-12-21;13;513
25;2025-12-21;14;546
25;2025-12-21;15;660
25;2025-12-21;16;553
25;2025-12-21;17;511
25;2025-12-21;18;434
25;2025-12-21;19;349
25;2025-12-21;20;246
25;2025-12-21;21;200
25;2025-12-21;22;114
25;2025-12-21;23;41
25;2025-12-22;0;6
25;2025-12-22;1;0
25;2025-12-22;2;0
25;2025-12-22;3;0
25;2025-12-22;4;0
25;2025-12-22;5;6
25;2025-12-22;6;174
25;2025-12-22;7;590
25;2025-12-22;8;991
25;2025-12-22;9;519
25;2025-12-22;10;374
25;2025-12-22;11;428
25;2025-12-22;12;422
25;2025-12-22;13;537
25;2025-12-22;14;467
25;2025-12-22;15;558
25;2025-12-22;16;725
25;2025-12-22;17;797
25;2025-12-22;18;874
25;2025-12-22;19;548
25;2025-12-22;20;340
25;2025-12-22;21;215
25;2025-12-22;22;123
25;2025-12-22;23;9
25;2025-12-23;0;1
25;2025-12-23;1;0
25;2025-12-23;2;0
25;2025-12-23;3;0
25;2025-12-23;4;0
25;2025-12-23;5;6
25;2025-12-23;6;178
25;2025-12-23;7;596
25;2025-12-23;8;993
25;2025-12-23;9;526
25;2025-12-23;10;387
25;2025-12-23;11;443
25;2025-12-23;12;426
25;2025-12-23;13;528
25;2025-12-23;14;488
25;2025-12-23;15;570
25;2025-12-23;16;732
25;2025-12-23;17;795
25;2025-12-23;18;865
25;2025-12-23;19;555
25;2025-12-23;20;343
25;2025-12-23;21;213
25;2025-12-23;22;124
25;2025-12-23;23;9
25;2025-12-24;0;0
25;2025-12-24;1;0
25;2025-12-24;2;0
25;2025-12-24;3;0
25;2025-12-24;4;0
25;2025-12-24;5;7
25;2025-12-24;6;181
25;2025-12-24;7;593
25;2025-12-24;8;998
25;2025-12-24;9;521
25;2025-12-24;10;382
25;2025-12-24;11;442
25;2025-12-24;12;439
25;2025-12-24;13;551
25;2025-12-24;14;494
25;2025-12-24;15;574
25;2025-12-24;16;734
25;2025-12-24;17;809
25;2025-12-24;18;879
25;2025-12-24;19;547
25;2025-12-24;20;356
25;2025-12-24;21;224
25;2025-12-24;22;128
25;2025-12-24;23;9
25;2025-12-25;0;1
25;2025-12-25;1;0
25;2025-12-25;2;0
25;2025-12-25;3;0
25;2025-12-25;4;1
25;2025-12-25;5;8
25;2025-12-25;6;175
25;2025-12-25;7;589
25;2025-12-25;8;1007
25;2025-12-25;9;521
25;2025-12-25;10;399
25;2025-12-25;11;443
25;2025-12-25;12;439
25;2025-12-25;13;542
25;2025-12-25;14;505
25;2025-12-25;15;589
25;2025-12-25;16;742
25;2025-12-25;17;822
25;2025-12-25;18;866
25;2025-12-25;19;556
25;2025-12-25;20;341
25;2025-12-25;21;222
25;2025-12-25;22;132
25;2025-12-25;23;10
25;2025-12-26;0;1
25;2025-12-26;1;0
25;2025-12-26;2;1
25;2025-12-26;3;1
25;2025-12-26;4;1
25;2025-12-26;5;7
25;2025-12-26;6;174
25;2025-12-26;7;587
25;2025-12-26;8;946
25;2025-12-26;9;502
25;2025-12-26;10;372
25;2025-12-26;11;438
25;2025-12-26;12;436
25;2025-12-26;13;544
25;2025-12-26;14;513
25;2025-12-26;15;604
25;2025-12-26;16;769
25;2025-12-26;17;798
25;2025-12-26;18;737
25;2025-12-26;19;498
25;2025-12-26;20;329
25;2025-12-26;21;218
25;2025-12-26;22;130
25;2025-12-26;23;9
25;2025-12-27;0;1
25;2025-12-27;1;0
25;2025-12-27;2;0
25;2025-12-27;3;0
25;2025-12-27;4;0
25;2025-12-27;5;2
25;2025-12-27;6;55
25;2025-12-27;7;146
25;2025-12-27;8;315
25;2025-12-27;9;283
25;2025-12-27;10;303
25;2025-12-27;11;428
25;2025-12-27;12;416
25;2025-12-27;13;566
25;2025-12-27;14;590
25;2025-12-27;15;691
25;2025-12-27;16;634
25;2025-12-27;17;531
25;2025-12-27;18;492
25;2025-12-27;19;436
25;2025-12-27;20;279
25;2025-12-27;21;222
25;2025-12-27;22;149
25;2025-12-27;23;55
25;2025-12-28;0;16
25;2025-12-28;1;0
25;2025-12-28;2;0
25;2025-12-28;3;0
25;2025-12-28;4;0
25;2025-12-28;5;3
25;2025-12-28;6;50
25;2025-12-28;7;102
25;2025-12-28;8;198
25;2025-12-28;9;226
25;2025-12-28;10;240
25;2025-12-28;11;319
25;2025-12-28;12;382
25;2025-12-28;13;513
25;2025-12-28;14;546
25;2025-12-28;15;660
25;2025-12-28;16;553
25;2025-12-28;17;511
25;2025-12-28;18;434
25;2025-12-28;19;349
25;2025-12-28;20;246
25;2025-12-28;21;200
25;2025-12-28;22;114
25;2025-12-28;23;41
25;2025-12-29;0;5
25;2025-12-29;1;0
25;2025-12-29;2;0
25;2025-12-29;3;0
25;2025-12-29;4;0
25;2025-12-29;5;6
25;2025-12-29;6;157
25;2025-12-29;7;532
25;2025-12-29;8;893
25;2025-12-29;9;468
25;2025-12-29;10;338
25;2025-12-29;11;386
25;2025-12-29;12;381
25;2025-12-29;13;484
25;2025-12-29;14;421
25;2025-12-29;15;503
25;2025-12-29;16;655
25;2025-12-29;17;719
25;2025-12-29;18;788
25;2025-12-29;19;494
25;2025-12-29;20;307
25;2025-12-29;21;195
25;2025-12-29;22;111
25;2025-12-29;23;8
25;2025-12-30;0;1
25;2025-12-30;1;0
25;2025-12-30;2;0
25;2025-12-30;3;0
25;2025-12-30;4;0
25;2025-12-30;5;6
25;2025-12-30;6;161
25;2025-12-30;7;539
25;2025-12-30;8;886
25;2025-12-30;9;477
25;2025-12-30;10;350
25;2025-12-30;11;403
25;2025-12-30;12;389
25;2025-12-30;13;483
25;2025-12-30;14;449
25;2025-12-30;15;523
25;2025-12-30;16;656
25;2025-12-30;17;703
25;2025-12-30;18;752
25;2025-12-30;19;496
25;2025-12-30;20;308
25;2025-12-30;21;191
25;2025-12-30;22;111
25;2025-12-30;23;8
25;2025-12-31;0;15
25;2025-12-31;1;1
25;2025-12-31;2;0
25;2025-12-31;3;0
25;2025-12-31;4;1
25;2025-12-31;5;5
25;2025-12-31;6;51
25;2025-12-31;7;96
25;2025-12-31;8;180
25;2025-12-31;9;200
25;2025-12-31;10;211
25;2025-12-31;11;268
25;2025-12-31;12;321
25;2025-12-31;13;443
25;2025-12-31;14;475
25;2025-12-31;15;563
25;2025-12-31;16;484
25;2025-12-31;17;453
25;2025-12-31;18;399
25;2025-12-31;19;324
25;2025-12-31;20;0
25;2025-12-31;21;0
25;2025-12-31;22;0
25;2025-12-31;23;0
26;2025-11-01;0;32
26;2025-11-01;1;1
26;2025-11-01;2;0
26;2025-11-01;3;0
26;2025-11-01;4;2
26;2025-11-01;5;77
26;2025-11-01;6;469
26;2025-11-01;7;986
26;2025-11-01;8;1865
26;2025-11-01;9;1326
26;2025-11-01;10;1114
26;2025-11-01;11;1009
26;2025-11-01;12;1081
26;2025-11-01;13;1151
26;2025-11-01;14;1175
26;2025-11-01;15;1302
26;2025-11-01;16;1492
26;2025-11-01;17;1558
26;2025-11-01;18;1357
26;2025-11-01;19;1046
26;2025-11-01;20;680
26;2025-11-01;21;417
26;2025-11-01;22;225
26;2025-11-01;23;136
26;2025-11-02;0;49
26;2025-11-02;1;9
26;2025-11-02;2;4
26;2025-11-02;3;3
26;2025-11-02;4;5
26;2025-11-02;5;32
26;2025-11-02;6;155
26;2025-11-02;7;244
26;2025-11-02;8;367
26;2025-11-02;9;500
26;2025-11-02;10;555
26;2025-11-02;11;745
26;2025-11-02;12;815
26;2025-11-02;13;849
26;2025-11-02;14;839
26;2025-11-02;15;761
26;2025-11-02;16;805
26;2025-11-02;17;775
26;2025-11-02;18;725
26;2025-11-02;19;576
26;2025-11-02;20;414
26;2025-11-02;21;301
26;2025-11-02;22;204
26;2025-11-02;23;119
26;2025-11-03;0;46
26;2025-11-03;1;8
26;2025-11-03;2;4
26;2025-11-03;3;4
26;2025-11-03;4;6
26;2025-11-03;5;34
26;2025-11-03;6;153
26;2025-11-03;7;243
26;2025-11-03;8;361
26;2025-11-03;9;484
26;2025-11-03;10;537
26;2025-11-03;11;724
26;2025-11-03;12;783
26;2025-11-03;13;816
26;2025-11-03;14;808
26;2025-11-03;15;732
26;2025-11-03;16;771
26;2025-11-03;17;750
26;2025-11-03;18;704
26;2025-11-03;19;563
26;2025-11-03;20;407
26;2025-11-03;21;294
26;2025-11-03;22;192
26;2025-11-03;23;109
26;2025-11-04;0;45
26;2025-11-04;1;9
26;2025-11-04;2;3
26;2025-11-04;3;3
26;2025-11-04;4;4
26;2025-11-04;5;32
26;2025-11-04;6;154
26;2025-11-04;7;241
26;2025-11-04;8;358
26;2025-11-04;9;480
26;2025-11-04;10;531
26;2025-11-04;11;725
26;2025-11-04;12;785
26;2025-11-04;13;814
26;2025-11-04;14;806
26;2025-11-04;15;730
26;2025-11-04;16;766
26;2025-11-04;17;744
26;2025-11-04;18;694
26;2025-11-04;19;548
26;2025-11-04;20;396
26;2025-11-04;21;284
26;2025-11-04;22;188
26;2025-11-04;23;105
26;2025-11-05;0;27
26;2025-11-05;1;1
26;2025-11-05;2;0
26;2025-11-05;3;0
26;2025-11-05;4;1
26;2025-11-05;5;80
26;2025-11-05;6;519
26;2025-11-05;7;1088
26;2025-11-05;8;2196
26;2025-11-05;9;1494
26;2025-11-05;10;1213
26;2025-11-05;11;1096
26;2025-11-05;12;1153
26;2025-11-05;13;1185
26;2025-11-05;14;1243
26;2025-11-05;15;1326
26;2025-11-05;16;1523
26;2025-11-05;17;1727
26;2025-11-05;18;1901
26;2025-11-05;19;1294
26;2025-11-05;20;766
26;2025-11-05;21;460
26;2025-11-05;22;221
26;2025-11-05;23;113
26;2025-11-06;0;36
26;2025-11-06;1;1
26;2025-11-06;2;0
26;2025-11-06;3;0
26;2025-11-06;4;1
26;2025-11-06;5;94
26;2025-11-06;6;529
26;2025-11-06;7;1116
26;2025-11-06;8;2199
26;2025-11-06;9;1535
26;2025-11-06;10;1239
26;2025-11-06;11;1144
26;2025-11-06;12;1183
26;2025-11-06;13;1228
26;2025-11-06;14;1263
26;2025-11-06;15;1375
26;2025-11-06;16;1574
26;2025-11-06;17;1794
26;2025-11-06;18;1964
26;2025-11-06;19;1332
26;2025-11-06;20;810
26;2025-11-06;21;483
26;2025-11-06;22;250
26;2025-11-06;23;137
26;2025-11-07;0;35
26;2025-11-07;1;1
26;2025-11-07;2;0
26;2025-11-07;3;0
26;2025-11-07;4;2
26;2025-11-07;5;86
26;2025-11-07;6;521
26;2025-11-07;7;1084
26;2025-11-07;8;2097
26;2025-11-07;9;1475
26;2025-11-07;10;1219
26;2025-11-07;11;1091
26;2025-11-07;12;1164
26;2025-11-07;13;1237
26;2025-11-07;14;1247
26;2025-11-07;15;1397
26;2025-11-07;16;1639
26;2025-11-07;17;1741
26;2025-11-07;18;1553
26;2025-11-07;19;1175
26;2025-11-07;20;765
26;2025-11-07;21;466
26;2025-11-07;22;248
26;2025-11-07;23;148
26;2025-11-08;0;45
26;2025-11-08;1;2
26;2025-11-08;2;0
26;2025-11-08;3;0
26;2025-11-08;4;2
26;2025-11-08;5;43
26;2025-11-08;6;276
26;2025-11-08;7;371
26;2025-11-08;8;593
26;2025-11-08;9;704
26;2025-11-08;10;837
26;2025-11-08;11;1022
26;2025-11-08;12;1080
26;2025-11-08;13;1078
26;2025-11-08;14;1068
26;2025-11-08;15;1017
26;2025-11-08;16;1028
26;2025-11-08;17;978
26;2025-11-08;18;910
26;2025-11-08;19;832
26;2025-11-08;20;574
26;2025-11-08;21;381
26;2025-11-08;22;231
26;2025-11-08;23;151
26;2025-11-09;0;52
26;2025-11-09;1;5
26;2025-11-09;2;0
26;2025-11-09;3;0
26;2025-11-09;4;2
26;2025-11-09;5;28
26;2025-11-09;6;162
26;2025-11-09;7;263
26;2025-11-09;8;400
26;2025-11-09;9;557
26;2025-11-09;10;619
26;2025-11-09;11;827
26;2025-11-09;12;903
26;2025-11-09;13;942
26;2025-11-09;14;929
26;2025-11-09;15;840
26;2025-11-09;16;891
26;2025-11-09;17;849
26;2025-11-09;18;782
26;2025-11-09;19;608
26;2025-11-09;20;438
26;2025-11-09;21;319
26;2025-11-09;22;214
26;2025-11-09;23;115
26;2025-11-10;0;33
26;2025-11-10;1;2
26;2025-11-10;2;1
26;2025-11-10;3;1
26;2025-11-10;4;3
26;2025-11-10;5;91
26;2025-11-10;6;543
26;2025-11-10;7;1109
26;2025-11-10;8;2200
26;2025-11-10;9;1511
26;2025-11-10;10;1236
26;2025-11-10;11;1095
26;2025-11-10;12;1145
26;2025-11-10;13;1201
26;2025-11-10;14;1219
26;2025-11-10;15;1332
26;2025-11-10;16;1556
26;2025-11-10;17;1766
26;2025-11-10;18;1957
26;2025-11-10;19;1321
26;2025-11-10;20;799
26;2025-11-10;21;467
26;2025-11-10;22;231
26;2025-11-10;23;115
26;2025-11-11;0;34
26;2025-11-11;1;2
26;2025-11-11;2;1
26;2025-11-11;3;1
26;2025-11-11;4;3
26;2025-11-11;5;94
26;2025-11-11;6;549
26;2025-11-11;7;1134
26;2025-11-11;8;2233
26;2025-11-11;9;1542
26;2025-11-11;10;1259
26;2025-11-11;11;1145
26;2025-11-11;12;1192
26;2025-11-11;13;1220
26;2025-11-11;14;1251
26;2025-11-11;15;1356
26;2025-11-11;16;1577
26;2025-11-11;17;1792
26;2025-11-11;18;1968
26;2025-11-11;19;1355
26;2025-11-11;20;820
26;2025-11-11;21;480
26;2025-11-11;22;240
26;2025-11-11;23;124
26;2025-11-12;0;33
26;2025-11-12;1;1
26;2025-11-12;2;0
26;2025-11-12;3;0
26;2025-11-12;4;1
26;2025-11-12;5;93
26;2025-11-12;6;543
26;2025-11-12;7;1128
26;2025-11-12;8;2233
26;2025-11-12;9;1531
26;2025-11-12;10;1254
26;2025-11-12;11;1135
26;2025-11-12;12;1189
26;2025-11-12;13;1224
26;2025-11-12;14;1281
26;2025-11-12;15;1362
26;2025-11-12;16;1561
26;2025-11-12;17;1763
26;2025-11-12;18;1941
26;2025-11-12;19;1333
26;2025-11-12;20;806
26;2025-11-12;21;490
26;2025-11-12;22;246
26;2025-11-12;23;131
26;2025-11-13;0;38
26;2025-11-13;1;1
26;2025-11-13;2;0
26;2025-11-13;3;0
26;2025-11-13;4;1
26;2025-11-13;5;96
26;2025-11-13;6;538
26;2025-11-13;7;1131
26;2025-11-13;8;2222
26;2025-11-13;9;1549
26;2025-11-13;10;1252
26;2025-11-13;11;1158
26;2025-11-13;12;1198
26;2025-11-13;13;1246
26;2025-11-13;14;1280
26;2025-11-13;15;1391
26;2025-11-13;16;1590
26;2025-11-13;17;1809
26;2025-11-13;18;1984
26;2025-11-13;19;1347
26;2025-11-13;20;823
26;2025-11-13;21;491
26;2025-11-13;22;256
26;2025-11-13;23;141
26;2025-11-14;0;37
26;2025-11-14;1;1
26;2025-11-14;2;0
26;2025-11-14;3;0
26;2025-11-14;4;2
26;2025-11-14;5;90
26;2025-11-14;6;534
26;2025-11-14;7;1106
26;2025-11-14;8;2124
26;2025-11-14;9;1496
26;2025-11-14;10;1240
26;2025-11-14;11;1115
26;2025-11-14;12;1191
26;2025-11-14;13;1269
26;2025-11-14;14;1279
26;2025-11-14;15;1427
26;2025-11-14;16;1669
26;2025-11-14;17;1767
26;2025-11-14;18;1581
26;2025-11-14;19;1201
26;2025-11-14;20;788
26;2025-11-14;21;479
26;2025-11-14;22;258
26;2025-11-14;23;156
26;2025-11-15;0;49
26;2025-11-15;1;3
26;2025-11-15;2;1
26;2025-11-15;3;1
26;2025-11-15;4;2
26;2025-11-15;5;48
26;2025-11-15;6;284
26;2025-11-15;7;384
26;2025-11-15;8;612
26;2025-11-15;9;726
26;2025-11-15;10;864
26;2025-11-15;11;1059
26;2025-11-15;12;1124
26;2025-11-15;13;1131
26;2025-11-15;14;1121
26;2025-11-15;15;1072
26;2025-11-15;16;1076
26;2025-11-15;17;1018
26;2025-11-15;18;947
26;2025-11-15;19;865
26;2025-11-15;20;600
26;2025-11-15;21;397
26;2025-11-15;22;245
26;2025-11-15;23;164
26;2025-11-16;0;54
26;2025-11-16;1;6
26;2025-11-16;2;1
26;2025-11-16;3;0
26;2025-11-16;4;3
26;2025-11-16;5;30
26;2025-11-16;6;164
26;2025-11-16;7;265
26;2025-11-16;8;405
26;2025-11-16;9;562
26;2025-11-16;10;625
26;2025-11-16;11;843
26;2025-11-16;12;924
26;2025-11-16;13;968
26;2025-11-16;14;954
26;2025-11-16;15;862
26;2025-11-16;16;907
26;2025-11-16;17;863
26;2025-11-16;18;794
26;2025-11-16;19;617
26;2025-11-16;20;444
26;2025-11-16;21;323
26;2025-11-16;22;217
26;2025-11-16;23;118
26;2025-11-17;0;33
26;2025-11-17;1;2
26;2025-11-17;2;1
26;2025-11-17;3;1
26;2025-11-17;4;3
26;2025-11-17;5;92
26;2025-11-17;6;545
26;2025-11-17;7;1111
26;2025-11-17;8;2203
26;2025-11-17;9;1514
26;2025-11-17;10;1238
26;2025-11-17;11;1101
26;2025-11-17;12;1151
26;2025-11-17;13;1207
26;2025-11-17;14;1225
26;2025-11-17;15;1337
26;2025-11-17;16;1558
26;2025-11-17;17;1767
26;2025-11-17;18;1959
26;2025-11-17;19;1322
26;2025-11-17;20;801
26;2025-11-17;21;467
26;2025-11-17;22;230
26;2025-11-17;23;114
26;2025-11-18;0;34
26;2025-11-18;1;2
26;2025-11-18;2;1
26;2025-11-18;3;1
26;2025-11-18;4;3
26;2025-11-18;5;95
26;2025-11-18;6;551
26;2025-11-18;7;1135
26;2025-11-18;8;2235
26;2025-11-18;9;1545
26;2025-11-18;10;1261
26;2025-11-18;11;1148
26;2025-11-18;12;1196
26;2025-11-18;13;1224
26;2025-11-18;14;1255
26;2025-11-18;15;1361
26;2025-11-18;16;1578
26;2025-11-18;17;1792
26;2025-11-18;18;1969
26;2025-11-18;19;1356
26;2025-11-18;20;822
26;2025-11-18;21;480
26;2025-11-18;22;239
26;2025-11-18;23;123
26;2025-11-19;0;34
26;2025-11-19;1;1
26;2025-11-19;2;0
26;2025-11-19;3;0
26;2025-11-19;4;2
26;2025-11-19;5;95
26;2025-11-19;6;546
26;2025-11-19;7;1132
26;2025-11-19;8;2237
26;2025-11-19;9;1537
26;2025-11-19;10;1259
26;2025-11-19;11;1140
26;2025-11-19;12;1196
26;2025-11-19;13;1233
26;2025-11-19;14;1290
26;2025-11-19;15;1372
26;2025-11-19;16;1566
26;2025-11-19;17;1765
26;2025-11-19;18;1943
26;2025-11-19;19;1336
26;2025-11-19;20;808
26;2025-11-19;21;490
26;2025-11-19;22;246
26;2025-11-19;23;130
26;2025-11-20;0;38
26;2025-11-20;1;1
26;2025-11-20;2;0
26;2025-11-20;3;0
26;2025-11-20;4;2
26;2025-11-20;5;98
26;2025-11-20;6;540
26;2025-11-20;7;1134
26;2025-11-20;8;2225
26;2025-11-20;9;1553
26;2025-11-20;10;1256
26;2025-11-20;11;1162
26;2025-11-20;12;1202
26;2025-11-20;13;1251
26;2025-11-20;14;1286
26;2025-11-20;15;1397
26;2025-11-20;16;1590
26;2025-11-20;17;1808
26;2025-11-20;18;1983
26;2025-11-20;19;1346
26;2025-11-20;20;823
26;2025-11-20;21;488
26;2025-11-20;22;254
26;2025-11-20;23;138
26;2025-11-21;0;37
26;2025-11-21;1;2
26;2025-11-21;2;1
26;2025-11-21;3;0
26;2025-11-21;4;2
26;2025-11-21;5;91
26;2025-11-21;6;537
26;2025-11-21;7;1112
26;2025-11-21;8;2128
26;2025-11-21;9;1501
26;2025-11-21;10;1245
26;2025-11-21;11;1125
26;2025-11-21;12;1201
26;2025-11-21;13;1278
26;2025-11-21;14;1288
26;2025-11-21;15;1435
26;2025-11-21;16;1673
26;2025-11-21;17;1768
26;2025-11-21;18;1582
26;2025-11-21;19;1202
26;2025-11-21;20;789
26;2025-11-21;21;478
26;2025-11-21;22;258
26;2025-11-21;23;155
26;2025-11-22;0;49
26;2025-11-22;1;3
26;2025-11-22;2;1
26;2025-11-22;3;1
26;2025-11-22;4;2
26;2025-11-22;5;49
26;2025-11-22;6;284
26;2025-11-22;7;385
26;2025-11-22;8;612
26;2025-11-22;9;726
26;2025-11-22;10;865
26;2025-11-22;11;1064
26;2025-11-22;12;1129
26;2025-11-22;13;1135
26;2025-11-22;14;1125
26;2025-11-22;15;1076
26;2025-11-22;16;1076
26;2025-11-22;17;1018
26;2025-11-22;18;946
26;2025-11-22;19;863
26;2025-11-22;20;598
26;2025-11-22;21;396
26;2025-11-22;22;244
26;2025-11-22;23;163
26;2025-11-23;0;54
26;2025-11-23;1;6
26;2025-11-23;2;0
26;2025-11-23;3;0
26;2025-11-23;4;3
26;2025-11-23;5;31
26;2025-11-23;6;165
26;2025-11-23;7;266
26;2025-11-23;8;406
26;2025-11-23;9;559
26;2025-11-23;10;619
26;2025-11-23;11;836
26;2025-11-23;12;918
26;2025-11-23;13;962
26;2025-11-23;14;948
26;2025-11-23;15;855
26;2025-11-23;16;899
26;2025-11-23;17;853
26;2025-11-23;18;782
26;2025-11-23;19;609
26;2025-11-23;20;439
26;2025-11-23;21;320
26;2025-11-23;22;215
26;2025-11-23;23;116
26;2025-11-24;0;33
26;2025-11-24;1;3
26;2025-11-24;2;1
26;2025-11-24;3;1
26;2025-11-24;4;3
26;2025-11-24;5;92
26;2025-11-24;6;544
26;2025-11-24;7;1109
26;2025-11-24;8;2204
26;2025-11-24;9;1516
26;2025-11-24;10;1238
26;2025-11-24;11;1101
26;2025-11-24;12;1153
26;2025-11-24;13;1212
26;2025-11-24;14;1229
26;2025-11-24;15;1341
26;2025-11-24;16;1560
26;2025-11-24;17;1769
26;2025-11-24;18;1956
26;2025-11-24;19;1322
26;2025-11-24;20;797
26;2025-11-24;21;466
26;2025-11-24;22;231
26;2025-11-24;23;115
26;2025-11-25;0;34
26;2025-11-25;1;2
26;2025-11-25;2;2
26;2025-11-25;3;2
26;2025-11-25;4;4
26;2025-11-25;5;94
26;2025-11-25;6;547
26;2025-11-25;7;1127
26;2025-11-25;8;2232
26;2025-11-25;9;1546
26;2025-11-25;10;1261
26;2025-11-25;11;1139
26;2025-11-25;12;1194
26;2025-11-25;13;1227
26;2025-11-25;14;1259
26;2025-11-25;15;1365
26;2025-11-25;16;1583
26;2025-11-25;17;1796
26;2025-11-25;18;1967
26;2025-11-25;19;1359
26;2025-11-25;20;817
26;2025-11-25;21;479
26;2025-11-25;22;241
26;2025-11-25;23;124
26;2025-11-26;0;34
26;2025-11-26;1;1
26;2025-11-26;2;0
26;2025-11-26;3;0
26;2025-11-26;4;2
26;2025-11-26;5;92
26;2025-11-26;6;541
26;2025-11-26;7;1120
26;2025-11-26;8;2231
26;2025-11-26;9;1534
26;2025-11-26;10;1254
26;2025-11-26;11;1127
26;2025-11-26;12;1189
26;2025-11-26;13;1230
26;2025-11-26;14;1288
26;2025-11-26;15;1371
26;2025-11-26;16;1566
26;2025-11-26;17;1765
26;2025-11-26;18;1939
26;2025-11-26;19;1336
26;2025-11-26;20;801
26;2025-11-26;21;487
26;2025-11-26;22;245
26;2025-11-26;23;130
26;2025-11-27;0;37
26;2025-11-27;1;2
26;2025-11-27;2;1
26;2025-11-27;3;1
26;2025-11-27;4;3
26;2025-11-27;5;93
26;2025-11-27;6;523
26;2025-11-27;7;1104
26;2025-11-27;8;2197
26;2025-11-27;9;1531
26;2025-11-27;10;1233
26;2025-11-27;11;1132
26;2025-11-27;12;1176
26;2025-11-27;13;1228
26;2025-11-27;14;1263
26;2025-11-27;15;1376
26;2025-11-27;16;1571
26;2025-11-27;17;1786
26;2025-11-27;18;1958
26;2025-11-27;19;1325
26;2025-11-27;20;799
26;2025-11-27;21;473
26;2025-11-27;22;245
26;2025-11-27;23;132
26;2025-11-28;0;33
26;2025-11-28;1;1
26;2025-11-28;2;0
26;2025-11-28;3;0
26;2025-11-28;4;1
26;2025-11-28;5;83
26;2025-11-28;6;511
26;2025-11-28;7;1069
26;2025-11-28;8;2085
26;2025-11-28;9;1464
26;2025-11-28;10;1207
26;2025-11-28;11;1077
26;2025-11-28;12;1155
26;2025-11-28;13;1231
26;2025-11-28;14;1242
26;2025-11-28;15;1389
26;2025-11-28;16;1631
26;2025-11-28;17;1726
26;2025-11-28;18;1530
26;2025-11-28;19;1161
26;2025-11-28;20;749
26;2025-11-28;21;452
26;2025-11-28;22;238
26;2025-11-28;23;140
26;2025-11-29;0;43
26;2025-11-29;1;1
26;2025-11-29;2;0
26;2025-11-29;3;0
26;2025-11-29;4;1
26;2025-11-29;5;41
26;2025-11-29;6;268
26;2025-11-29;7;365
26;2025-11-29;8;574
26;2025-11-29;9;681
26;2025-11-29;10;818
26;2025-11-29;11;1004
26;2025-11-29;12;1069
26;2025-11-29;13;1071
26;2025-11-29;14;1061
26;2025-11-29;15;1010
26;2025-11-29;16;1016
26;2025-11-29;17;960
26;2025-11-29;18;893
26;2025-11-29;19;816
26;2025-11-29;20;558
26;2025-11-29;21;373
26;2025-11-29;22;222
26;2025-11-29;23;142
26;2025-11-30;0;48
26;2025-11-30;1;5
26;2025-11-30;2;0
26;2025-11-30;3;0
26;2025-11-30;4;2
26;2025-11-30;5;27
26;2025-11-30;6;155
26;2025-11-30;7;256
26;2025-11-30;8;390
26;2025-11-30;9;538
26;2025-11-30;10;595
26;2025-11-30;11;805
26;2025-11-30;12;882
26;2025-11-30;13;919
26;2025-11-30;14;907
26;2025-11-30;15;820
26;2025-11-30;16;865
26;2025-11-30;17;822
26;2025-11-30;18;756
26;2025-11-30;19;586
26;2025-11-30;20;420
26;2025-11-30;21;304
26;2025-11-30;22;202
26;2025-11-30;23;106
26;2025-12-01;0;33
26;2025-12-01;1;3
26;2025-12-01;2;1
26;2025-12-01;3;1
26;2025-12-01;4;3
26;2025-12-01;5;92
26;2025-12-01;6;545
26;2025-12-01;7;1115
26;2025-12-01;8;2223
26;2025-12-01;9;1527
26;2025-12-01;10;1247
26;2025-12-01;11;1104
26;2025-12-01;12;1160
26;2025-12-01;13;1220
26;2025-12-01;14;1238
26;2025-12-01;15;1352
26;2025-12-01;16;1573
26;2025-12-01;17;1784
26;2025-12-01;18;1972
26;2025-12-01;19;1334
26;2025-12-01;20;801
26;2025-12-01;21;469
26;2025-12-01;22;234
26;2025-12-01;23;116
26;2025-12-02;0;34
26;2025-12-02;1;2
26;2025-12-02;2;2
26;2025-12-02;3;2
26;2025-12-02;4;4
26;2025-12-02;5;95
26;2025-12-02;6;552
26;2025-12-02;7;1137
26;2025-12-02;8;2252
26;2025-12-02;9;1560
26;2025-12-02;10;1273
26;2025-12-02;11;1149
26;2025-12-02;12;1205
26;2025-12-02;13;1238
26;2025-12-02;14;1271
26;2025-12-02;15;1378
26;2025-12-02;16;1597
26;2025-12-02;17;1812
26;2025-12-02;18;1985
26;2025-12-02;19;1372
26;2025-12-02;20;825
26;2025-12-02;21;484
26;2025-12-02;22;243
26;2025-12-02;23;125
26;2025-12-03;0;34
26;2025-12-03;1;1
26;2025-12-03;2;0
26;2025-12-03;3;0
26;2025-12-03;4;2
26;2025-12-03;5;93
26;2025-12-03;6;546
26;2025-12-03;7;1130
26;2025-12-03;8;2251
26;2025-12-03;9;1548
26;2025-12-03;10;1266
26;2025-12-03;11;1137
26;2025-12-03;12;1200
26;2025-12-03;13;1241
26;2025-12-03;14;1300
26;2025-12-03;15;1384
26;2025-12-03;16;1580
26;2025-12-03;17;1782
26;2025-12-03;18;1957
26;2025-12-03;19;1349
26;2025-12-03;20;808
26;2025-12-03;21;492
26;2025-12-03;22;247
26;2025-12-03;23;132
26;2025-12-04;0;37
26;2025-12-04;1;2
26;2025-12-04;2;1
26;2025-12-04;3;1
26;2025-12-04;4;3
26;2025-12-04;5;94
26;2025-12-04;6;528
26;2025-12-04;7;1114
26;2025-12-04;8;2217
26;2025-12-04;9;1545
26;2025-12-04;10;1244
26;2025-12-04;11;1142
26;2025-12-04;12;1187
26;2025-12-04;13;1239
26;2025-12-04;14;1275
26;2025-12-04;15;1389
26;2025-12-04;16;1585
26;2025-12-04;17;1802
26;2025-12-04;18;1976
26;2025-12-04;19;1337
26;2025-12-04;20;806
26;2025-12-04;21;478
26;2025-12-04;22;247
26;2025-12-04;23;134
26;2025-12-05;0;33
26;2025-12-05;1;1
26;2025-12-05;2;0
26;2025-12-05;3;0
26;2025-12-05;4;1
26;2025-12-05;5;84
26;2025-12-05;6;516
26;2025-12-05;7;1078
26;2025-12-05;8;2104
26;2025-12-05;9;1477
26;2025-12-05;10;1218
26;2025-12-05;11;1087
26;2025-12-05;12;1165
26;2025-12-05;13;1242
26;2025-12-05;14;1253
26;2025-12-05;15;1401
26;2025-12-05;16;1646
26;2025-12-05;17;1742
26;2025-12-05;18;1544
26;2025-12-05;19;1172
26;2025-12-05;20;756
26;2025-12-05;21;456
26;2025-12-05;22;240
26;2025-12-05;23;142
26;2025-12-06;0;44
26;2025-12-06;1;1
26;2025-12-06;2;0
26;2025-12-06;3;0
26;2025-12-06;4;1
26;2025-12-06;5;41
26;2025-12-06;6;270
26;2025-12-06;7;368
26;2025-12-06;8;580
26;2025-12-06;9;687
26;2025-12-06;10;826
26;2025-12-06;11;1013
26;2025-12-06;12;1078
26;2025-12-06;13;1080
26;2025-12-06;14;1070
26;2025-12-06;15;1019
26;2025-12-06;16;1025
26;2025-12-06;17;969
26;2025-12-06;18;901
26;2025-12-06;19;823
26;2025-12-06;20;563
26;2025-12-06;21;376
26;2025-12-06;22;224
26;2025-12-06;23;144
26;2025-12-07;0;49
26;2025-12-07;1;5
26;2025-12-07;2;0
26;2025-12-07;3;0
26;2025-12-07;4;2
26;2025-12-07;5;27
26;2025-12-07;6;157
26;2025-12-07;7;258
26;2025-12-07;8;394
26;2025-12-07;9;543
26;2025-12-07;10;600
26;2025-12-07;11;812
26;2025-12-07;12;890
26;2025-12-07;13;928
26;2025-12-07;14;916
26;2025-12-07;15;828
26;2025-12-07;16;873
26;2025-12-07;17;830
26;2025-12-07;18;763
26;2025-12-07;19;592
26;2025-12-07;20;424
26;2025-12-07;21;307
26;2025-12-07;22;203
26;2025-12-07;23;107
26;2025-12-08;0;33
26;2025-12-08;1;3
26;2025-12-08;2;1
26;2025-12-08;3;1
26;2025-12-08;4;3
26;2025-12-08;5;92
26;2025-12-08;6;545
26;2025-12-08;7;1115
26;2025-12-08;8;2223
26;2025-12-08;9;1527
26;2025-12-08;10;1247
26;2025-12-08;11;1104
26;2025-12-08;12;1160
26;2025-12-08;13;1220
26;2025-12-08;14;1238
26;2025-12-08;15;1352
26;2025-12-08;16;1573
26;2025-12-08;17;1784
26;2025-12-08;18;1972
26;2025-12-08;19;1334
26;2025-12-08;20;801
26;2025-12-08;21;469
26;2025-12-08;22;234
26;2025-12-08;23;116
26;2025-12-09;0;34
26;2025-12-09;1;2
26;2025-12-09;2;2
26;2025-12-09;3;2
26;2025-12-09;4;4
26;2025-12-09;5;95
26;2025-12-09;6;552
26;2025-12-09;7;1137
26;2025-12-09;8;2252
26;2025-12-09;9;1560
26;2025-12-09;10;1273
26;2025-12-09;11;1149
26;2025-12-09;12;1205
26;2025-12-09;13;1238
26;2025-12-09;14;1271
26;2025-12-09;15;1378
26;2025-12-09;16;1597
26;2025-12-09;17;1812
26;2025-12-09;18;1985
26;2025-12-09;19;1372
26;2025-12-09;20;825
26;2025-12-09;21;484
26;2025-12-09;22;243
26;2025-12-09;23;125
26;2025-12-10;0;34
26;2025-12-10;1;1
26;2025-12-10;2;0
26;2025-12-10;3;0
26;2025-12-10;4;2
26;2025-12-10;5;93
26;2025-12-10;6;546
26;2025-12-10;7;1130
26;2025-12-10;8;2251
26;2025-12-10;9;1548
26;2025-12-10;10;1266
26;2025-12-10;11;1137
26;2025-12-10;12;1200
26;2025-12-10;13;1241
26;2025-12-10;14;1300
26;2025-12-10;15;1384
26;2025-12-10;16;1580
26;2025-12-10;17;1782
26;2025-12-10;18;1957
26;2025-12-10;19;1349
26;2025-12-10;20;808
26;2025-12-10;21;492
26;2025-12-10;22;247
26;2025-12-10;23;132
26;2025-12-11;0;37
26;2025-12-11;1;2
26;2025-12-11;2;1
26;2025-12-11;3;1
26;2025-12-11;4;3
26;2025-12-11;5;94
26;2025-12-11;6;528
26;2025-12-11;7;1114
26;2025-12-11;8;2217
26;2025-12-11;9;1545
26;2025-12-11;10;1244
26;2025-12-11;11;1142
26;2025-12-11;12;1187
26;2025-12-11;13;1239
26;2025-12-11;14;1275
26;2025-12-11;15;1389
26;2025-12-11;16;1585
26;2025-12-11;17;1802
26;2025-12-11;18;1976
26;2025-12-11;19;1337
26;2025-12-11;20;806
26;2025-12-11;21;478
26;2025-12-11;22;247
26;2025-12-11;23;134
26;2025-12-12;0;33
26;2025-12-12;1;1
26;2025-12-12;2;0
26;2025-12-12;3;0
26;2025-12-12;4;1
26;2025-12-12;5;84
26;2025-12-12;6;516
26;2025-12-12;7;1078
26;2025-12-12;8;2104
26;2025-12-12;9;1477
26;2025-12-12;10;1218
26;2025-12-12;11;1087
26;2025-12-12;12;1165
26;2025-12-12;13;1242
26;2025-12-12;14;1253
26;2025-12-12;15;1401
26;2025-12-12;16;1646
26;2025-12-12;17;1742
26;2025-12-12;18;1544
26;2025-12-12;19;1172
26;2025-12-12;20;756
26;2025-12-12;21;456
26;2025-12-12;22;240
26;2025-12-12;23;142
26;2025-12-13;0;44
26;2025-12-13;1;1
26;2025-12-13;2;0
26;2025-12-13;3;0
26;2025-12-13;4;1
26;2025-12-13;5;41
26;2025-12-13;6;270
26;2025-12-13;7;368
26;2025-12-13;8;580
26;2025-12-13;9;687
26;2025-12-13;10;826
26;2025-12-13;11;1013
26;2025-12-13;12;1078
26;2025-12-13;13;1080
26;2025-12-13;14;1070
26;2025-12-13;15;1019
26;2025-12-13;16;1025
26;2025-12-13;17;969
26;2025-12-13;18;901
26;2025-12-13;19;823
26;2025-12-13;20;563
26;2025-12-13;21;376
26;2025-12-13;22;224
26;2025-12-13;23;144
26;2025-12-14;0;49
26;2025-12-14;1;5
26;2025-12-14;2;0
26;2025-12-14;3;0
26;2025-12-14;4;2
26;2025-12-14;5;27
26;2025-12-14;6;157
26;2025-12-14;7;258
26;2025-12-14;8;394
26;2025-12-14;9;543
26;2025-12-14;10;600
26;2025-12-14;11;812
26;2025-12-14;12;890
26;2025-12-14;13;928
26;2025-12-14;14;916
26;2025-12-14;15;828
26;2025-12-14;16;873
26;2025-12-14;17;830
26;2025-12-14;18;763
26;2025-12-14;19;592
26;2025-12-14;20;424
26;2025-12-14;21;307
26;2025-12-14;22;203
26;2025-12-14;23;107
26;2025-12-15;0;33
26;2025-12-15;1;3
26;2025-12-15;2;1
26;2025-12-15;3;1
26;2025-12-15;4;3
26;2025-12-15;5;92
26;2025-12-15;6;545
26;2025-12-15;7;1115
26;2025-12-15;8;2223
26;2025-12-15;9;1527
26;2025-12-15;10;1247
26;2025-12-15;11;1104
26;2025-12-15;12;1160
26;2025-12-15;13;1220
26;2025-12-15;14;1238
26;2025-12-15;15;1352
26;2025-12-15;16;1573
26;2025-12-15;17;1784
26;2025-12-15;18;1972
26;2025-12-15;19;1334
26;2025-12-15;20;801
26;2025-12-15;21;469
26;2025-12-15;22;234
26;2025-12-15;23;116
26;2025-12-16;0;34
26;2025-12-16;1;2
26;2025-12-16;2;2
26;2025-12-16;3;2
26;2025-12-16;4;4
26;2025-12-16;5;95
26;2025-12-16;6;552
26;2025-12-16;7;1137
26;2025-12-16;8;2252
26;2025-12-16;9;1560
26;2025-12-16;10;1273
26;2025-12-16;11;1149
26;2025-12-16;12;1205
26;2025-12-16;13;1238
26;2025-12-16;14;1271
26;2025-12-16;15;1378
26;2025-12-16;16;1597
26;2025-12-16;17;1812
26;2025-12-16;18;1985
26;2025-12-16;19;1372
26;2025-12-16;20;825
26;2025-12-16;21;484
26;2025-12-16;22;243
26;2025-12-16;23;125
26;2025-12-17;0;34
26;2025-12-17;1;1
26;2025-12-17;2;0
26;2025-12-17;3;0
26;2025-12-17;4;2
26;2025-12-17;5;93
26;2025-12-17;6;546
26;2025-12-17;7;1130
26;2025-12-17;8;2251
26;2025-12-17;9;1548
26;2025-12-17;10;1266
26;2025-12-17;11;1137
26;2025-12-17;12;1200
26;2025-12-17;13;1241
26;2025-12-17;14;1300
26;2025-12-17;15;1384
26;2025-12-17;16;1580
26;2025-12-17;17;1782
26;2025-12-17;18;1957
26;2025-12-17;19;1349
26;2025-12-17;20;808
26;2025-12-17;21;492
26;2025-12-17;22;247
26;2025-12-17;23;132
26;2025-12-18;0;37
26;2025-12-18;1;2
26;2025-12-18;2;1
26;2025-12-18;3;1
26;2025-12-18;4;3
26;2025-12-18;5;94
26;2025-12-18;6;528
26;2025-12-18;7;1114
26;2025-12-18;8;2217
26;2025-12-18;9;1545
26;2025-12-18;10;1244
26;2025-12-18;11;1142
26;2025-12-18;12;1187
26;2025-12-18;13;1239
26;2025-12-18;14;1275
26;2025-12-18;15;1389
26;2025-12-18;16;1585
26;2025-12-18;17;1802
26;2025-12-18;18;1976
26;2025-12-18;19;1337
26;2025-12-18;20;806
26;2025-12-18;21;478
26;2025-12-18;22;247
26;2025-12-18;23;134
26;2025-12-19;0;33
26;2025-12-19;1;1
26;2025-12-19;2;0
26;2025-12-19;3;0
26;2025-12-19;4;1
26;2025-12-19;5;84
26;2025-12-19;6;516
26;2025-12-19;7;1078
26;2025-12-19;8;2104
26;2025-12-19;9;1477
26;2025-12-19;10;1218
26;2025-12-19;11;1087
26;2025-12-19;12;1165
26;2025-12-19;13;1242
26;2025-12-19;14;1253
26;2025-12-19;15;1401
26;2025-12-19;16;1646
26;2025-12-19;17;1742
26;2025-12-19;18;1544
26;2025-12-19;19;1172
26;2025-12-19;20;756
26;2025-12-19;21;456
26;2025-12-19;22;240
26;2025-12-19;23;142
26;2025-12-20;0;44
26;2025-12-20;1;1
26;2025-12-20;2;0
26;2025-12-20;3;0
26;2025-12-20;4;1
26;2025-12-20;5;41
26;2025-12-20;6;270
26;2025-12-20;7;368
26;2025-12-20;8;580
26;2025-12-20;9;687
26;2025-12-20;10;826
26;2025-12-20;11;1013
26;2025-12-20;12;1078
26;2025-12-20;13;1080
26;2025-12-20;14;1070
26;2025-12-20;15;1019
26;2025-12-20;16;1025
26;2025-12-20;17;969
26;2025-12-20;18;901
26;2025-12-20;19;823
26;2025-12-20;20;563
26;2025-12-20;21;376
26;2025-12-20;22;224
26;2025-12-20;23;144
26;2025-12-21;0;49
26;2025-12-21;1;5
26;2025-12-21;2;0
26;2025-12-21;3;0
26;2025-12-21;4;2
26;2025-12-21;5;27
26;2025-12-21;6;157
26;2025-12-21;7;258
26;2025-12-21;8;394
26;2025-12-21;9;543
26;2025-12-21;10;600
26;2025-12-21;11;812
26;2025-12-21;12;890
26;2025-12-21;13;928
26;2025-12-21;14;916
26;2025-12-21;15;828
26;2025-12-21;16;873
26;2025-12-21;17;830
26;2025-12-21;18;763
26;2025-12-21;19;592
26;2025-12-21;20;424
26;2025-12-21;21;307
26;2025-12-21;22;203
26;2025-12-21;23;107
26;2025-12-22;0;33
26;2025-12-22;1;3
26;2025-12-22;2;1
26;2025-12-22;3;1
26;2025-12-22;4;3
26;2025-12-22;5;92
26;2025-12-22;6;545
26;2025-12-22;7;1115
26;2025-12-22;8;2223
26;2025-12-22;9;1527
26;2025-12-22;10;1247
26;2025-12-22;11;1104
26;2025-12-22;12;1160
26;2025-12-22;13;1220
26;2025-12-22;14;1238
26;2025-12-22;15;1352
26;2025-12-22;16;1573
26;2025-12-22;17;1784
26;2025-12-22;18;1972
26;2025-12-22;19;1334
26;2025-12-22;20;801
26;2025-12-22;21;469
26;2025-12-22;22;234
26;2025-12-22;23;116
26;2025-12-23;0;34
26;2025-12-23;1;2
26;2025-12-23;2;2
26;2025-12-23;3;2
26;2025-12-23;4;4
26;2025-12-23;5;95
26;2025-12-23;6;552
26;2025-12-23;7;1137
26;2025-12-23;8;2252
26;2025-12-23;9;1560
26;2025-12-23;10;1273
26;2025-12-23;11;1149
26;2025-12-23;12;1205
26;2025-12-23;13;1238
26;2025-12-23;14;1271
26;2025-12-23;15;1378
26;2025-12-23;16;1597
26;2025-12-23;17;1812
26;2025-12-23;18;1985
26;2025-12-23;19;1372
26;2025-12-23;20;825
26;2025-12-23;21;484
26;2025-12-23;22;243
26;2025-12-23;23;125
26;2025-12-24;0;34
26;2025-12-24;1;1
26;2025-12-24;2;0
26;2025-12-24;3;0
26;2025-12-24;4;2
26;2025-12-24;5;93
26;2025-12-24;6;546
26;2025-12-24;7;1130
26;2025-12-24;8;2251
26;2025-12-24;9;1548
26;2025-12-24;10;1266
26;2025-12-24;11;1137
26;2025-12-24;12;1200
26;2025-12-24;13;1241
26;2025-12-24;14;1300
26;2025-12-24;15;1384
26;2025-12-24;16;1580
26;2025-12-24;17;1782
26;2025-12-24;18;1957
26;2025-12-24;19;1349
26;2025-12-24;20;808
26;2025-12-24;21;492
26;2025-12-24;22;247
26;2025-12-24;23;132
26;2025-12-25;0;37
26;2025-12-25;1;2
26;2025-12-25;2;1
26;2025-12-25;3;1
26;2025-12-25;4;3
26;2025-12-25;5;94
26;2025-12-25;6;528
26;2025-12-25;7;1114
26;2025-12-25;8;2217
26;2025-12-25;9;1545
26;2025-12-25;10;1244
26;2025-12-25;11;1142
26;2025-12-25;12;1187
26;2025-12-25;13;1239
26;2025-12-25;14;1275
26;2025-12-25;15;1389
26;2025-12-25;16;1585
26;2025-12-25;17;1802
26;2025-12-25;18;1976
26;2025-12-25;19;1337
26;2025-12-25;20;806
26;2025-12-25;21;478
26;2025-12-25;22;247
26;2025-12-25;23;134
26;2025-12-26;0;33
26;2025-12-26;1;1
26;2025-12-26;2;0
26;2025-12-26;3;0
26;2025-12-26;4;1
26;2025-12-26;5;84
26;2025-12-26;6;516
26;2025-12-26;7;1078
26;2025-12-26;8;2104
26;2025-12-26;9;1477
26;2025-12-26;10;1218
26;2025-12-26;11;1087
26;2025-12-26;12;1165
26;2025-12-26;13;1242
26;2025-12-26;14;1253
26;2025-12-26;15;1401
26;2025-12-26;16;1646
26;2025-12-26;17;1742
26;2025-12-26;18;1544
26;2025-12-26;19;1172
26;2025-12-26;20;756
26;2025-12-26;21;456
26;2025-12-26;22;240
26;2025-12-26;23;142
26;2025-12-27;0;44
26;2025-12-27;1;1
26;2025-12-27;2;0
26;2025-12-27;3;0
26;2025-12-27;4;1
26;2025-12-27;5;41
26;2025-12-27;6;270
26;2025-12-27;7;368
26;2025-12-27;8;580
26;2025-12-27;9;687
26;2025-12-27;10;826
26;2025-12-27;11;1013
26;2025-12-27;12;1078
26;2025-12-27;13;1080
26;2025-12-27;14;1070
26;2025-12-27;15;1019
26;2025-12-27;16;1025
26;2025-12-27;17;969
26;2025-12-27;18;901
26;2025-12-27;19;823
26;2025-12-27;20;563
26;2025-12-27;21;376
26;2025-12-27;22;224
26;2025-12-27;23;144
26;2025-12-28;0;49
26;2025-12-28;1;5
26;2025-12-28;2;0
26;2025-12-28;3;0
26;2025-12-28;4;2
26;2025-12-28;5;27
26;2025-12-28;6;157
26;2025-12-28;7;258
26;2025-12-28;8;394
26;2025-12-28;9;543
26;2025-12-28;10;600
26;2025-12-28;11;812
26;2025-12-28;12;890
26;2025-12-28;13;928
26;2025-12-28;14;916
26;2025-12-28;15;828
26;2025-12-28;16;873
26;2025-12-28;17;830
26;2025-12-28;18;763
26;2025-12-28;19;592
26;2025-12-28;20;424
26;2025-12-28;21;307
26;2025-12-28;22;203
26;2025-12-28;23;107
26;2025-12-29;0;30
26;2025-12-29;1;2
26;2025-12-29;2;1
26;2025-12-29;3;1
26;2025-12-29;4;3
26;2025-12-29;5;83
26;2025-12-29;6;492
26;2025-12-29;7;1007
26;2025-12-29;8;2006
26;2025-12-29;9;1378
26;2025-12-29;10;1125
26;2025-12-29;11;997
26;2025-12-29;12;1046
26;2025-12-29;13;1100
26;2025-12-29;14;1117
26;2025-12-29;15;1219
26;2025-12-29;16;1420
26;2025-12-29;17;1609
26;2025-12-29;18;1779
26;2025-12-29;19;1204
26;2025-12-29;20;723
26;2025-12-29;21;423
26;2025-12-29;22;211
26;2025-12-29;23;105
26;2025-12-30;0;31
26;2025-12-30;1;2
26;2025-12-30;2;2
26;2025-12-30;3;1
26;2025-12-30;4;4
26;2025-12-30;5;86
26;2025-12-30;6;498
26;2025-12-30;7;1029
26;2025-12-30;8;2009
26;2025-12-30;9;1401
26;2025-12-30;10;1156
26;2025-12-30;11;1046
26;2025-12-30;12;1098
26;2025-12-30;13;1128
26;2025-12-30;14;1167
26;2025-12-30;15;1262
26;2025-12-30;16;1446
26;2025-12-30;17;1605
26;2025-12-30;18;1719
26;2025-12-30;19;1224
26;2025-12-30;20;738
26;2025-12-30;21;432
26;2025-12-30;22;218
26;2025-12-30;23;112
26;2025-12-31;0;43
26;2025-12-31;1;7
26;2025-12-31;2;1
26;2025-12-31;3;1
26;2025-12-31;4;3
26;2025-12-31;5;30
26;2025-12-31;6;155
26;2025-12-31;7;238
26;2025-12-31;8;355
26;2025-12-31;9;468
26;2025-12-31;10;509
26;2025-12-31;11;664
26;2025-12-31;12;719
26;2025-12-31;13;763
26;2025-12-31;14;754
26;2025-12-31;15;696
26;2025-12-31;16;738
26;2025-12-31;17;721
26;2025-12-31;18;687
26;2025-12-31;19;568
26;2025-12-31;20;0
26;2025-12-31;21;0
26;2025-12-31;22;0
26;2025-12-31;23;0
28;2025-11-01;0;0
28;2025-11-01;1;0
28;2025-11-01;2;0
28;2025-11-01;3;0
28;2025-11-01;4;2
28;2025-11-01;5;69
28;2025-11-01;6;240
28;2025-11-01;7;729
28;2025-11-01;8;1048
28;2025-11-01;9;769
28;2025-11-01;10;572
28;2025-11-01;11;518
28;2025-11-01;12;651
28;2025-11-01;13;691
28;2025-11-01;14;660
28;2025-11-01;15;680
28;2025-11-01;16;870
28;2025-11-01;17;891
28;2025-11-01;18;760
28;2025-11-01;19;591
28;2025-11-01;20;434
28;2025-11-01;21;281
28;2025-11-01;22;132
28;2025-11-01;23;19
28;2025-11-02;0;3
28;2025-11-02;1;3
28;2025-11-02;2;2
28;2025-11-02;3;2
28;2025-11-02;4;3
28;2025-11-02;5;34
28;2025-11-02;6;83
28;2025-11-02;7;143
28;2025-11-02;8;239
28;2025-11-02;9;310
28;2025-11-02;10;350
28;2025-11-02;11;388
28;2025-11-02;12;452
28;2025-11-02;13;497
28;2025-11-02;14;486
28;2025-11-02;15;500
28;2025-11-02;16;473
28;2025-11-02;17;478
28;2025-11-02;18;411
28;2025-11-02;19;366
28;2025-11-02;20;279
28;2025-11-02;21;238
28;2025-11-02;22;117
28;2025-11-02;23;20
28;2025-11-03;0;3
28;2025-11-03;1;3
28;2025-11-03;2;2
28;2025-11-03;3;2
28;2025-11-03;4;2
28;2025-11-03;5;34
28;2025-11-03;6;80
28;2025-11-03;7;142
28;2025-11-03;8;234
28;2025-11-03;9;300
28;2025-11-03;10;337
28;2025-11-03;11;369
28;2025-11-03;12;434
28;2025-11-03;13;477
28;2025-11-03;14;469
28;2025-11-03;15;479
28;2025-11-03;16;452
28;2025-11-03;17;464
28;2025-11-03;18;398
28;2025-11-03;19;357
28;2025-11-03;20;270
28;2025-11-03;21;231
28;2025-11-03;22;109
28;2025-11-03;23;14
28;2025-11-04;0;2
28;2025-11-04;1;2
28;2025-11-04;2;0
28;2025-11-04;3;0
28;2025-11-04;4;1
28;2025-11-04;5;34
28;2025-11-04;6;81
28;2025-11-04;7;143
28;2025-11-04;8;233
28;2025-11-04;9;300
28;2025-11-04;10;337
28;2025-11-04;11;373
28;2025-11-04;12;437
28;2025-11-04;13;478
28;2025-11-04;14;470
28;2025-11-04;15;480
28;2025-11-04;16;452
28;2025-11-04;17;463
28;2025-11-04;18;395
28;2025-11-04;19;350
28;2025-11-04;20;265
28;2025-11-04;21;227
28;2025-11-04;22;109
28;2025-11-04;23;14
28;2025-11-05;0;0
28;2025-11-05;1;0
28;2025-11-05;2;0
28;2025-11-05;3;0
28;2025-11-05;4;1
28;2025-11-05;5;79
28;2025-11-05;6;277
28;2025-11-05;7;804
28;2025-11-05;8;1249
28;2025-11-05;9;870
28;2025-11-05;10;644
28;2025-11-05;11;578
28;2025-11-05;12;688
28;2025-11-05;13;731
28;2025-11-05;14;674
28;2025-11-05;15;699
28;2025-11-05;16;879
28;2025-11-05;17;1012
28;2025-11-05;18;982
28;2025-11-05;19;738
28;2025-11-05;20;510
28;2025-11-05;21;309
28;2025-11-05;22;132
28;2025-11-05;23;12
28;2025-11-06;0;1
28;2025-11-06;1;0
28;2025-11-06;2;0
28;2025-11-06;3;0
28;2025-11-06;4;2
28;2025-11-06;5;80
28;2025-11-06;6;285
28;2025-11-06;7;836
28;2025-11-06;8;1273
28;2025-11-06;9;903
28;2025-11-06;10;654
28;2025-11-06;11;577
28;2025-11-06;12;717
28;2025-11-06;13;750
28;2025-11-06;14;695
28;2025-11-06;15;725
28;2025-11-06;16;883
28;2025-11-06;17;1032
28;2025-11-06;18;1022
28;2025-11-06;19;751
28;2025-11-06;20;543
28;2025-11-06;21;332
28;2025-11-06;22;146
28;2025-11-06;23;18
28;2025-11-07;0;1
28;2025-11-07;1;0
28;2025-11-07;2;0
28;2025-11-07;3;0
28;2025-11-07;4;2
28;2025-11-07;5;77
28;2025-11-07;6;268
28;2025-11-07;7;809
28;2025-11-07;8;1179
28;2025-11-07;9;857
28;2025-11-07;10;629
28;2025-11-07;11;564
28;2025-11-07;12;703
28;2025-11-07;13;742
28;2025-11-07;14;703
28;2025-11-07;15;724
28;2025-11-07;16;957
28;2025-11-07;17;996
28;2025-11-07;18;867
28;2025-11-07;19;665
28;2025-11-07;20;487
28;2025-11-07;21;315
28;2025-11-07;22;146
28;2025-11-07;23;20
28;2025-11-08;0;1
28;2025-11-08;1;0
28;2025-11-08;2;0
28;2025-11-08;3;0
28;2025-11-08;4;1
28;2025-11-08;5;40
28;2025-11-08;6;100
28;2025-11-08;7;223
28;2025-11-08;8;385
28;2025-11-08;9;470
28;2025-11-08;10;500
28;2025-11-08;11;508
28;2025-11-08;12;602
28;2025-11-08;13;627
28;2025-11-08;14;617
28;2025-11-08;15;613
28;2025-11-08;16;590
28;2025-11-08;17;586
28;2025-11-08;18;503
28;2025-11-08;19;429
28;2025-11-08;20;319
28;2025-11-08;21;279
28;2025-11-08;22;134
28;2025-11-08;23;21
28;2025-11-09;0;1
28;2025-11-09;1;0
28;2025-11-09;2;0
28;2025-11-09;3;0
28;2025-11-09;4;0
28;2025-11-09;5;33
28;2025-11-09;6;85
28;2025-11-09;7;153
28;2025-11-09;8;260
28;2025-11-09;9;343
28;2025-11-09;10;388
28;2025-11-09;11;429
28;2025-11-09;12;500
28;2025-11-09;13;549
28;2025-11-09;14;536
28;2025-11-09;15;550
28;2025-11-09;16;519
28;2025-11-09;17;523
28;2025-11-09;18;442
28;2025-11-09;19;385
28;2025-11-09;20;293
28;2025-11-09;21;251
28;2025-11-09;22;123
28;2025-11-09;23;15
28;2025-11-10;0;1
28;2025-11-10;1;0
28;2025-11-10;2;0
28;2025-11-10;3;0
28;2025-11-10;4;2
28;2025-11-10;5;81
28;2025-11-10;6;280
28;2025-11-10;7;815
28;2025-11-10;8;1248
28;2025-11-10;9;888
28;2025-11-10;10;634
28;2025-11-10;11;569
28;2025-11-10;12;685
28;2025-11-10;13;726
28;2025-11-10;14;663
28;2025-11-10;15;692
28;2025-11-10;16;898
28;2025-11-10;17;1001
28;2025-11-10;18;995
28;2025-11-10;19;754
28;2025-11-10;20;514
28;2025-11-10;21;313
28;2025-11-10;22;132
28;2025-11-10;23;15
28;2025-11-11;0;2
28;2025-11-11;1;0
28;2025-11-11;2;0
28;2025-11-11;3;0
28;2025-11-11;4;3
28;2025-11-11;5;81
28;2025-11-11;6;280
28;2025-11-11;7;826
28;2025-11-11;8;1255
28;2025-11-11;9;900
28;2025-11-11;10;667
28;2025-11-11;11;588
28;2025-11-11;12;703
28;2025-11-11;13;748
28;2025-11-11;14;690
28;2025-11-11;15;709
28;2025-11-11;16;883
28;2025-11-11;17;1017
28;2025-11-11;18;988
28;2025-11-11;19;757
28;2025-11-11;20;535
28;2025-11-11;21;325
28;2025-11-11;22;138
28;2025-11-11;23;18
28;2025-11-12;0;1
28;2025-11-12;1;0
28;2025-11-12;2;0
28;2025-11-12;3;0
28;2025-11-12;4;2
28;2025-11-12;5;84
28;2025-11-12;6;285
28;2025-11-12;7;818
28;2025-11-12;8;1265
28;2025-11-12;9;886
28;2025-11-12;10;660
28;2025-11-12;11;595
28;2025-11-12;12;704
28;2025-11-12;13;748
28;2025-11-12;14;691
28;2025-11-12;15;717
28;2025-11-12;16;895
28;2025-11-12;17;1027
28;2025-11-12;18;997
28;2025-11-12;19;755
28;2025-11-12;20;527
28;2025-11-12;21;323
28;2025-11-12;22;143
28;2025-11-12;23;18
28;2025-11-13;0;1
28;2025-11-13;1;0
28;2025-11-13;2;0
28;2025-11-13;3;0
28;2025-11-13;4;2
28;2025-11-13;5;81
28;2025-11-13;6;287
28;2025-11-13;7;841
28;2025-11-13;8;1282
28;2025-11-13;9;908
28;2025-11-13;10;659
28;2025-11-13;11;582
28;2025-11-13;12;723
28;2025-11-13;13;756
28;2025-11-13;14;702
28;2025-11-13;15;731
28;2025-11-13;16;889
28;2025-11-13;17;1038
28;2025-11-13;18;1027
28;2025-11-13;19;756
28;2025-11-13;20;548
28;2025-11-13;21;336
28;2025-11-13;22;149
28;2025-11-13;23;19
28;2025-11-14;0;1
28;2025-11-14;1;0
28;2025-11-14;2;0
28;2025-11-14;3;0
28;2025-11-14;4;2
28;2025-11-14;5;78
28;2025-11-14;6;272
28;2025-11-14;7;815
28;2025-11-14;8;1190
28;2025-11-14;9;864
28;2025-11-14;10;636
28;2025-11-14;11;573
28;2025-11-14;12;712
28;2025-11-14;13;754
28;2025-11-14;14;717
28;2025-11-14;15;736
28;2025-11-14;16;970
28;2025-11-14;17;1007
28;2025-11-14;18;878
28;2025-11-14;19;674
28;2025-11-14;20;496
28;2025-11-14;21;321
28;2025-11-14;22;151
28;2025-11-14;23;22
28;2025-11-15;0;1
28;2025-11-15;1;0
28;2025-11-15;2;0
28;2025-11-15;3;0
28;2025-11-15;4;1
28;2025-11-15;5;42
28;2025-11-15;6;103
28;2025-11-15;7;228
28;2025-11-15;8;391
28;2025-11-15;9;479
28;2025-11-15;10;510
28;2025-11-15;11;523
28;2025-11-15;12;622
28;2025-11-15;13;650
28;2025-11-15;14;641
28;2025-11-15;15;638
28;2025-11-15;16;611
28;2025-11-15;17;603
28;2025-11-15;18;517
28;2025-11-15;19;441
28;2025-11-15;20;329
28;2025-11-15;21;287
28;2025-11-15;22;140
28;2025-11-15;23;26
28;2025-11-16;0;1
28;2025-11-16;1;0
28;2025-11-16;2;0
28;2025-11-16;3;0
28;2025-11-16;4;1
28;2025-11-16;5;34
28;2025-11-16;6;86
28;2025-11-16;7;154
28;2025-11-16;8;262
28;2025-11-16;9;346
28;2025-11-16;10;391
28;2025-11-16;11;435
28;2025-11-16;12;509
28;2025-11-16;13;559
28;2025-11-16;14;548
28;2025-11-16;15;561
28;2025-11-16;16;527
28;2025-11-16;17;530
28;2025-11-16;18;446
28;2025-11-16;19;388
28;2025-11-16;20;296
28;2025-11-16;21;253
28;2025-11-16;22;124
28;2025-11-16;23;16
28;2025-11-17;0;1
28;2025-11-17;1;0
28;2025-11-17;2;0
28;2025-11-17;3;0
28;2025-11-17;4;2
28;2025-11-17;5;81
28;2025-11-17;6;280
28;2025-11-17;7;817
28;2025-11-17;8;1249
28;2025-11-17;9;889
28;2025-11-17;10;635
28;2025-11-17;11;571
28;2025-11-17;12;685
28;2025-11-17;13;727
28;2025-11-17;14;664
28;2025-11-17;15;693
28;2025-11-17;16;898
28;2025-11-17;17;1001
28;2025-11-17;18;995
28;2025-11-17;19;754
28;2025-11-17;20;514
28;2025-11-17;21;313
28;2025-11-17;22;131
28;2025-11-17;23;14
28;2025-11-18;0;2
28;2025-11-18;1;0
28;2025-11-18;2;0
28;2025-11-18;3;0
28;2025-11-18;4;3
28;2025-11-18;5;81
28;2025-11-18;6;281
28;2025-11-18;7;827
28;2025-11-18;8;1256
28;2025-11-18;9;901
28;2025-11-18;10;667
28;2025-11-18;11;589
28;2025-11-18;12;703
28;2025-11-18;13;748
28;2025-11-18;14;690
28;2025-11-18;15;710
28;2025-11-18;16;883
28;2025-11-18;17;1016
28;2025-11-18;18;988
28;2025-11-18;19;756
28;2025-11-18;20;534
28;2025-11-18;21;325
28;2025-11-18;22;137
28;2025-11-18;23;17
28;2025-11-19;0;1
28;2025-11-19;1;0
28;2025-11-19;2;0
28;2025-11-19;3;0
28;2025-11-19;4;3
28;2025-11-19;5;84
28;2025-11-19;6;286
28;2025-11-19;7;820
28;2025-11-19;8;1267
28;2025-11-19;9;888
28;2025-11-19;10;662
28;2025-11-19;11;597
28;2025-11-19;12;705
28;2025-11-19;13;749
28;2025-11-19;14;693
28;2025-11-19;15;719
28;2025-11-19;16;897
28;2025-11-19;17;1028
28;2025-11-19;18;997
28;2025-11-19;19;755
28;2025-11-19;20;527
28;2025-11-19;21;323
28;2025-11-19;22;143
28;2025-11-19;23;18
28;2025-11-20;0;2
28;2025-11-20;1;0
28;2025-11-20;2;0
28;2025-11-20;3;0
28;2025-11-20;4;2
28;2025-11-20;5;82
28;2025-11-20;6;287
28;2025-11-20;7;842
28;2025-11-20;8;1283
28;2025-11-20;9;908
28;2025-11-20;10;660
28;2025-11-20;11;584
28;2025-11-20;12;721
28;2025-11-20;13;755
28;2025-11-20;14;701
28;2025-11-20;15;731
28;2025-11-20;16;887
28;2025-11-20;17;1035
28;2025-11-20;18;1024
28;2025-11-20;19;753
28;2025-11-20;20;545
28;2025-11-20;21;333
28;2025-11-20;22;148
28;2025-11-20;23;18
28;2025-11-21;0;1
28;2025-11-21;1;0
28;2025-11-21;2;0
28;2025-11-21;3;0
28;2025-11-21;4;2
28;2025-11-21;5;79
28;2025-11-21;6;273
28;2025-11-21;7;817
28;2025-11-21;8;1192
28;2025-11-21;9;866
28;2025-11-21;10;639
28;2025-11-21;11;577
28;2025-11-21;12;714
28;2025-11-21;13;756
28;2025-11-21;14;720
28;2025-11-21;15;739
28;2025-11-21;16;971
28;2025-11-21;17;1007
28;2025-11-21;18;877
28;2025-11-21;19;673
28;2025-11-21;20;495
28;2025-11-21;21;321
28;2025-11-21;22;150
28;2025-11-21;23;21
28;2025-11-22;0;1
28;2025-11-22;1;0
28;2025-11-22;2;0
28;2025-11-22;3;0
28;2025-11-22;4;1
28;2025-11-22;5;42
28;2025-11-22;6;103
28;2025-11-22;7;228
28;2025-11-22;8;391
28;2025-11-22;9;479
28;2025-11-22;10;511
28;2025-11-22;11;525
28;2025-11-22;12;624
28;2025-11-22;13;652
28;2025-11-22;14;643
28;2025-11-22;15;640
28;2025-11-22;16;611
28;2025-11-22;17;603
28;2025-11-22;18;515
28;2025-11-22;19;439
28;2025-11-22;20;327
28;2025-11-22;21;286
28;2025-11-22;22;140
28;2025-11-22;23;26
28;2025-11-23;0;1
28;2025-11-23;1;0
28;2025-11-23;2;0
28;2025-11-23;3;0
28;2025-11-23;4;1
28;2025-11-23;5;34
28;2025-11-23;6;85
28;2025-11-23;7;154
28;2025-11-23;8;261
28;2025-11-23;9;342
28;2025-11-23;10;387
28;2025-11-23;11;431
28;2025-11-23;12;504
28;2025-11-23;13;555
28;2025-11-23;14;543
28;2025-11-23;15;557
28;2025-11-23;16;522
28;2025-11-23;17;524
28;2025-11-23;18;439
28;2025-11-23;19;383
28;2025-11-23;20;292
28;2025-11-23;21;250
28;2025-11-23;22;123
28;2025-11-23;23;15
28;2025-11-24;0;1
28;2025-11-24;1;0
28;2025-11-24;2;0
28;2025-11-24;3;0
28;2025-11-24;4;2
28;2025-11-24;5;81
28;2025-11-24;6;280
28;2025-11-24;7;817
28;2025-11-24;8;1250
28;2025-11-24;9;891
28;2025-11-24;10;635
28;2025-11-24;11;567
28;2025-11-24;12;686
28;2025-11-24;13;729
28;2025-11-24;14;666
28;2025-11-24;15;695
28;2025-11-24;16;900
28;2025-11-24;17;1002
28;2025-11-24;18;996
28;2025-11-24;19;754
28;2025-11-24;20;512
28;2025-11-24;21;312
28;2025-11-24;22;132
28;2025-11-24;23;15
28;2025-11-25;0;2
28;2025-11-25;1;0
28;2025-11-25;2;1
28;2025-11-25;3;1
28;2025-11-25;4;3
28;2025-11-25;5;80
28;2025-11-25;6;279
28;2025-11-25;7;827
28;2025-11-25;8;1253
28;2025-11-25;9;902
28;2025-11-25;10;663
28;2025-11-25;11;581
28;2025-11-25;12;703
28;2025-11-25;13;750
28;2025-11-25;14;690
28;2025-11-25;15;711
28;2025-11-25;16;886
28;2025-11-25;17;1019
28;2025-11-25;18;989
28;2025-11-25;19;758
28;2025-11-25;20;531
28;2025-11-25;21;324
28;2025-11-25;22;138
28;2025-11-25;23;18
28;2025-11-26;0;1
28;2025-11-26;1;0
28;2025-11-26;2;1
28;2025-11-26;3;0
28;2025-11-26;4;3
28;2025-11-26;5;82
28;2025-11-26;6;283
28;2025-11-26;7;818
28;2025-11-26;8;1264
28;2025-11-26;9;886
28;2025-11-26;10;656
28;2025-11-26;11;587
28;2025-11-26;12;702
28;2025-11-26;13;749
28;2025-11-26;14;690
28;2025-11-26;15;717
28;2025-11-26;16;897
28;2025-11-26;17;1028
28;2025-11-26;18;997
28;2025-11-26;19;755
28;2025-11-26;20;523
28;2025-11-26;21;321
28;2025-11-26;22;143
28;2025-11-26;23;19
28;2025-11-27;0;2
28;2025-11-27;1;0
28;2025-11-27;2;1
28;2025-11-27;3;1
28;2025-11-27;4;3
28;2025-11-27;5;78
28;2025-11-27;6;278
28;2025-11-27;7;830
28;2025-11-27;8;1267
28;2025-11-27;9;897
28;2025-11-27;10;644
28;2025-11-27;11;565
28;2025-11-27;12;708
28;2025-11-27;13;744
28;2025-11-27;14;687
28;2025-11-27;15;719
28;2025-11-27;16;877
28;2025-11-27;17;1023
28;2025-11-27;18;1012
28;2025-11-27;19;741
28;2025-11-27;20;529
28;2025-11-27;21;323
28;2025-11-27;22;142
28;2025-11-27;23;18
28;2025-11-28;0;1
28;2025-11-28;1;0
28;2025-11-28;2;0
28;2025-11-28;3;0
28;2025-11-28;4;1
28;2025-11-28;5;73
28;2025-11-28;6;259
28;2025-11-28;7;797
28;2025-11-28;8;1167
28;2025-11-28;9;845
28;2025-11-28;10;614
28;2025-11-28;11;550
28;2025-11-28;12;690
28;2025-11-28;13;731
28;2025-11-28;14;691
28;2025-11-28;15;713
28;2025-11-28;16;947
28;2025-11-28;17;984
28;2025-11-28;18;854
28;2025-11-28;19;651
28;2025-11-28;20;472
28;2025-11-28;21;304
28;2025-11-28;22;139
28;2025-11-28;23;16
28;2025-11-29;0;1
28;2025-11-29;1;0
28;2025-11-29;2;0
28;2025-11-29;3;0
28;2025-11-29;4;0
28;2025-11-29;5;37
28;2025-11-29;6;94
28;2025-11-29;7;216
28;2025-11-29;8;368
28;2025-11-29;9;454
28;2025-11-29;10;482
28;2025-11-29;11;495
28;2025-11-29;12;589
28;2025-11-29;13;617
28;2025-11-29;14;607
28;2025-11-29;15;603
28;2025-11-29;16;577
28;2025-11-29;17;569
28;2025-11-29;18;487
28;2025-11-29;19;413
28;2025-11-29;20;305
28;2025-11-29;21;267
28;2025-11-29;22;128
28;2025-11-29;23;18
28;2025-11-30;0;1
28;2025-11-30;1;0
28;2025-11-30;2;0
28;2025-11-30;3;0
28;2025-11-30;4;0
28;2025-11-30;5;30
28;2025-11-30;6;80
28;2025-11-30;7;148
28;2025-11-30;8;250
28;2025-11-30;9;329
28;2025-11-30;10;371
28;2025-11-30;11;414
28;2025-11-30;12;485
28;2025-11-30;13;531
28;2025-11-30;14;520
28;2025-11-30;15;532
28;2025-11-30;16;501
28;2025-11-30;17;504
28;2025-11-30;18;424
28;2025-11-30;19;369
28;2025-11-30;20;279
28;2025-11-30;21;239
28;2025-11-30;22;114
28;2025-11-30;23;12
28;2025-12-01;0;1
28;2025-12-01;1;0
28;2025-12-01;2;0
28;2025-12-01;3;0
28;2025-12-01;4;2
28;2025-12-01;5;81
28;2025-12-01;6;280
28;2025-12-01;7;824
28;2025-12-01;8;1261
28;2025-12-01;9;898
28;2025-12-01;10;638
28;2025-12-01;11;569
28;2025-12-01;12;692
28;2025-12-01;13;735
28;2025-12-01;14;671
28;2025-12-01;15;700
28;2025-12-01;16;908
28;2025-12-01;17;1011
28;2025-12-01;18;1005
28;2025-12-01;19;762
28;2025-12-01;20;516
28;2025-12-01;21;314
28;2025-12-01;22;134
28;2025-12-01;23;15
28;2025-12-02;0;2
28;2025-12-02;1;0
28;2025-12-02;2;1
28;2025-12-02;3;1
28;2025-12-02;4;3
28;2025-12-02;5;81
28;2025-12-02;6;281
28;2025-12-02;7;835
28;2025-12-02;8;1265
28;2025-12-02;9;910
28;2025-12-02;10;669
28;2025-12-02;11;587
28;2025-12-02;12;709
28;2025-12-02;13;757
28;2025-12-02;14;696
28;2025-12-02;15;717
28;2025-12-02;16;894
28;2025-12-02;17;1028
28;2025-12-02;18;998
28;2025-12-02;19;765
28;2025-12-02;20;536
28;2025-12-02;21;327
28;2025-12-02;22;140
28;2025-12-02;23;18
28;2025-12-03;0;1
28;2025-12-03;1;0
28;2025-12-03;2;1
28;2025-12-03;3;0
28;2025-12-03;4;3
28;2025-12-03;5;83
28;2025-12-03;6;285
28;2025-12-03;7;826
28;2025-12-03;8;1276
28;2025-12-03;9;894
28;2025-12-03;10;662
28;2025-12-03;11;593
28;2025-12-03;12;708
28;2025-12-03;13;756
28;2025-12-03;14;696
28;2025-12-03;15;723
28;2025-12-03;16;905
28;2025-12-03;17;1037
28;2025-12-03;18;1006
28;2025-12-03;19;762
28;2025-12-03;20;528
28;2025-12-03;21;324
28;2025-12-03;22;145
28;2025-12-03;23;19
28;2025-12-04;0;2
28;2025-12-04;1;0
28;2025-12-04;2;1
28;2025-12-04;3;1
28;2025-12-04;4;3
28;2025-12-04;5;79
28;2025-12-04;6;280
28;2025-12-04;7;838
28;2025-12-04;8;1279
28;2025-12-04;9;905
28;2025-12-04;10;649
28;2025-12-04;11;571
28;2025-12-04;12;714
28;2025-12-04;13;751
28;2025-12-04;14;693
28;2025-12-04;15;725
28;2025-12-04;16;885
28;2025-12-04;17;1032
28;2025-12-04;18;1021
28;2025-12-04;19;748
28;2025-12-04;20;534
28;2025-12-04;21;326
28;2025-12-04;22;144
28;2025-12-04;23;18
28;2025-12-05;0;1
28;2025-12-05;1;0
28;2025-12-05;2;0
28;2025-12-05;3;0
28;2025-12-05;4;1
28;2025-12-05;5;74
28;2025-12-05;6;261
28;2025-12-05;7;804
28;2025-12-05;8;1178
28;2025-12-05;9;853
28;2025-12-05;10;619
28;2025-12-05;11;555
28;2025-12-05;12;696
28;2025-12-05;13;738
28;2025-12-05;14;697
28;2025-12-05;15;719
28;2025-12-05;16;956
28;2025-12-05;17;993
28;2025-12-05;18;862
28;2025-12-05;19;657
28;2025-12-05;20;476
28;2025-12-05;21;307
28;2025-12-05;22;141
28;2025-12-05;23;16
28;2025-12-06;0;1
28;2025-12-06;1;0
28;2025-12-06;2;0
28;2025-12-06;3;0
28;2025-12-06;4;0
28;2025-12-06;5;37
28;2025-12-06;6;95
28;2025-12-06;7;218
28;2025-12-06;8;371
28;2025-12-06;9;458
28;2025-12-06;10;487
28;2025-12-06;11;500
28;2025-12-06;12;595
28;2025-12-06;13;622
28;2025-12-06;14;612
28;2025-12-06;15;608
28;2025-12-06;16;583
28;2025-12-06;17;575
28;2025-12-06;18;492
28;2025-12-06;19;417
28;2025-12-06;20;308
28;2025-12-06;21;269
28;2025-12-06;22;129
28;2025-12-06;23;18
28;2025-12-07;0;1
28;2025-12-07;1;0
28;2025-12-07;2;0
28;2025-12-07;3;0
28;2025-12-07;4;0
28;2025-12-07;5;30
28;2025-12-07;6;81
28;2025-12-07;7;150
28;2025-12-07;8;252
28;2025-12-07;9;332
28;2025-12-07;10;374
28;2025-12-07;11;418
28;2025-12-07;12;490
28;2025-12-07;13;536
28;2025-12-07;14;525
28;2025-12-07;15;537
28;2025-12-07;16;506
28;2025-12-07;17;509
28;2025-12-07;18;428
28;2025-12-07;19;372
28;2025-12-07;20;281
28;2025-12-07;21;241
28;2025-12-07;22;115
28;2025-12-07;23;12
28;2025-12-08;0;1
28;2025-12-08;1;0
28;2025-12-08;2;0
28;2025-12-08;3;0
28;2025-12-08;4;2
28;2025-12-08;5;81
28;2025-12-08;6;280
28;2025-12-08;7;824
28;2025-12-08;8;1261
28;2025-12-08;9;898
28;2025-12-08;10;638
28;2025-12-08;11;569
28;2025-12-08;12;692
28;2025-12-08;13;735
28;2025-12-08;14;671
28;2025-12-08;15;700
28;2025-12-08;16;908
28;2025-12-08;17;1011
28;2025-12-08;18;1005
28;2025-12-08;19;762
28;2025-12-08;20;516
28;2025-12-08;21;314
28;2025-12-08;22;134
28;2025-12-08;23;15
28;2025-12-09;0;2
28;2025-12-09;1;0
28;2025-12-09;2;1
28;2025-12-09;3;1
28;2025-12-09;4;3
28;2025-12-09;5;81
28;2025-12-09;6;281
28;2025-12-09;7;835
28;2025-12-09;8;1265
28;2025-12-09;9;910
28;2025-12-09;10;669
28;2025-12-09;11;587
28;2025-12-09;12;709
28;2025-12-09;13;757
28;2025-12-09;14;696
28;2025-12-09;15;717
28;2025-12-09;16;894
28;2025-12-09;17;1028
28;2025-12-09;18;998
28;2025-12-09;19;765
28;2025-12-09;20;536
28;2025-12-09;21;327
28;2025-12-09;22;140
28;2025-12-09;23;18
28;2025-12-10;0;1
28;2025-12-10;1;0
28;2025-12-10;2;1
28;2025-12-10;3;0
28;2025-12-10;4;3
28;2025-12-10;5;83
28;2025-12-10;6;285
28;2025-12-10;7;826
28;2025-12-10;8;1276
28;2025-12-10;9;894
28;2025-12-10;10;662
28;2025-12-10;11;593
28;2025-12-10;12;708
28;2025-12-10;13;756
28;2025-12-10;14;696
28;2025-12-10;15;723
28;2025-12-10;16;905
28;2025-12-10;17;1037
28;2025-12-10;18;1006
28;2025-12-10;19;762
28;2025-12-10;20;528
28;2025-12-10;21;324
28;2025-12-10;22;145
28;2025-12-10;23;19
28;2025-12-11;0;2
28;2025-12-11;1;0
28;2025-12-11;2;1
28;2025-12-11;3;1
28;2025-12-11;4;3
28;2025-12-11;5;79
28;2025-12-11;6;280
28;2025-12-11;7;838
28;2025-12-11;8;1279
28;2025-12-11;9;905
28;2025-12-11;10;649
28;2025-12-11;11;571
28;2025-12-11;12;714
28;2025-12-11;13;751
28;2025-12-11;14;693
28;2025-12-11;15;725
28;2025-12-11;16;885
28;2025-12-11;17;1032
28;2025-12-11;18;1021
28;2025-12-11;19;748
28;2025-12-11;20;534
28;2025-12-11;21;326
28;2025-12-11;22;144
28;2025-12-11;23;18
28;2025-12-12;0;1
28;2025-12-12;1;0
28;2025-12-12;2;0
28;2025-12-12;3;0
28;2025-12-12;4;1
28;2025-12-12;5;74
28;2025-12-12;6;261
28;2025-12-12;7;804
28;2025-12-12;8;1178
28;2025-12-12;9;853
28;2025-12-12;10;619
28;2025-12-12;11;555
28;2025-12-12;12;696
28;2025-12-12;13;738
28;2025-12-12;14;697
28;2025-12-12;15;719
28;2025-12-12;16;956
28;2025-12-12;17;993
28;2025-12-12;18;862
28;2025-12-12;19;657
28;2025-12-12;20;476
28;2025-12-12;21;307
28;2025-12-12;22;141
28;2025-12-12;23;16
28;2025-12-13;0;1
28;2025-12-13;1;0
28;2025-12-13;2;0
28;2025-12-13;3;0
28;2025-12-13;4;0
28;2025-12-13;5;37
28;2025-12-13;6;95
28;2025-12-13;7;218
28;2025-12-13;8;371
28;2025-12-13;9;458
28;2025-12-13;10;487
28;2025-12-13;11;500
28;2025-12-13;12;595
28;2025-12-13;13;622
28;2025-12-13;14;612
28;2025-12-13;15;608
28;2025-12-13;16;583
28;2025-12-13;17;575
28;2025-12-13;18;492
28;2025-12-13;19;417
28;2025-12-13;20;308
28;2025-12-13;21;269
28;2025-12-13;22;129
28;2025-12-13;23;18
28;2025-12-14;0;1
28;2025-12-14;1;0
28;2025-12-14;2;0
28;2025-12-14;3;0
28;2025-12-14;4;0
28;2025-12-14;5;30
28;2025-12-14;6;81
28;2025-12-14;7;150
28;2025-12-14;8;252
28;2025-12-14;9;332
28;2025-12-14;10;374
28;2025-12-14;11;418
28;2025-12-14;12;490
28;2025-12-14;13;536
28;2025-12-14;14;525
28;2025-12-14;15;537
28;2025-12-14;16;506
28;2025-12-14;17;509
28;2025-12-14;18;428
28;2025-12-14;19;372
28;2025-12-14;20;281
28;2025-12-14;21;241
28;2025-12-14;22;115
28;2025-12-14;23;12
28;2025-12-15;0;1
28;2025-12-15;1;0
28;2025-12-15;2;0
28;2025-12-15;3;0
28;2025-12-15;4;2
28;2025-12-15;5;81
28;2025-12-15;6;280
28;2025-12-15;7;824
28;2025-12-15;8;1261
28;2025-12-15;9;898
28;2025-12-15;10;638
28;2025-12-15;11;569
28;2025-12-15;12;692
28;2025-12-15;13;735
28;2025-12-15;14;671
28;2025-12-15;15;700
28;2025-12-15;16;908
28;2025-12-15;17;1011
28;2025-12-15;18;1005
28;2025-12-15;19;762
28;2025-12-15;20;516
28;2025-12-15;21;314
28;2025-12-15;22;134
28;2025-12-15;23;15
28;2025-12-16;0;2
28;2025-12-16;1;0
28;2025-12-16;2;1
28;2025-12-16;3;1
28;2025-12-16;4;3
28;2025-12-16;5;81
28;2025-12-16;6;281
28;2025-12-16;7;835
28;2025-12-16;8;1265
28;2025-12-16;9;910
28;2025-12-16;10;669
28;2025-12-16;11;587
28;2025-12-16;12;709
28;2025-12-16;13;757
28;2025-12-16;14;696
28;2025-12-16;15;717
28;2025-12-16;16;894
28;2025-12-16;17;1028
28;2025-12-16;18;998
28;2025-12-16;19;765
28;2025-12-16;20;536
28;2025-12-16;21;327
28;2025-12-16;22;140
28;2025-12-16;23;18
28;2025-12-17;0;1
28;2025-12-17;1;0
28;2025-12-17;2;1
28;2025-12-17;3;0
28;2025-12-17;4;3
28;2025-12-17;5;83
28;2025-12-17;6;285
28;2025-12-17;7;826
28;2025-12-17;8;1276
28;2025-12-17;9;894
28;2025-12-17;10;662
28;2025-12-17;11;593
28;2025-12-17;12;708
28;2025-12-17;13;756
28;2025-12-17;14;696
28;2025-12-17;15;723
28;2025-12-17;16;905
28;2025-12-17;17;1037
28;2025-12-17;18;1006
28;2025-12-17;19;762
28;2025-12-17;20;528
28;2025-12-17;21;324
28;2025-12-17;22;145
28;2025-12-17;23;19
28;2025-12-18;0;2
28;2025-12-18;1;0
28;2025-12-18;2;1
28;2025-12-18;3;1
28;2025-12-18;4;3
28;2025-12-18;5;79
28;2025-12-18;6;280
28;2025-12-18;7;838
28;2025-12-18;8;1279
28;2025-12-18;9;905
28;2025-12-18;10;649
28;2025-12-18;11;571
28;2025-12-18;12;714
28;2025-12-18;13;751
28;2025-12-18;14;693
28;2025-12-18;15;725
28;2025-12-18;16;885
28;2025-12-18;17;1032
28;2025-12-18;18;1021
28;2025-12-18;19;748
28;2025-12-18;20;534
28;2025-12-18;21;326
28;2025-12-18;22;144
28;2025-12-18;23;18
28;2025-12-19;0;1
28;2025-12-19;1;0
28;2025-12-19;2;0
28;2025-12-19;3;0
28;2025-12-19;4;1
28;2025-12-19;5;74
28;2025-12-19;6;261
28;2025-12-19;7;804
28;2025-12-19;8;1178
28;2025-12-19;9;853
28;2025-12-19;10;619
28;2025-12-19;11;555
28;2025-12-19;12;696
28;2025-12-19;13;738
28;2025-12-19;14;697
28;2025-12-19;15;719
28;2025-12-19;16;956
28;2025-12-19;17;993
28;2025-12-19;18;862
28;2025-12-19;19;657
28;2025-12-19;20;476
28;2025-12-19;21;307
28;2025-12-19;22;141
28;2025-12-19;23;16
28;2025-12-20;0;1
28;2025-12-20;1;0
28;2025-12-20;2;0
28;2025-12-20;3;0
28;2025-12-20;4;0
28;2025-12-20;5;37
28;2025-12-20;6;95
28;2025-12-20;7;218
28;2025-12-20;8;371
28;2025-12-20;9;458
28;2025-12-20;10;487
28;2025-12-20;11;500
28;2025-12-20;12;595
28;2025-12-20;13;622
28;2025-12-20;14;612
28;2025-12-20;15;608
28;2025-12-20;16;583
28;2025-12-20;17;575
28;2025-12-20;18;492
28;2025-12-20;19;417
28;2025-12-20;20;308
28;2025-12-20;21;269
28;2025-12-20;22;129
28;2025-12-20;23;18
28;2025-12-21;0;1
28;2025-12-21;1;0
28;2025-12-21;2;0
28;2025-12-21;3;0
28;2025-12-21;4;0
28;2025-12-21;5;30
28;2025-12-21;6;81
28;2025-12-21;7;150
28;2025-12-21;8;252
28;2025-12-21;9;332
28;2025-12-21;10;374
28;2025-12-21;11;418
28;2025-12-21;12;490
28;2025-12-21;13;536
28;2025-12-21;14;525
28;2025-12-21;15;537
28;2025-12-21;16;506
28;2025-12-21;17;509
28;2025-12-21;18;428
28;2025-12-21;19;372
28;2025-12-21;20;281
28;2025-12-21;21;241
28;2025-12-21;22;115
28;2025-12-21;23;12
28;2025-12-22;0;1
28;2025-12-22;1;0
28;2025-12-22;2;0
28;2025-12-22;3;0
28;2025-12-22;4;2
28;2025-12-22;5;81
28;2025-12-22;6;280
28;2025-12-22;7;824
28;2025-12-22;8;1261
28;2025-12-22;9;898
28;2025-12-22;10;638
28;2025-12-22;11;569
28;2025-12-22;12;692
28;2025-12-22;13;735
28;2025-12-22;14;671
28;2025-12-22;15;700
28;2025-12-22;16;908
28;2025-12-22;17;1011
28;2025-12-22;18;1005
28;2025-12-22;19;762
28;2025-12-22;20;516
28;2025-12-22;21;314
28;2025-12-22;22;134
28;2025-12-22;23;15
28;2025-12-23;0;2
28;2025-12-23;1;0
28;2025-12-23;2;1
28;2025-12-23;3;1
28;2025-12-23;4;3
28;2025-12-23;5;81
28;2025-12-23;6;281
28;2025-12-23;7;835
28;2025-12-23;8;1265
28;2025-12-23;9;910
28;2025-12-23;10;669
28;2025-12-23;11;587
28;2025-12-23;12;709
28;2025-12-23;13;757
28;2025-12-23;14;696
28;2025-12-23;15;717
28;2025-12-23;16;894
28;2025-12-23;17;1028
28;2025-12-23;18;998
28;2025-12-23;19;765
28;2025-12-23;20;536
28;2025-12-23;21;327
28;2025-12-23;22;140
28;2025-12-23;23;18
28;2025-12-24;0;1
28;2025-12-24;1;0
28;2025-12-24;2;1
28;2025-12-24;3;0
28;2025-12-24;4;3
28;2025-12-24;5;83
28;2025-12-24;6;285
28;2025-12-24;7;826
28;2025-12-24;8;1276
28;2025-12-24;9;894
28;2025-12-24;10;662
28;2025-12-24;11;593
28;2025-12-24;12;708
28;2025-12-24;13;756
28;2025-12-24;14;696
28;2025-12-24;15;723
28;2025-12-24;16;905
28;2025-12-24;17;1037
28;2025-12-24;18;1006
28;2025-12-24;19;762
28;2025-12-24;20;528
28;2025-12-24;21;324
28;2025-12-24;22;145
28;2025-12-24;23;19
28;2025-12-25;0;2
28;2025-12-25;1;0
28;2025-12-25;2;1
28;2025-12-25;3;1
28;2025-12-25;4;3
28;2025-12-25;5;79
28;2025-12-25;6;280
28;2025-12-25;7;838
28;2025-12-25;8;1279
28;2025-12-25;9;905
28;2025-12-25;10;649
28;2025-12-25;11;571
28;2025-12-25;12;714
28;2025-12-25;13;751
28;2025-12-25;14;693
28;2025-12-25;15;725
28;2025-12-25;16;885
28;2025-12-25;17;1032
28;2025-12-25;18;1021
28;2025-12-25;19;748
28;2025-12-25;20;534
28;2025-12-25;21;326
28;2025-12-25;22;144
28;2025-12-25;23;18
28;2025-12-26;0;1
28;2025-12-26;1;0
28;2025-12-26;2;0
28;2025-12-26;3;0
28;2025-12-26;4;1
28;2025-12-26;5;74
28;2025-12-26;6;261
28;2025-12-26;7;804
28;2025-12-26;8;1178
28;2025-12-26;9;853
28;2025-12-26;10;619
28;2025-12-26;11;555
28;2025-12-26;12;696
28;2025-12-26;13;738
28;2025-12-26;14;697
28;2025-12-26;15;719
28;2025-12-26;16;956
28;2025-12-26;17;993
28;2025-12-26;18;862
28;2025-12-26;19;657
28;2025-12-26;20;476
28;2025-12-26;21;307
28;2025-12-26;22;141
28;2025-12-26;23;16
28;2025-12-27;0;1
28;2025-12-27;1;0
28;2025-12-27;2;0
28;2025-12-27;3;0
28;2025-12-27;4;0
28;2025-12-27;5;37
28;2025-12-27;6;95
28;2025-12-27;7;218
28;2025-12-27;8;371
28;2025-12-27;9;458
28;2025-12-27;10;487
28;2025-12-27;11;500
28;2025-12-27;12;595
28;2025-12-27;13;622
28;2025-12-27;14;612
28;2025-12-27;15;608
28;2025-12-27;16;583
28;2025-12-27;17;575
28;2025-12-27;18;492
28;2025-12-27;19;417
28;2025-12-27;20;308
28;2025-12-27;21;269
28;2025-12-27;22;129
28;2025-12-27;23;18
28;2025-12-28;0;1
28;2025-12-28;1;0
28;2025-12-28;2;0
28;2025-12-28;3;0
28;2025-12-28;4;0
28;2025-12-28;5;30
28;2025-12-28;6;81
28;2025-12-28;7;150
28;2025-12-28;8;252
28;2025-12-28;9;332
28;2025-12-28;10;374
28;2025-12-28;11;418
28;2025-12-28;12;490
28;2025-12-28;13;536
28;2025-12-28;14;525
28;2025-12-28;15;537
28;2025-12-28;16;506
28;2025-12-28;17;509
28;2025-12-28;18;428
28;2025-12-28;19;372
28;2025-12-28;20;281
28;2025-12-28;21;241
28;2025-12-28;22;115
28;2025-12-28;23;12
28;2025-12-29;0;1
28;2025-12-29;1;0
28;2025-12-29;2;0
28;2025-12-29;3;0
28;2025-12-29;4;2
28;2025-12-29;5;73
28;2025-12-29;6;253
28;2025-12-29;7;743
28;2025-12-29;8;1138
28;2025-12-29;9;810
28;2025-12-29;10;576
28;2025-12-29;11;513
28;2025-12-29;12;624
28;2025-12-29;13;663
28;2025-12-29;14;606
28;2025-12-29;15;632
28;2025-12-29;16;819
28;2025-12-29;17;913
28;2025-12-29;18;907
28;2025-12-29;19;687
28;2025-12-29;20;466
28;2025-12-29;21;284
28;2025-12-29;22;121
28;2025-12-29;23;14
28;2025-12-30;0;1
28;2025-12-30;1;0
28;2025-12-30;2;0
28;2025-12-30;3;0
28;2025-12-30;4;3
28;2025-12-30;5;74
28;2025-12-30;6;254
28;2025-12-30;7;754
28;2025-12-30;8;1128
28;2025-12-30;9;816
28;2025-12-30;10;607
28;2025-12-30;11;532
28;2025-12-30;12;646
28;2025-12-30;13;691
28;2025-12-30;14;639
28;2025-12-30;15;659
28;2025-12-30;16;810
28;2025-12-30;17;912
28;2025-12-30;18;871
28;2025-12-30;19;682
28;2025-12-30;20;480
28;2025-12-30;21;292
28;2025-12-30;22;125
28;2025-12-30;23;16
28;2025-12-31;0;0
28;2025-12-31;1;0
28;2025-12-31;2;0
28;2025-12-31;3;0
28;2025-12-31;4;0
28;2025-12-31;5;30
28;2025-12-31;6;79
28;2025-12-31;7;138
28;2025-12-31;8;227
28;2025-12-31;9;288
28;2025-12-31;10;318
28;2025-12-31;11;340
28;2025-12-31;12;399
28;2025-12-31;13;444
28;2025-12-31;14;435
28;2025-12-31;15;448
28;2025-12-31;16;428
28;2025-12-31;17;436
28;2025-12-31;18;384
28;2025-12-31;19;353
28;2025-12-31;20;0
28;2025-12-31;21;0
28;2025-12-31;22;0
28;2025-12-31;23;0
50;2025-11-01;0;40
50;2025-11-01;1;15
50;2025-11-01;2;13
50;2025-11-01;3;13
50;2025-11-01;4;14
50;2025-11-01;5;57
50;2025-11-01;6;305
50;2025-11-01;7;1495
50;2025-11-01;8;2368
50;2025-11-01;9;1781
50;2025-11-01;10;1355
50;2025-11-01;11;1350
50;2025-11-01;12;1281
50;2025-11-01;13;1274
50;2025-11-01;14;1192
50;2025-11-01;15;1496
50;2025-11-01;16;1664
50;2025-11-01;17;1888
50;2025-11-01;18;1622
50;2025-11-01;19;1046
50;2025-11-01;20;500
50;2025-11-01;21;345
50;2025-11-01;22;195
50;2025-11-01;23;119
50;2025-11-02;0;30
50;2025-11-02;1;24
50;2025-11-02;2;22
50;2025-11-02;3;21
50;2025-11-02;4;23
50;2025-11-02;5;27
50;2025-11-02;6;51
50;2025-11-02;7;28
50;2025-11-02;8;54
50;2025-11-02;9;88
50;2025-11-02;10;94
50;2025-11-02;11;70
50;2025-11-02;12;99
50;2025-11-02;13;102
50;2025-11-02;14;107
50;2025-11-02;15;107
50;2025-11-02;16;127
50;2025-11-02;17;126
50;2025-11-02;18;99
50;2025-11-02;19;101
50;2025-11-02;20;84
50;2025-11-02;21;97
50;2025-11-02;22;64
50;2025-11-02;23;52
50;2025-11-03;0;47
50;2025-11-03;1;9
50;2025-11-03;2;4
50;2025-11-03;3;4
50;2025-11-03;4;5
50;2025-11-03;5;34
50;2025-11-03;6;137
50;2025-11-03;7;231
50;2025-11-03;8;351
50;2025-11-03;9;443
50;2025-11-03;10;485
50;2025-11-03;11;598
50;2025-11-03;12;666
50;2025-11-03;13;727
50;2025-11-03;14;729
50;2025-11-03;15;656
50;2025-11-03;16;693
50;2025-11-03;17;700
50;2025-11-03;18;620
50;2025-11-03;19;534
50;2025-11-03;20;438
50;2025-11-03;21;369
50;2025-11-03;22;206
50;2025-11-03;23;117
50;2025-11-04;0;43
50;2025-11-04;1;9
50;2025-11-04;2;5
50;2025-11-04;3;5
50;2025-11-04;4;5
50;2025-11-04;5;29
50;2025-11-04;6;135
50;2025-11-04;7;229
50;2025-11-04;8;348
50;2025-11-04;9;434
50;2025-11-04;10;479
50;2025-11-04;11;585
50;2025-11-04;12;653
50;2025-11-04;13;708
50;2025-11-04;14;710
50;2025-11-04;15;638
50;2025-11-04;16;674
50;2025-11-04;17;681
50;2025-11-04;18;601
50;2025-11-04;19;521
50;2025-11-04;20;424
50;2025-11-04;21;355
50;2025-11-04;22;197
50;2025-11-04;23;108
50;2025-11-05;0;30
50;2025-11-05;1;2
50;2025-11-05;2;0
50;2025-11-05;3;0
50;2025-11-05;4;2
50;2025-11-05;5;62
50;2025-11-05;6;543
50;2025-11-05;7;1762
50;2025-11-05;8;2784
50;2025-11-05;9;2135
50;2025-11-05;10;1634
50;2025-11-05;11;1558
50;2025-11-05;12;1463
50;2025-11-05;13;1454
50;2025-11-05;14;1386
50;2025-11-05;15;1636
50;2025-11-05;16;1727
50;2025-11-05;17;2397
50;2025-11-05;18;2504
50;2025-11-05;19;1477
50;2025-11-05;20;873
50;2025-11-05;21;595
50;2025-11-05;22;266
50;2025-11-05;23;125
50;2025-11-06;0;39
50;2025-11-06;1;2
50;2025-11-06;2;0
50;2025-11-06;3;0
50;2025-11-06;4;1
50;2025-11-06;5;75
50;2025-11-06;6;557
50;2025-11-06;7;1781
50;2025-11-06;8;2759
50;2025-11-06;9;2154
50;2025-11-06;10;1650
50;2025-11-06;11;1574
50;2025-11-06;12;1491
50;2025-11-06;13;1483
50;2025-11-06;14;1390
50;2025-11-06;15;1671
50;2025-11-06;16;1763
50;2025-11-06;17;2375
50;2025-11-06;18;2503
50;2025-11-06;19;1481
50;2025-11-06;20;908
50;2025-11-06;21;632
50;2025-11-06;22;293
50;2025-11-06;23;152
50;2025-11-07;0;40
50;2025-11-07;1;3
50;2025-11-07;2;1
50;2025-11-07;3;0
50;2025-11-07;4;3
50;2025-11-07;5;70
50;2025-11-07;6;547
50;2025-11-07;7;1758
50;2025-11-07;8;2695
50;2025-11-07;9;2080
50;2025-11-07;10;1615
50;2025-11-07;11;1590
50;2025-11-07;12;1520
50;2025-11-07;13;1503
50;2025-11-07;14;1418
50;2025-11-07;15;1732
50;2025-11-07;16;1910
50;2025-11-07;17;2192
50;2025-11-07;18;1950
50;2025-11-07;19;1302
50;2025-11-07;20;841
50;2025-11-07;21;587
50;2025-11-07;22;300
50;2025-11-07;23;167
50;2025-11-08;0;30
50;2025-11-08;1;2
50;2025-11-08;2;0
50;2025-11-08;3;0
50;2025-11-08;4;0
50;2025-11-08;5;1
50;2025-11-08;6;14
50;2025-11-08;7;33
50;2025-11-08;8;29
50;2025-11-08;9;38
50;2025-11-08;10;30
50;2025-11-08;11;62
50;2025-11-08;12;77
50;2025-11-08;13;127
50;2025-11-08;14;98
50;2025-11-08;15;97
50;2025-11-08;16;98
50;2025-11-08;17;85
50;2025-11-08;18;26
50;2025-11-08;19;34
50;2025-11-08;20;32
50;2025-11-08;21;49
50;2025-11-08;22;12
50;2025-11-08;23;9
50;2025-11-09;0;3
50;2025-11-09;1;1
50;2025-11-09;2;0
50;2025-11-09;3;0
50;2025-11-09;4;0
50;2025-11-09;5;1
50;2025-11-09;6;20
50;2025-11-09;7;5
50;2025-11-09;8;28
50;2025-11-09;9;62
50;2025-11-09;10;69
50;2025-11-09;11;46
50;2025-11-09;12;71
50;2025-11-09;13;77
50;2025-11-09;14;79
50;2025-11-09;15;75
50;2025-11-09;16;97
50;2025-11-09;17;91
50;2025-11-09;18;66
50;2025-11-09;19;65
50;2025-11-09;20;48
50;2025-11-09;21;60
50;2025-11-09;22;21
50;2025-11-09;23;10
50;2025-11-10;0;35
50;2025-11-10;1;3
50;2025-11-10;2;0
50;2025-11-10;3;0
50;2025-11-10;4;3
50;2025-11-10;5;72
50;2025-11-10;6;563
50;2025-11-10;7;1805
50;2025-11-10;8;2822
50;2025-11-10;9;2176
50;2025-11-10;10;1654
50;2025-11-10;11;1564
50;2025-11-10;12;1438
50;2025-11-10;13;1453
50;2025-11-10;14;1386
50;2025-11-10;15;1641
50;2025-11-10;16;1712
50;2025-11-10;17;2387
50;2025-11-10;18;2536
50;2025-11-10;19;1481
50;2025-11-10;20;901
50;2025-11-10;21;592
50;2025-11-10;22;270
50;2025-11-10;23;131
50;2025-11-11;0;37
50;2025-11-11;1;2
50;2025-11-11;2;0
50;2025-11-11;3;0
50;2025-11-11;4;2
50;2025-11-11;5;75
50;2025-11-11;6;586
50;2025-11-11;7;1855
50;2025-11-11;8;2875
50;2025-11-11;9;2237
50;2025-11-11;10;1708
50;2025-11-11;11;1619
50;2025-11-11;12;1519
50;2025-11-11;13;1518
50;2025-11-11;14;1437
50;2025-11-11;15;1705
50;2025-11-11;16;1762
50;2025-11-11;17;2466
50;2025-11-11;18;2628
50;2025-11-11;19;1536
50;2025-11-11;20;940
50;2025-11-11;21;625
50;2025-11-11;22;289
50;2025-11-11;23;140
50;2025-11-12;0;36
50;2025-11-12;1;3
50;2025-11-12;2;0
50;2025-11-12;3;0
50;2025-11-12;4;2
50;2025-11-12;5;74
50;2025-11-12;6;566
50;2025-11-12;7;1808
50;2025-11-12;8;2831
50;2025-11-12;9;2181
50;2025-11-12;10;1681
50;2025-11-12;11;1602
50;2025-11-12;12;1505
50;2025-11-12;13;1499
50;2025-11-12;14;1432
50;2025-11-12;15;1678
50;2025-11-12;16;1773
50;2025-11-12;17;2448
50;2025-11-12;18;2555
50;2025-11-12;19;1522
50;2025-11-12;20;912
50;2025-11-12;21;629
50;2025-11-12;22;294
50;2025-11-12;23;145
50;2025-11-13;0;40
50;2025-11-13;1;3
50;2025-11-13;2;0
50;2025-11-13;3;0
50;2025-11-13;4;2
50;2025-11-13;5;78
50;2025-11-13;6;570
50;2025-11-13;7;1812
50;2025-11-13;8;2797
50;2025-11-13;9;2186
50;2025-11-13;10;1678
50;2025-11-13;11;1600
50;2025-11-13;12;1517
50;2025-11-13;13;1513
50;2025-11-13;14;1419
50;2025-11-13;15;1701
50;2025-11-13;16;1795
50;2025-11-13;17;2413
50;2025-11-13;18;2542
50;2025-11-13;19;1506
50;2025-11-13;20;929
50;2025-11-13;21;645
50;2025-11-13;22;303
50;2025-11-13;23;159
50;2025-11-14;0;41
50;2025-11-14;1;3
50;2025-11-14;2;0
50;2025-11-14;3;0
50;2025-11-14;4;3
50;2025-11-14;5;73
50;2025-11-14;6;559
50;2025-11-14;7;1783
50;2025-11-14;8;2730
50;2025-11-14;9;2106
50;2025-11-14;10;1642
50;2025-11-14;11;1617
50;2025-11-14;12;1550
50;2025-11-14;13;1541
50;2025-11-14;14;1453
50;2025-11-14;15;1768
50;2025-11-14;16;1946
50;2025-11-14;17;2228
50;2025-11-14;18;1986
50;2025-11-14;19;1332
50;2025-11-14;20;865
50;2025-11-14;21;602
50;2025-11-14;22;311
50;2025-11-14;23;176
50;2025-11-15;0;31
50;2025-11-15;1;2
50;2025-11-15;2;0
50;2025-11-15;3;0
50;2025-11-15;4;0
50;2025-11-15;5;1
50;2025-11-15;6;22
50;2025-11-15;7;43
50;2025-11-15;8;42
50;2025-11-15;9;54
50;2025-11-15;10;45
50;2025-11-15;11;81
50;2025-11-15;12;100
50;2025-11-15;13;160
50;2025-11-15;14;130
50;2025-11-15;15;127
50;2025-11-15;16;130
50;2025-11-15;17;112
50;2025-11-15;18;48
50;2025-11-15;19;54
50;2025-11-15;20;50
50;2025-11-15;21;66
50;2025-11-15;22;28
50;2025-11-15;23;18
50;2025-11-16;0;4
50;2025-11-16;1;1
50;2025-11-16;2;0
50;2025-11-16;3;0
50;2025-11-16;4;0
50;2025-11-16;5;1
50;2025-11-16;6;24
50;2025-11-16;7;10
50;2025-11-16;8;34
50;2025-11-16;9;68
50;2025-11-16;10;75
50;2025-11-16;11;54
50;2025-11-16;12;81
50;2025-11-16;13;91
50;2025-11-16;14;93
50;2025-11-16;15;87
50;2025-11-16;16;109
50;2025-11-16;17;102
50;2025-11-16;18;74
50;2025-11-16;19;72
50;2025-11-16;20;55
50;2025-11-16;21;67
50;2025-11-16;22;27
50;2025-11-16;23;16
50;2025-11-17;0;36
50;2025-11-17;1;3
50;2025-11-17;2;0
50;2025-11-17;3;0
50;2025-11-17;4;3
50;2025-11-17;5;73
50;2025-11-17;6;565
50;2025-11-17;7;1814
50;2025-11-17;8;2830
50;2025-11-17;9;2186
50;2025-11-17;10;1663
50;2025-11-17;11;1574
50;2025-11-17;12;1445
50;2025-11-17;13;1461
50;2025-11-17;14;1393
50;2025-11-17;15;1652
50;2025-11-17;16;1719
50;2025-11-17;17;2393
50;2025-11-17;18;2543
50;2025-11-17;19;1484
50;2025-11-17;20;903
50;2025-11-17;21;592
50;2025-11-17;22;268
50;2025-11-17;23;130
50;2025-11-18;0;37
50;2025-11-18;1;2
50;2025-11-18;2;0
50;2025-11-18;3;0
50;2025-11-18;4;2
50;2025-11-18;5;76
50;2025-11-18;6;590
50;2025-11-18;7;1864
50;2025-11-18;8;2881
50;2025-11-18;9;2246
50;2025-11-18;10;1719
50;2025-11-18;11;1629
50;2025-11-18;12;1524
50;2025-11-18;13;1526
50;2025-11-18;14;1442
50;2025-11-18;15;1715
50;2025-11-18;16;1769
50;2025-11-18;17;2471
50;2025-11-18;18;2633
50;2025-11-18;19;1541
50;2025-11-18;20;943
50;2025-11-18;21;625
50;2025-11-18;22;288
50;2025-11-18;23;137
50;2025-11-19;0;36
50;2025-11-19;1;3
50;2025-11-19;2;0
50;2025-11-19;3;0
50;2025-11-19;4;2
50;2025-11-19;5;75
50;2025-11-19;6;568
50;2025-11-19;7;1814
50;2025-11-19;8;2835
50;2025-11-19;9;2187
50;2025-11-19;10;1688
50;2025-11-19;11;1609
50;2025-11-19;12;1510
50;2025-11-19;13;1505
50;2025-11-19;14;1437
50;2025-11-19;15;1688
50;2025-11-19;16;1778
50;2025-11-19;17;2450
50;2025-11-19;18;2557
50;2025-11-19;19;1524
50;2025-11-19;20;913
50;2025-11-19;21;626
50;2025-11-19;22;293
50;2025-11-19;23;143
50;2025-11-20;0;41
50;2025-11-20;1;3
50;2025-11-20;2;0
50;2025-11-20;3;0
50;2025-11-20;4;2
50;2025-11-20;5;79
50;2025-11-20;6;573
50;2025-11-20;7;1815
50;2025-11-20;8;2799
50;2025-11-20;9;2188
50;2025-11-20;10;1682
50;2025-11-20;11;1604
50;2025-11-20;12;1522
50;2025-11-20;13;1519
50;2025-11-20;14;1424
50;2025-11-20;15;1706
50;2025-11-20;16;1797
50;2025-11-20;17;2411
50;2025-11-20;18;2540
50;2025-11-20;19;1508
50;2025-11-20;20;929
50;2025-11-20;21;643
50;2025-11-20;22;302
50;2025-11-20;23;157
50;2025-11-21;0;41
50;2025-11-21;1;4
50;2025-11-21;2;1
50;2025-11-21;3;1
50;2025-11-21;4;3
50;2025-11-21;5;74
50;2025-11-21;6;561
50;2025-11-21;7;1786
50;2025-11-21;8;2732
50;2025-11-21;9;2107
50;2025-11-21;10;1645
50;2025-11-21;11;1622
50;2025-11-21;12;1557
50;2025-11-21;13;1549
50;2025-11-21;14;1462
50;2025-11-21;15;1772
50;2025-11-21;16;1947
50;2025-11-21;17;2224
50;2025-11-21;18;1982
50;2025-11-21;19;1332
50;2025-11-21;20;865
50;2025-11-21;21;600
50;2025-11-21;22;310
50;2025-11-21;23;174
50;2025-11-22;0;31
50;2025-11-22;1;2
50;2025-11-22;2;0
50;2025-11-22;3;0
50;2025-11-22;4;0
50;2025-11-22;5;1
50;2025-11-22;6;22
50;2025-11-22;7;45
50;2025-11-22;8;42
50;2025-11-22;9;53
50;2025-11-22;10;45
50;2025-11-22;11;81
50;2025-11-22;12;101
50;2025-11-22;13;160
50;2025-11-22;14;130
50;2025-11-22;15;127
50;2025-11-22;16;129
50;2025-11-22;17;110
50;2025-11-22;18;46
50;2025-11-22;19;52
50;2025-11-22;20;49
50;2025-11-22;21;65
50;2025-11-22;22;27
50;2025-11-22;23;18
50;2025-11-23;0;4
50;2025-11-23;1;1
50;2025-11-23;2;0
50;2025-11-23;3;0
50;2025-11-23;4;0
50;2025-11-23;5;2
50;2025-11-23;6;24
50;2025-11-23;7;10
50;2025-11-23;8;34
50;2025-11-23;9;68
50;2025-11-23;10;76
50;2025-11-23;11;50
50;2025-11-23;12;75
50;2025-11-23;13;85
50;2025-11-23;14;86
50;2025-11-23;15;81
50;2025-11-23;16;101
50;2025-11-23;17;93
50;2025-11-23;18;67
50;2025-11-23;19;67
50;2025-11-23;20;52
50;2025-11-23;21;63
50;2025-11-23;22;23
50;2025-11-23;23;13
50;2025-11-24;0;35
50;2025-11-24;1;3
50;2025-11-24;2;0
50;2025-11-24;3;0
50;2025-11-24;4;3
50;2025-11-24;5;72
50;2025-11-24;6;563
50;2025-11-24;7;1809
50;2025-11-24;8;2826
50;2025-11-24;9;2181
50;2025-11-24;10;1658
50;2025-11-24;11;1571
50;2025-11-24;12;1443
50;2025-11-24;13;1462
50;2025-11-24;14;1393
50;2025-11-24;15;1651
50;2025-11-24;16;1716
50;2025-11-24;17;2386
50;2025-11-24;18;2535
50;2025-11-24;19;1479
50;2025-11-24;20;896
50;2025-11-24;21;588
50;2025-11-24;22;269
50;2025-11-24;23;130
50;2025-11-25;0;38
50;2025-11-25;1;3
50;2025-11-25;2;1
50;2025-11-25;3;1
50;2025-11-25;4;3
50;2025-11-25;5;75
50;2025-11-25;6;581
50;2025-11-25;7;1852
50;2025-11-25;8;2860
50;2025-11-25;9;2232
50;2025-11-25;10;1706
50;2025-11-25;11;1617
50;2025-11-25;12;1513
50;2025-11-25;13;1517
50;2025-11-25;14;1429
50;2025-11-25;15;1710
50;2025-11-25;16;1762
50;2025-11-25;17;2458
50;2025-11-25;18;2619
50;2025-11-25;19;1527
50;2025-11-25;20;925
50;2025-11-25;21;617
50;2025-11-25;22;286
50;2025-11-25;23;137
50;2025-11-26;0;36
50;2025-11-26;1;3
50;2025-11-26;2;0
50;2025-11-26;3;0
50;2025-11-26;4;2
50;2025-11-26;5;73
50;2025-11-26;6;562
50;2025-11-26;7;1803
50;2025-11-26;8;2822
50;2025-11-26;9;2176
50;2025-11-26;10;1676
50;2025-11-26;11;1596
50;2025-11-26;12;1498
50;2025-11-26;13;1495
50;2025-11-26;14;1422
50;2025-11-26;15;1681
50;2025-11-26;16;1772
50;2025-11-26;17;2439
50;2025-11-26;18;2546
50;2025-11-26;19;1511
50;2025-11-26;20;897
50;2025-11-26;21;620
50;2025-11-26;22;289
50;2025-11-26;23;140
50;2025-11-27;0;40
50;2025-11-27;1;4
50;2025-11-27;2;1
50;2025-11-27;3;1
50;2025-11-27;4;3
50;2025-11-27;5;75
50;2025-11-27;6;557
50;2025-11-27;7;1784
50;2025-11-27;8;2772
50;2025-11-27;9;2157
50;2025-11-27;10;1651
50;2025-11-27;11;1573
50;2025-11-27;12;1491
50;2025-11-27;13;1489
50;2025-11-27;14;1390
50;2025-11-27;15;1678
50;2025-11-27;16;1768
50;2025-11-27;17;2379
50;2025-11-27;18;2508
50;2025-11-27;19;1473
50;2025-11-27;20;895
50;2025-11-27;21;624
50;2025-11-27;22;291
50;2025-11-27;23;150
50;2025-11-28;0;37
50;2025-11-28;1;2
50;2025-11-28;2;0
50;2025-11-28;3;0
50;2025-11-28;4;2
50;2025-11-28;5;65
50;2025-11-28;6;534
50;2025-11-28;7;1738
50;2025-11-28;8;2677
50;2025-11-28;9;2060
50;2025-11-28;10;1595
50;2025-11-28;11;1570
50;2025-11-28;12;1501
50;2025-11-28;13;1489
50;2025-11-28;14;1398
50;2025-11-28;15;1716
50;2025-11-28;16;1891
50;2025-11-28;17;2160
50;2025-11-28;18;1919
50;2025-11-28;19;1274
50;2025-11-28;20;812
50;2025-11-28;21;565
50;2025-11-28;22;284
50;2025-11-28;23;155
50;2025-11-29;0;26
50;2025-11-29;1;2
50;2025-11-29;2;0
50;2025-11-29;3;0
50;2025-11-29;4;0
50;2025-11-29;5;1
50;2025-11-29;6;12
50;2025-11-29;7;28
50;2025-11-29;8;24
50;2025-11-29;9;34
50;2025-11-29;10;26
50;2025-11-29;11;48
50;2025-11-29;12;66
50;2025-11-29;13;120
50;2025-11-29;14;91
50;2025-11-29;15;88
50;2025-11-29;16;95
50;2025-11-29;17;76
50;2025-11-29;18;22
50;2025-11-29;19;29
50;2025-11-29;20;27
50;2025-11-29;21;42
50;2025-11-29;22;9
50;2025-11-29;23;4
50;2025-11-30;0;3
50;2025-11-30;1;1
50;2025-11-30;2;0
50;2025-11-30;3;0
50;2025-11-30;4;0
50;2025-11-30;5;2
50;2025-11-30;6;18
50;2025-11-30;7;4
50;2025-11-30;8;25
50;2025-11-30;9;59
50;2025-11-30;10;63
50;2025-11-30;11;35
50;2025-11-30;12;58
50;2025-11-30;13;63
50;2025-11-30;14;66
50;2025-11-30;15;62
50;2025-11-30;16;89
50;2025-11-30;17;82
50;2025-11-30;18;59
50;2025-11-30;19;55
50;2025-11-30;20;39
50;2025-11-30;21;48
50;2025-11-30;22;13
50;2025-11-30;23;4
50;2025-12-01;0;35
50;2025-12-01;1;3
50;2025-12-01;2;0
50;2025-12-01;3;0
50;2025-12-01;4;3
50;2025-12-01;5;71
50;2025-12-01;6;563
50;2025-12-01;7;1816
50;2025-12-01;8;2847
50;2025-12-01;9;2192
50;2025-12-01;10;1665
50;2025-12-01;11;1576
50;2025-12-01;12;1448
50;2025-12-01;13;1467
50;2025-12-01;14;1396
50;2025-12-01;15;1660
50;2025-12-01;16;1725
50;2025-12-01;17;2401
50;2025-12-01;18;2551
50;2025-12-01;19;1486
50;2025-12-01;20;893
50;2025-12-01;21;590
50;2025-12-01;22;268
50;2025-12-01;23;129
50;2025-12-02;0;38
50;2025-12-02;1;3
50;2025-12-02;2;1
50;2025-12-02;3;1
50;2025-12-02;4;3
50;2025-12-02;5;76
50;2025-12-02;6;587
50;2025-12-02;7;1869
50;2025-12-02;8;2886
50;2025-12-02;9;2252
50;2025-12-02;10;1722
50;2025-12-02;11;1632
50;2025-12-02;12;1527
50;2025-12-02;13;1531
50;2025-12-02;14;1442
50;2025-12-02;15;1726
50;2025-12-02;16;1779
50;2025-12-02;17;2481
50;2025-12-02;18;2642
50;2025-12-02;19;1541
50;2025-12-02;20;934
50;2025-12-02;21;622
50;2025-12-02;22;288
50;2025-12-02;23;139
50;2025-12-03;0;36
50;2025-12-03;1;3
50;2025-12-03;2;0
50;2025-12-03;3;0
50;2025-12-03;4;2
50;2025-12-03;5;74
50;2025-12-03;6;568
50;2025-12-03;7;1819
50;2025-12-03;8;2848
50;2025-12-03;9;2195
50;2025-12-03;10;1692
50;2025-12-03;11;1611
50;2025-12-03;12;1511
50;2025-12-03;13;1508
50;2025-12-03;14;1435
50;2025-12-03;15;1697
50;2025-12-03;16;1789
50;2025-12-03;17;2461
50;2025-12-03;18;2570
50;2025-12-03;19;1525
50;2025-12-03;20;905
50;2025-12-03;21;625
50;2025-12-03;22;291
50;2025-12-03;23;142
50;2025-12-04;0;40
50;2025-12-04;1;4
50;2025-12-04;2;1
50;2025-12-04;3;1
50;2025-12-04;4;3
50;2025-12-04;5;76
50;2025-12-04;6;562
50;2025-12-04;7;1800
50;2025-12-04;8;2797
50;2025-12-04;9;2177
50;2025-12-04;10;1666
50;2025-12-04;11;1587
50;2025-12-04;12;1504
50;2025-12-04;13;1502
50;2025-12-04;14;1402
50;2025-12-04;15;1694
50;2025-12-04;16;1785
50;2025-12-04;17;2401
50;2025-12-04;18;2531
50;2025-12-04;19;1486
50;2025-12-04;20;903
50;2025-12-04;21;629
50;2025-12-04;22;293
50;2025-12-04;23;152
50;2025-12-05;0;37
50;2025-12-05;1;2
50;2025-12-05;2;0
50;2025-12-05;3;0
50;2025-12-05;4;2
50;2025-12-05;5;66
50;2025-12-05;6;539
50;2025-12-05;7;1754
50;2025-12-05;8;2701
50;2025-12-05;9;2079
50;2025-12-05;10;1610
50;2025-12-05;11;1584
50;2025-12-05;12;1514
50;2025-12-05;13;1502
50;2025-12-05;14;1410
50;2025-12-05;15;1732
50;2025-12-05;16;1908
50;2025-12-05;17;2180
50;2025-12-05;18;1936
50;2025-12-05;19;1286
50;2025-12-05;20;819
50;2025-12-05;21;571
50;2025-12-05;22;286
50;2025-12-05;23;157
50;2025-12-06;0;61
50;2025-12-06;1;2
50;2025-12-06;2;0
50;2025-12-06;3;0
50;2025-12-06;4;1
50;2025-12-06;5;29
50;2025-12-06;6;171
50;2025-12-06;7;388
50;2025-12-06;8;608
50;2025-12-06;9;691
50;2025-12-06;10;689
50;2025-12-06;11;839
50;2025-12-06;12;857
50;2025-12-06;13;923
50;2025-12-06;14;902
50;2025-12-06;15;887
50;2025-12-06;16;863
50;2025-12-06;17;834
50;2025-12-06;18;703
50;2025-12-06;19;652
50;2025-12-06;20;487
50;2025-12-06;21;381
50;2025-12-06;22;232
50;2025-12-06;23;133
50;2025-12-07;0;50
50;2025-12-07;1;6
50;2025-12-07;2;0
50;2025-12-07;3;0
50;2025-12-07;4;1
50;2025-12-07;5;27
50;2025-12-07;6;132
50;2025-12-07;7;240
50;2025-12-07;8;368
50;2025-12-07;9;483
50;2025-12-07;10;533
50;2025-12-07;11;664
50;2025-12-07;12;760
50;2025-12-07;13;822
50;2025-12-07;14;823
50;2025-12-07;15;740
50;2025-12-07;16;778
50;2025-12-07;17;770
50;2025-12-07;18;663
50;2025-12-07;19;556
50;2025-12-07;20;460
50;2025-12-07;21;379
50;2025-12-07;22;207
50;2025-12-07;23;111
50;2025-12-08;0;35
50;2025-12-08;1;3
50;2025-12-08;2;0
50;2025-12-08;3;0
50;2025-12-08;4;3
50;2025-12-08;5;71
50;2025-12-08;6;563
50;2025-12-08;7;1816
50;2025-12-08;8;2847
50;2025-12-08;9;2192
50;2025-12-08;10;1665
50;2025-12-08;11;1576
50;2025-12-08;12;1448
50;2025-12-08;13;1467
50;2025-12-08;14;1396
50;2025-12-08;15;1660
50;2025-12-08;16;1725
50;2025-12-08;17;2401
50;2025-12-08;18;2551
50;2025-12-08;19;1486
50;2025-12-08;20;893
50;2025-12-08;21;590
50;2025-12-08;22;268
50;2025-12-08;23;129
50;2025-12-09;0;38
50;2025-12-09;1;3
50;2025-12-09;2;1
50;2025-12-09;3;1
50;2025-12-09;4;3
50;2025-12-09;5;76
50;2025-12-09;6;587
50;2025-12-09;7;1869
50;2025-12-09;8;2886
50;2025-12-09;9;2252
50;2025-12-09;10;1722
50;2025-12-09;11;1632
50;2025-12-09;12;1527
50;2025-12-09;13;1531
50;2025-12-09;14;1442
50;2025-12-09;15;1726
50;2025-12-09;16;1779
50;2025-12-09;17;2481
50;2025-12-09;18;2642
50;2025-12-09;19;1541
50;2025-12-09;20;934
50;2025-12-09;21;622
50;2025-12-09;22;288
50;2025-12-09;23;139
50;2025-12-10;0;36
50;2025-12-10;1;3
50;2025-12-10;2;0
50;2025-12-10;3;0
50;2025-12-10;4;2
50;2025-12-10;5;74
50;2025-12-10;6;568
50;2025-12-10;7;1819
50;2025-12-10;8;2848
50;2025-12-10;9;2195
50;2025-12-10;10;1692
50;2025-12-10;11;1611
50;2025-12-10;12;1511
50;2025-12-10;13;1508
50;2025-12-10;14;1435
50;2025-12-10;15;1697
50;2025-12-10;16;1789
50;2025-12-10;17;2461
50;2025-12-10;18;2570
50;2025-12-10;19;1525
50;2025-12-10;20;905
50;2025-12-10;21;625
50;2025-12-10;22;291
50;2025-12-10;23;142
50;2025-12-11;0;40
50;2025-12-11;1;4
50;2025-12-11;2;1
50;2025-12-11;3;1
50;2025-12-11;4;3
50;2025-12-11;5;76
50;2025-12-11;6;562
50;2025-12-11;7;1800
50;2025-12-11;8;2797
50;2025-12-11;9;2177
50;2025-12-11;10;1666
50;2025-12-11;11;1587
50;2025-12-11;12;1504
50;2025-12-11;13;1502
50;2025-12-11;14;1402
50;2025-12-11;15;1694
50;2025-12-11;16;1785
50;2025-12-11;17;2401
50;2025-12-11;18;2531
50;2025-12-11;19;1486
50;2025-12-11;20;903
50;2025-12-11;21;629
50;2025-12-11;22;293
50;2025-12-11;23;152
50;2025-12-12;0;37
50;2025-12-12;1;2
50;2025-12-12;2;0
50;2025-12-12;3;0
50;2025-12-12;4;2
50;2025-12-12;5;66
50;2025-12-12;6;539
50;2025-12-12;7;1754
50;2025-12-12;8;2701
50;2025-12-12;9;2079
50;2025-12-12;10;1610
50;2025-12-12;11;1584
50;2025-12-12;12;1514
50;2025-12-12;13;1502
50;2025-12-12;14;1410
50;2025-12-12;15;1732
50;2025-12-12;16;1908
50;2025-12-12;17;2180
50;2025-12-12;18;1936
50;2025-12-12;19;1286
50;2025-12-12;20;819
50;2025-12-12;21;571
50;2025-12-12;22;286
50;2025-12-12;23;157
50;2025-12-13;0;61
50;2025-12-13;1;2
50;2025-12-13;2;0
50;2025-12-13;3;0
50;2025-12-13;4;1
50;2025-12-13;5;29
50;2025-12-13;6;171
50;2025-12-13;7;388
50;2025-12-13;8;608
50;2025-12-13;9;691
50;2025-12-13;10;689
50;2025-12-13;11;839
50;2025-12-13;12;857
50;2025-12-13;13;923
50;2025-12-13;14;902
50;2025-12-13;15;887
50;2025-12-13;16;863
50;2025-12-13;17;834
50;2025-12-13;18;703
50;2025-12-13;19;652
50;2025-12-13;20;487
50;2025-12-13;21;381
50;2025-12-13;22;232
50;2025-12-13;23;133
50;2025-12-14;0;50
50;2025-12-14;1;6
50;2025-12-14;2;0
50;2025-12-14;3;0
50;2025-12-14;4;1
50;2025-12-14;5;27
50;2025-12-14;6;132
50;2025-12-14;7;240
50;2025-12-14;8;368
50;2025-12-14;9;483
50;2025-12-14;10;533
50;2025-12-14;11;664
50;2025-12-14;12;760
50;2025-12-14;13;822
50;2025-12-14;14;823
50;2025-12-14;15;740
50;2025-12-14;16;778
50;2025-12-14;17;770
50;2025-12-14;18;663
50;2025-12-14;19;556
50;2025-12-14;20;460
50;2025-12-14;21;379
50;2025-12-14;22;207
50;2025-12-14;23;111
50;2025-12-15;0;35
50;2025-12-15;1;3
50;2025-12-15;2;0
50;2025-12-15;3;0
50;2025-12-15;4;3
50;2025-12-15;5;71
50;2025-12-15;6;563
50;2025-12-15;7;1816
50;2025-12-15;8;2847
50;2025-12-15;9;2192
50;2025-12-15;10;1665
50;2025-12-15;11;1576
50;2025-12-15;12;1448
50;2025-12-15;13;1467
50;2025-12-15;14;1396
50;2025-12-15;15;1660
50;2025-12-15;16;1725
50;2025-12-15;17;2401
50;2025-12-15;18;2551
50;2025-12-15;19;1486
50;2025-12-15;20;893
50;2025-12-15;21;590
50;2025-12-15;22;268
50;2025-12-15;23;129
50;2025-12-16;0;38
50;2025-12-16;1;3
50;2025-12-16;2;1
50;2025-12-16;3;1
50;2025-12-16;4;3
50;2025-12-16;5;76
50;2025-12-16;6;587
50;2025-12-16;7;1869
50;2025-12-16;8;2886
50;2025-12-16;9;2252
50;2025-12-16;10;1722
50;2025-12-16;11;1632
50;2025-12-16;12;1527
50;2025-12-16;13;1531
50;2025-12-16;14;1442
50;2025-12-16;15;1726
50;2025-12-16;16;1779
50;2025-12-16;17;2481
50;2025-12-16;18;2642
50;2025-12-16;19;1541
50;2025-12-16;20;934
50;2025-12-16;21;622
50;2025-12-16;22;288
50;2025-12-16;23;139
50;2025-12-17;0;36
50;2025-12-17;1;3
50;2025-12-17;2;0
50;2025-12-17;3;0
50;2025-12-17;4;2
50;2025-12-17;5;74
50;2025-12-17;6;568
50;2025-12-17;7;1819
50;2025-12-17;8;2848
50;2025-12-17;9;2195
50;2025-12-17;10;1692
50;2025-12-17;11;1611
50;2025-12-17;12;1511
50;2025-12-17;13;1508
50;2025-12-17;14;1435
50;2025-12-17;15;1697
50;2025-12-17;16;1789
50;2025-12-17;17;2461
50;2025-12-17;18;2570
50;2025-12-17;19;1525
50;2025-12-17;20;905
50;2025-12-17;21;625
50;2025-12-17;22;291
50;2025-12-17;23;142
50;2025-12-18;0;40
50;2025-12-18;1;4
50;2025-12-18;2;1
50;2025-12-18;3;1
50;2025-12-18;4;3
50;2025-12-18;5;76
50;2025-12-18;6;562
50;2025-12-18;7;1800
50;2025-12-18;8;2797
50;2025-12-18;9;2177
50;2025-12-18;10;1666
50;2025-12-18;11;1587
50;2025-12-18;12;1504
50;2025-12-18;13;1502
50;2025-12-18;14;1402
50;2025-12-18;15;1694
50;2025-12-18;16;1785
50;2025-12-18;17;2401
50;2025-12-18;18;2531
50;2025-12-18;19;1486
50;2025-12-18;20;903
50;2025-12-18;21;629
50;2025-12-18;22;293
50;2025-12-18;23;152
50;2025-12-19;0;37
50;2025-12-19;1;2
50;2025-12-19;2;0
50;2025-12-19;3;0
50;2025-12-19;4;2
50;2025-12-19;5;66
50;2025-12-19;6;539
50;2025-12-19;7;1754
50;2025-12-19;8;2701
50;2025-12-19;9;2079
50;2025-12-19;10;1610
50;2025-12-19;11;1584
50;2025-12-19;12;1514
50;2025-12-19;13;1502
50;2025-12-19;14;1410
50;2025-12-19;15;1732
50;2025-12-19;16;1908
50;2025-12-19;17;2180
50;2025-12-19;18;1936
50;2025-12-19;19;1286
50;2025-12-19;20;819
50;2025-12-19;21;571
50;2025-12-19;22;286
50;2025-12-19;23;157
50;2025-12-20;0;61
50;2025-12-20;1;2
50;2025-12-20;2;0
50;2025-12-20;3;0
50;2025-12-20;4;1
50;2025-12-20;5;29
50;2025-12-20;6;171
50;2025-12-20;7;388
50;2025-12-20;8;608
50;2025-12-20;9;691
50;2025-12-20;10;689
50;2025-12-20;11;839
50;2025-12-20;12;857
50;2025-12-20;13;923
50;2025-12-20;14;902
50;2025-12-20;15;887
50;2025-12-20;16;863
50;2025-12-20;17;834
50;2025-12-20;18;703
50;2025-12-20;19;652
50;2025-12-20;20;487
50;2025-12-20;21;381
50;2025-12-20;22;232
50;2025-12-20;23;133
50;2025-12-21;0;50
50;2025-12-21;1;6
50;2025-12-21;2;0
50;2025-12-21;3;0
50;2025-12-21;4;1
50;2025-12-21;5;27
50;2025-12-21;6;132
50;2025-12-21;7;240
50;2025-12-21;8;368
50;2025-12-21;9;483
50;2025-12-21;10;533
50;2025-12-21;11;664
50;2025-12-21;12;760
50;2025-12-21;13;822
50;2025-12-21;14;823
50;2025-12-21;15;740
50;2025-12-21;16;778
50;2025-12-21;17;770
50;2025-12-21;18;663
50;2025-12-21;19;556
50;2025-12-21;20;460
50;2025-12-21;21;379
50;2025-12-21;22;207
50;2025-12-21;23;111
50;2025-12-22;0;35
50;2025-12-22;1;3
50;2025-12-22;2;0
50;2025-12-22;3;0
50;2025-12-22;4;3
50;2025-12-22;5;71
50;2025-12-22;6;563
50;2025-12-22;7;1816
50;2025-12-22;8;2847
50;2025-12-22;9;2192
50;2025-12-22;10;1665
50;2025-12-22;11;1576
50;2025-12-22;12;1448
50;2025-12-22;13;1467
50;2025-12-22;14;1396
50;2025-12-22;15;1660
50;2025-12-22;16;1725
50;2025-12-22;17;2401
50;2025-12-22;18;2551
50;2025-12-22;19;1486
50;2025-12-22;20;893
50;2025-12-22;21;590
50;2025-12-22;22;268
50;2025-12-22;23;129
50;2025-12-23;0;38
50;2025-12-23;1;3
50;2025-12-23;2;1
50;2025-12-23;3;1
50;2025-12-23;4;3
50;2025-12-23;5;76
50;2025-12-23;6;587
50;2025-12-23;7;1869
50;2025-12-23;8;2886
50;2025-12-23;9;2252
50;2025-12-23;10;1722
50;2025-12-23;11;1632
50;2025-12-23;12;1527
50;2025-12-23;13;1531
50;2025-12-23;14;1442
50;2025-12-23;15;1726
50;2025-12-23;16;1779
50;2025-12-23;17;2481
50;2025-12-23;18;2642
50;2025-12-23;19;1541
50;2025-12-23;20;934
50;2025-12-23;21;622
50;2025-12-23;22;288
50;2025-12-23;23;139
50;2025-12-24;0;36
50;2025-12-24;1;3
50;2025-12-24;2;0
50;2025-12-24;3;0
50;2025-12-24;4;2
50;2025-12-24;5;74
50;2025-12-24;6;568
50;2025-12-24;7;1819
50;2025-12-24;8;2848
50;2025-12-24;9;2195
50;2025-12-24;10;1692
50;2025-12-24;11;1611
50;2025-12-24;12;1511
50;2025-12-24;13;1508
50;2025-12-24;14;1435
50;2025-12-24;15;1697
50;2025-12-24;16;1789
50;2025-12-24;17;2461
50;2025-12-24;18;2570
50;2025-12-24;19;1525
50;2025-12-24;20;905
50;2025-12-24;21;625
50;2025-12-24;22;291
50;2025-12-24;23;142
50;2025-12-25;0;40
50;2025-12-25;1;4
50;2025-12-25;2;1
50;2025-12-25;3;1
50;2025-12-25;4;3
50;2025-12-25;5;76
50;2025-12-25;6;562
50;2025-12-25;7;1800
50;2025-12-25;8;2797
50;2025-12-25;9;2177
50;2025-12-25;10;1666
50;2025-12-25;11;1587
50;2025-12-25;12;1504
50;2025-12-25;13;1502
50;2025-12-25;14;1402
50;2025-12-25;15;1694
50;2025-12-25;16;1785
50;2025-12-25;17;2401
50;2025-12-25;18;2531
50;2025-12-25;19;1486
50;2025-12-25;20;903
50;2025-12-25;21;629
50;2025-12-25;22;293
50;2025-12-25;23;152
50;2025-12-26;0;37
50;2025-12-26;1;2
50;2025-12-26;2;0
50;2025-12-26;3;0
50;2025-12-26;4;2
50;2025-12-26;5;66
50;2025-12-26;6;539
50;2025-12-26;7;1754
50;2025-12-26;8;2701
50;2025-12-26;9;2079
50;2025-12-26;10;1610
50;2025-12-26;11;1584
50;2025-12-26;12;1514
50;2025-12-26;13;1502
50;2025-12-26;14;1410
50;2025-12-26;15;1732
50;2025-12-26;16;1908
50;2025-12-26;17;2180
50;2025-12-26;18;1936
50;2025-12-26;19;1286
50;2025-12-26;20;819
50;2025-12-26;21;571
50;2025-12-26;22;286
50;2025-12-26;23;157
50;2025-12-27;0;61
50;2025-12-27;1;2
50;2025-12-27;2;0
50;2025-12-27;3;0
50;2025-12-27;4;1
50;2025-12-27;5;29
50;2025-12-27;6;171
50;2025-12-27;7;388
50;2025-12-27;8;608
50;2025-12-27;9;691
50;2025-12-27;10;689
50;2025-12-27;11;839
50;2025-12-27;12;857
50;2025-12-27;13;923
50;2025-12-27;14;902
50;2025-12-27;15;887
50;2025-12-27;16;863
50;2025-12-27;17;834
50;2025-12-27;18;703
50;2025-12-27;19;652
50;2025-12-27;20;487
50;2025-12-27;21;381
50;2025-12-27;22;232
50;2025-12-27;23;133
50;2025-12-28;0;50
50;2025-12-28;1;6
50;2025-12-28;2;0
50;2025-12-28;3;0
50;2025-12-28;4;1
50;2025-12-28;5;27
50;2025-12-28;6;132
50;2025-12-28;7;240
50;2025-12-28;8;368
50;2025-12-28;9;483
50;2025-12-28;10;533
50;2025-12-28;11;664
50;2025-12-28;12;760
50;2025-12-28;13;822
50;2025-12-28;14;823
50;2025-12-28;15;740
50;2025-12-28;16;778
50;2025-12-28;17;770
50;2025-12-28;18;663
50;2025-12-28;19;556
50;2025-12-28;20;460
50;2025-12-28;21;379
50;2025-12-28;22;207
50;2025-12-28;23;111
50;2025-12-29;0;31
50;2025-12-29;1;3
50;2025-12-29;2;0
50;2025-12-29;3;0
50;2025-12-29;4;3
50;2025-12-29;5;64
50;2025-12-29;6;508
50;2025-12-29;7;1639
50;2025-12-29;8;2569
50;2025-12-29;9;1977
50;2025-12-29;10;1502
50;2025-12-29;11;1422
50;2025-12-29;12;1307
50;2025-12-29;13;1324
50;2025-12-29;14;1259
50;2025-12-29;15;1498
50;2025-12-29;16;1557
50;2025-12-29;17;2166
50;2025-12-29;18;2301
50;2025-12-29;19;1341
50;2025-12-29;20;806
50;2025-12-29;21;532
50;2025-12-29;22;242
50;2025-12-29;23;117
50;2025-12-30;0;33
50;2025-12-30;1;2
50;2025-12-30;2;0
50;2025-12-30;3;0
50;2025-12-30;4;2
50;2025-12-30;5;68
50;2025-12-30;6;529
50;2025-12-30;7;1687
50;2025-12-30;8;2575
50;2025-12-30;9;2014
50;2025-12-30;10;1561
50;2025-12-30;11;1485
50;2025-12-30;12;1390
50;2025-12-30;13;1395
50;2025-12-30;14;1326
50;2025-12-30;15;1580
50;2025-12-30;16;1623
50;2025-12-30;17;2189
50;2025-12-30;18;2292
50;2025-12-30;19;1381
50;2025-12-30;20;832
50;2025-12-30;21;556
50;2025-12-30;22;257
50;2025-12-30;23;122
50;2025-12-31;0;42
50;2025-12-31;1;7
50;2025-12-31;2;1
50;2025-12-31;3;0
50;2025-12-31;4;3
50;2025-12-31;5;27
50;2025-12-31;6;133
50;2025-12-31;7;221
50;2025-12-31;8;339
50;2025-12-31;9;428
50;2025-12-31;10;463
50;2025-12-31;11;558
50;2025-12-31;12;626
50;2025-12-31;13;686
50;2025-12-31;14;691
50;2025-12-31;15;627
50;2025-12-31;16;672
50;2025-12-31;17;677
50;2025-12-31;18;605
50;2025-12-31;19;525
50;2025-12-31;20;0
50;2025-12-31;21;0
50;2025-12-31;22;0
50;2025-12-31;23;0
