{"type": "FeatureCollection", "features": [{"type": "Feature", "geometry": {"type": "LineString", "coordinates": [[37.608551, 55.658432], [37.608641, 55.658504], [37.608673, 55.658569], [37.608681, 55.658616], [37.608659, 55.658668], [37.608614, 55.65872], [37.608517, 55.658776], [37.608437, 55.658804], [37.608305, 55.658835], [37.608231, 55.658844], [37.608137, 55.658845], [37.608071, 55.658844], [37.607958, 55.658826], [37.607875, 55.658799], [37.607782, 55.658744], [37.607135, 55.658214], [37.60681, 55.657949], [37.605852, 55.657156], [37.605743, 55.657066], [37.605573, 55.656883], [37.605458, 55.656739], [37.605422, 55.65668], [37.605409, 55.656644], [37.6054, 55.656619], [37.605368, 55.656531], [37.605348, 55.656357], [37.605348, 55.656298], [37.605352, 55.655994], [37.60538, 55.654795], [37.605403, 55.653736], [37.605407, 55.653625], [37.605411, 55.65347], [37.605414, 55.653388], [37.605418, 55.653075], [37.605418, 55.652962], [37.60545, 55.651062], [37.605459, 55.65064], [37.60549, 55.649178], [37.605493, 55.64906], [37.605497, 55.648861], [37.605503, 55.648625], [37.605515, 55.648148], [37.605535, 55.647385], [37.605547, 55.645523], [37.605548, 55.645475], [37.605549, 55.645382], [37.605556, 55.645195], [37.605566, 55.644922], [37.60557, 55.644819], [37.605577, 55.644638], [37.605597, 55.643468], [37.605593, 55.643301], [37.605594, 55.64328], [37.605596, 55.643121], [37.605604, 55.642741], [37.605606, 55.642413], [37.605606, 55.642363], [37.60561, 55.642009], [37.605618, 55.641428], [37.605619, 55.64139], [37.605619, 55.641356], [37.60562, 55.641315], [37.605616, 55.641243], [37.605604, 55.641002], [37.605568, 55.640109], [37.605561, 55.639934], [37.605553, 55.639825], [37.605546, 55.639715], [37.605358, 55.638731], [37.605272, 55.638291], [37.60523, 55.63813], [37.605158, 55.637851], [37.605144, 55.6378], [37.605133, 55.637758], [37.605023, 55.637437], [37.604662, 55.636574], [37.604249, 55.635715], [37.603585, 55.634509], [37.603496, 55.634375], [37.60345, 55.634303], [37.603366, 55.634192], [37.603105, 55.633852], [37.603083, 55.633825], [37.603012, 55.633737], [37.602457, 55.633101], [37.601659, 55.632159], [37.600987, 55.631369], [37.600909, 55.63128], [37.600509, 55.630824], [37.600108, 55.630338], [37.599784, 55.629959], [37.599707, 55.62987], [37.599614, 55.629761], [37.599322, 55.629421], [37.598689, 55.628671], [37.598605, 55.628573], [37.598173, 55.628065], [37.597235, 55.626928], [37.596914, 55.626528], [37.596779, 55.626316], [37.596658, 55.626093], [37.59649, 55.625779], [37.596274, 55.625311], [37.596224, 55.62521], [37.596176, 55.625108], [37.595951, 55.624641], [37.595746, 55.624216], [37.595636, 55.623984], [37.595419, 55.623525], [37.595345, 55.623366], [37.5953, 55.623277], [37.595173, 55.623026], [37.594362, 55.621323], [37.594244, 55.621039], [37.593945, 55.620192], [37.593836, 55.61978], [37.59376, 55.619518], [37.593493, 55.618608], [37.593404, 55.618305], [37.593368, 55.618181], [37.593346, 55.618106], [37.592873, 55.616495], [37.592865, 55.616465], [37.592387, 55.614847], [37.592376, 55.614807], [37.592334, 55.614662], [37.5923, 55.614546], [37.592238, 55.614343], [37.592, 55.613567], [37.591881, 55.613175], [37.591812, 55.61295], [37.591656, 55.612332], [37.5916, 55.612111], [37.59155, 55.611903], [37.5915, 55.61167], [37.591335, 55.610905], [37.590921, 55.609216], [37.590905, 55.609156], [37.590804, 55.608726], [37.5903, 55.606481], [37.59021, 55.606114], [37.590187, 55.606014], [37.590166, 55.605931], [37.590116, 55.605752], [37.589965, 55.605107], [37.589938, 55.604992], [37.589916, 55.6049], [37.589898, 55.60482], [37.589388, 55.602816], [37.58935, 55.602651], [37.589325, 55.602556], [37.589299, 55.602452], [37.588908, 55.600793], [37.588904, 55.600775], [37.588876, 55.600657], [37.588597, 55.599483], [37.588467, 55.598931], [37.588459, 55.598898], [37.588415, 55.598703], [37.587956, 55.596872], [37.587838, 55.596314]]}, "properties": {"kind": "track", "route": 1, "direction": 0, "osm_id": 543080, "from": "Москворецкий рынок", "to": "Чертаново Южное"}}, {"type": "Feature", "geometry": {"type": "Point", "coordinates": [37.608551, 55.6584318]}, "properties": {"kind": "stop", "route": 1, "direction": 0, "seq": 1, "osm_id": 428062933, "name": "Москворецкий рынок"}}, {"type": "Feature", "geometry": {"type": "Point", "coordinates": [37.605352, 55.655994]}, "properties": {"kind": "stop", "route": 1, "direction": 0, "seq": 2, "osm_id": 1381710531, "name": "Болотниковская улица"}}, {"type": "Feature", "geometry": {"type": "Point", "coordinates": [37.6054067, 55.6536252]}, "properties": {"kind": "stop", "route": 1, "direction": 0, "seq": 3, "osm_id": 1381710556, "name": "Метро «Каховская»"}}, {"type": "Feature", "geometry": {"type": "Point", "coordinates": [37.6054902, 55.6491778]}, "properties": {"kind": "stop", "route": 1, "direction": 0, "seq": 4, "osm_id": 1381710553, "name": "Симферопольский бульвар, 20"}}, {"type": "Feature", "geometry": {"type": "Point", "coordinates": [37.6055469, 55.6455234]}, "properties": {"kind": "stop", "route": 1, "direction": 0, "seq": 5, "osm_id": 1381710560, "name": "Черноморский бульвар"}}, {"type": "Feature", "geometry": {"type": "Point", "coordinates": [37.6056042, 55.6427412]}, "properties": {"kind": "stop", "route": 1, "direction": 0, "seq": 6, "osm_id": 678963759, "name": "Балаклавский проспект"}}, {"type": "Feature", "geometry": {"type": "Point", "coordinates": [37.605568, 55.6401092]}, "properties": {"kind": "stop", "route": 1, "direction": 0, "seq": 7, "osm_id": 678963757, "name": "Метро «Чертановская»"}}, {"type": "Feature", "geometry": {"type": "Point", "coordinates": [37.6051582, 55.6378508]}, "properties": {"kind": "stop", "route": 1, "direction": 0, "seq": 8, "osm_id": 678963756, "name": "Верхний Чертановский пруд"}}, {"type": "Feature", "geometry": {"type": "Point", "coordinates": [37.6031046, 55.6338519]}, "properties": {"kind": "stop", "route": 1, "direction": 0, "seq": 9, "osm_id": 678963755, "name": "Сумской проезд"}}, {"type": "Feature", "geometry": {"type": "Point", "coordinates": [37.6009867, 55.6313691]}, "properties": {"kind": "stop", "route": 1, "direction": 0, "seq": 10, "osm_id": 8270024933, "name": "Футбольная школа «Чертаново»"}}, {"type": "Feature", "geometry": {"type": "Point", "coordinates": [37.5986893, 55.6286706]}, "properties": {"kind": "stop", "route": 1, "direction": 0, "seq": 11, "osm_id": 952273050, "name": "Школьный парк"}}, {"type": "Feature", "geometry": {"type": "Point", "coordinates": [37.5957465, 55.6242157]}, "properties": {"kind": "stop", "route": 1, "direction": 0, "seq": 12, "osm_id": 678963752, "name": "Кинотеатр «Ашхабад»"}}, {"type": "Feature", "geometry": {"type": "Point", "coordinates": [37.593836, 55.6197801]}, "properties": {"kind": "stop", "route": 1, "direction": 0, "seq": 13, "osm_id": 678963751, "name": "Чертановская улица, 28"}}, {"type": "Feature", "geometry": {"type": "Point", "coordinates": [37.5928734, 55.6164951]}, "properties": {"kind": "stop", "route": 1, "direction": 0, "seq": 14, "osm_id": 10865222673, "name": "Детская стоматологическая поликлиника"}}, {"type": "Feature", "geometry": {"type": "Point", "coordinates": [37.5914997, 55.6116699]}, "properties": {"kind": "stop", "route": 1, "direction": 0, "seq": 15, "osm_id": 678963749, "name": "Чертаново-Центральное"}}, {"type": "Feature", "geometry": {"type": "Point", "coordinates": [37.5909208, 55.6092164]}, "properties": {"kind": "stop", "route": 1, "direction": 0, "seq": 16, "osm_id": 10865222687, "name": "Чертановская улица, 44"}}, {"type": "Feature", "geometry": {"type": "Point", "coordinates": [37.5901865, 55.6060142]}, "properties": {"kind": "stop", "route": 1, "direction": 0, "seq": 17, "osm_id": 678963747, "name": "Кировоградские пруды"}}, {"type": "Feature", "geometry": {"type": "Point", "coordinates": [37.5893497, 55.6026514]}, "properties": {"kind": "stop", "route": 1, "direction": 0, "seq": 18, "osm_id": 678963746, "name": "Чертановская улица, 53"}}, {"type": "Feature", "geometry": {"type": "Point", "coordinates": [37.5889036, 55.6007754]}, "properties": {"kind": "stop", "route": 1, "direction": 0, "seq": 19, "osm_id": 678963745, "name": "ОВД «Чертаново Южное»"}}, {"type": "Feature", "geometry": {"type": "Point", "coordinates": [37.5884671, 55.5989309]}, "properties": {"kind": "stop", "route": 1, "direction": 0, "seq": 20, "osm_id": 678963744, "name": "Поликлиника"}}, {"type": "Feature", "geometry": {"type": "Point", "coordinates": [37.5878379, 55.5963145]}, "properties": {"kind": "stop", "route": 1, "direction": 0, "seq": 21, "osm_id": 678963743, "name": "Чертаново Южное"}}, {"type": "Feature", "geometry": {"type": "LineString", "coordinates": [[37.58795, 55.59653], [37.588016, 55.596874], [37.588477, 55.598703], [37.588524, 55.598909], [37.588663, 55.599478], [37.588924, 55.600591], [37.588943, 55.600697], [37.588966, 55.60079], [37.589374, 55.602444], [37.589398, 55.602551], [37.589465, 55.602812], [37.589962, 55.604816], [37.589982, 55.604895], [37.590006, 55.604987], [37.590035, 55.605102], [37.590174, 55.605748], [37.590216, 55.605888], [37.590303, 55.606256], [37.590352, 55.606478], [37.590864, 55.608722], [37.590944, 55.609079], [37.590959, 55.609162], [37.59139, 55.610895], [37.591664, 55.612107], [37.591715, 55.612326], [37.591869, 55.612945], [37.59194, 55.613171], [37.592022, 55.613433], [37.59206, 55.613554], [37.592365, 55.614522], [37.592404, 55.614656], [37.592447, 55.6148], [37.592458, 55.614839], [37.592911, 55.61639], [37.592931, 55.616458], [37.59341, 55.618101], [37.593432, 55.618176], [37.593471, 55.618297], [37.593557, 55.618603], [37.593784, 55.61943], [37.593812, 55.619515], [37.594006, 55.620186], [37.594301, 55.621032], [37.594419, 55.621318], [37.595223, 55.623018], [37.595345, 55.62327], [37.595386, 55.62336], [37.59546, 55.623521], [37.595679, 55.623977], [37.595921, 55.624481], [37.595996, 55.624636], [37.596222, 55.625101], [37.596269, 55.625205], [37.596317, 55.625305], [37.596536, 55.625774], [37.596705, 55.626085], [37.596826, 55.626309], [37.596962, 55.626521], [37.597274, 55.626911], [37.59822, 55.628051], [37.598627, 55.628519], [37.59866, 55.628563], [37.599367, 55.629394], [37.599666, 55.629747], [37.599759, 55.629856], [37.599835, 55.629947], [37.600152, 55.630321], [37.600563, 55.630805], [37.600897, 55.631192], [37.600963, 55.631268], [37.601725, 55.632157], [37.602515, 55.633085], [37.603123, 55.633812], [37.603421, 55.634196], [37.603498, 55.6343], [37.603549, 55.634381], [37.603635, 55.634512], [37.603833, 55.634867], [37.604309, 55.635705], [37.604723, 55.636564], [37.605092, 55.63743], [37.605195, 55.63775], [37.605208, 55.637793], [37.605294, 55.638124], [37.605336, 55.638288], [37.605437, 55.638727], [37.60561, 55.639715], [37.605616, 55.639824], [37.605623, 55.639933], [37.605651, 55.640365], [37.605674, 55.641003], [37.605676, 55.641238], [37.605677, 55.641312], [37.605677, 55.641368], [37.605677, 55.641374], [37.605677, 55.641426], [37.605682, 55.64201], [37.605682, 55.64236], [37.605682, 55.642409], [37.605675, 55.643003], [37.605671, 55.643121], [37.605674, 55.643282], [37.605664, 55.643584], [37.605644, 55.644509], [37.605635, 55.644819], [37.605632, 55.644923], [37.605625, 55.645194], [37.605619, 55.645381], [37.605618, 55.645476], [37.605598, 55.647384], [37.605583, 55.648152], [37.60557, 55.648861], [37.605566, 55.649061], [37.605558, 55.649447], [37.605525, 55.650641], [37.605513, 55.651062], [37.605483, 55.652921], [37.605483, 55.652963], [37.605483, 55.653076], [37.60548, 55.653388], [37.605477, 55.65347], [37.605467, 55.653731], [37.605444, 55.654795], [37.605416, 55.656301], [37.605418, 55.656357], [37.605435, 55.656529], [37.605469, 55.656618], [37.605481, 55.656639], [37.605529, 55.656727], [37.605642, 55.65687], [37.605801, 55.657047], [37.605903, 55.657132], [37.607122, 55.658154], [37.6072, 55.658195], [37.607269, 55.658218], [37.607361, 55.658234], [37.607464, 55.658234], [37.607635, 55.658195], [37.607881, 55.658124], [37.607962, 55.658117], [37.608028, 55.65812], [37.608103, 55.65813], [37.608181, 55.658152], [37.608238, 55.65818], [37.608551, 55.658432]]}, "properties": {"kind": "track", "route": 1, "direction": 1, "osm_id": 1283310, "from": "Чертаново Южное", "to": "Москворецкий рынок"}}, {"type": "Feature", "geometry": {"type": "Point", "coordinates": [37.5879502, 55.5965297]}, "properties": {"kind": "stop", "route": 1, "direction": 1, "seq": 1, "osm_id": 952302299, "name": "Чертаново Южное"}}, {"type": "Feature", "geometry": {"type": "Point", "coordinates": [37.5884766, 55.5987032]}, "properties": {"kind": "stop", "route": 1, "direction": 1, "seq": 2, "osm_id": 952302345, "name": "Поликлиника"}}, {"type": "Feature", "geometry": {"type": "Point", "coordinates": [37.588924, 55.600591]}, "properties": {"kind": "stop", "route": 1, "direction": 1, "seq": 3, "osm_id": 952302321, "name": "ОВД «Чертаново Южное»"}}, {"type": "Feature", "geometry": {"type": "Point", "coordinates": [37.5893735, 55.6024436]}, "properties": {"kind": "stop", "route": 1, "direction": 1, "seq": 4, "osm_id": 952302293, "name": "Чертановская улица, 53"}}, {"type": "Feature", "geometry": {"type": "Point", "coordinates": [37.5903031, 55.6062561]}, "properties": {"kind": "stop", "route": 1, "direction": 1, "seq": 5, "osm_id": 952302380, "name": "Кировоградские пруды"}}, {"type": "Feature", "geometry": {"type": "Point", "coordinates": [37.5909438, 55.6090792]}, "properties": {"kind": "stop", "route": 1, "direction": 1, "seq": 6, "osm_id": 678963748, "name": "Чертановская улица, 44"}}, {"type": "Feature", "geometry": {"type": "Point", "coordinates": [37.592022, 55.6134325]}, "properties": {"kind": "stop", "route": 1, "direction": 1, "seq": 7, "osm_id": 952302376, "name": "Чертаново-Центральное"}}, {"type": "Feature", "geometry": {"type": "Point", "coordinates": [37.5929108, 55.6163903]}, "properties": {"kind": "stop", "route": 1, "direction": 1, "seq": 8, "osm_id": 10865222674, "name": "Детская стоматологическая поликлиника"}}, {"type": "Feature", "geometry": {"type": "Point", "coordinates": [37.5937844, 55.61943]}, "properties": {"kind": "stop", "route": 1, "direction": 1, "seq": 9, "osm_id": 952302326, "name": "Чертановская улица, 28"}}, {"type": "Feature", "geometry": {"type": "Point", "coordinates": [37.5959206, 55.6244807]}, "properties": {"kind": "stop", "route": 1, "direction": 1, "seq": 10, "osm_id": 952302296, "name": "Кинотеатр «Ашхабад»"}}, {"type": "Feature", "geometry": {"type": "Point", "coordinates": [37.5986274, 55.6285186]}, "properties": {"kind": "stop", "route": 1, "direction": 1, "seq": 11, "osm_id": 952302338, "name": "Школьный парк"}}, {"type": "Feature", "geometry": {"type": "Point", "coordinates": [37.6008971, 55.6311917]}, "properties": {"kind": "stop", "route": 1, "direction": 1, "seq": 12, "osm_id": 678963754, "name": "Футбольная школа «Чертаново»"}}, {"type": "Feature", "geometry": {"type": "Point", "coordinates": [37.6038333, 55.6348666]}, "properties": {"kind": "stop", "route": 1, "direction": 1, "seq": 13, "osm_id": 952302312, "name": "Сумской проезд"}}, {"type": "Feature", "geometry": {"type": "Point", "coordinates": [37.6051947, 55.6377496]}, "properties": {"kind": "stop", "route": 1, "direction": 1, "seq": 14, "osm_id": 952302288, "name": "Верхний Чертановский пруд"}}, {"type": "Feature", "geometry": {"type": "Point", "coordinates": [37.6056508, 55.6403651]}, "properties": {"kind": "stop", "route": 1, "direction": 1, "seq": 15, "osm_id": 952302329, "name": "Метро «Чертановская»"}}, {"type": "Feature", "geometry": {"type": "Point", "coordinates": [37.6056747, 55.6430034]}, "properties": {"kind": "stop", "route": 1, "direction": 1, "seq": 16, "osm_id": 996689318, "name": "Балаклавский проспект"}}, {"type": "Feature", "geometry": {"type": "Point", "coordinates": [37.6056246, 55.6451942]}, "properties": {"kind": "stop", "route": 1, "direction": 1, "seq": 17, "osm_id": 996689322, "name": "Черноморский бульвар"}}, {"type": "Feature", "geometry": {"type": "Point", "coordinates": [37.6055584, 55.6494472]}, "properties": {"kind": "stop", "route": 1, "direction": 1, "seq": 18, "osm_id": 996689315, "name": "Симферопольский бульвар, 20"}}, {"type": "Feature", "geometry": {"type": "Point", "coordinates": [37.6054835, 55.6529207]}, "properties": {"kind": "stop", "route": 1, "direction": 1, "seq": 19, "osm_id": 996689312, "name": "Метро «Каховская»"}}, {"type": "Feature", "geometry": {"type": "Point", "coordinates": [37.6054157, 55.6563013]}, "properties": {"kind": "stop", "route": 1, "direction": 1, "seq": 20, "osm_id": 60792114, "name": "Болотниковская улица"}}, {"type": "Feature", "geometry": {"type": "Point", "coordinates": [37.608551, 55.6584318]}, "properties": {"kind": "stop", "route": 1, "direction": 1, "seq": 21, "osm_id": 428062933, "name": "Москворецкий рынок"}}, {"type": "Feature", "geometry": {"type": "LineString", "coordinates": [[37.583561, 55.776383], [37.583335, 55.776225], [37.583294, 55.776191], [37.583268, 55.776163], [37.583252, 55.776129], [37.583247, 55.776091], [37.583252, 55.776045], [37.583265, 55.776009], [37.583293, 55.775976], [37.583327, 55.775948], [37.583365, 55.775925], [37.583431, 55.775895], [37.583508, 55.77587], [37.583606, 55.775847], [37.583683, 55.775832], [37.583775, 55.775825], [37.583868, 55.775826], [37.583961, 55.775831], [37.584004, 55.775837], [37.584053, 55.775849], [37.58411, 55.775867], [37.584122, 55.775873], [37.584168, 55.775894], [37.584739, 55.776243], [37.584766, 55.77626], [37.584793, 55.776275], [37.584835, 55.776293], [37.584849, 55.776298], [37.584891, 55.776314], [37.584908, 55.776319], [37.584972, 55.776339], [37.585041, 55.776358], [37.585139, 55.776387], [37.585228, 55.776416], [37.585321, 55.776451], [37.585389, 55.776478], [37.585453, 55.776505], [37.585568, 55.776566], [37.58567, 55.776626], [37.585802, 55.776708], [37.586601, 55.777202], [37.586665, 55.777238], [37.58682, 55.777337], [37.586843, 55.777352], [37.586964, 55.77743], [37.587641, 55.77787], [37.587736, 55.777932], [37.587869, 55.778018], [37.588045, 55.778132], [37.588162, 55.778208], [37.588234, 55.778255], [37.588505, 55.778431], [37.588757, 55.778598], [37.589146, 55.778856], [37.58948, 55.779082], [37.589718, 55.77924], [37.589876, 55.779334], [37.590028, 55.779428], [37.590125, 55.779486], [37.590713, 55.779871], [37.590875, 55.779977], [37.592373, 55.780963], [37.592496, 55.781044], [37.592635, 55.781136], [37.592752, 55.781217], [37.595798, 55.783308], [37.596507, 55.783795], [37.596621, 55.78388], [37.596736, 55.783969], [37.596758, 55.783986], [37.596809, 55.784025], [37.596869, 55.784071], [37.596986, 55.784142], [37.597054, 55.784162], [37.597103, 55.78417], [37.597258, 55.784195], [37.597317, 55.784205], [37.597703, 55.784268], [37.597974, 55.784312], [37.598419, 55.784385], [37.599107, 55.784497], [37.599502, 55.784562], [37.599535, 55.784568], [37.599932, 55.784633], [37.600959, 55.784803], [37.601105, 55.784828], [37.601222, 55.784847], [37.601304, 55.784865], [37.601346, 55.784877], [37.601379, 55.784888], [37.601452, 55.784918], [37.601505, 55.784948], [37.60163, 55.785044], [37.601666, 55.785089], [37.601687, 55.785128], [37.601688, 55.785131], [37.601698, 55.785157], [37.601703, 55.785184], [37.601703, 55.785213], [37.601702, 55.785261], [37.601697, 55.78529], [37.601681, 55.78534], [37.601664, 55.785393], [37.601577, 55.785629], [37.601567, 55.785655], [37.601551, 55.785699], [37.601374, 55.786116], [37.601179, 55.786575], [37.601121, 55.786713], [37.601054, 55.786863], [37.600855, 55.787317], [37.600705, 55.787699], [37.600693, 55.787731], [37.600674, 55.787783], [37.600632, 55.787903], [37.600592, 55.788028], [37.600537, 55.788212], [37.60042, 55.788605], [37.600399, 55.788672], [37.600263, 55.789127], [37.600252, 55.789166], [37.60025, 55.789182], [37.600245, 55.789226], [37.60027, 55.789286], [37.600324, 55.789338], [37.600399, 55.789379], [37.600499, 55.789408], [37.600606, 55.789418], [37.600823, 55.789434], [37.601109, 55.789455], [37.60199, 55.789519], [37.602523, 55.789558], [37.602572, 55.789562], [37.603079, 55.789599], [37.603948, 55.789665], [37.604092, 55.789674], [37.604268, 55.789688], [37.604677, 55.789721], [37.604811, 55.78973], [37.605035, 55.789746], [37.605678, 55.789792], [37.605832, 55.7898], [37.606056, 55.789819], [37.608808, 55.790016], [37.609087, 55.790036], [37.60939, 55.790058], [37.609565, 55.79007], [37.609651, 55.790062], [37.609738, 55.790038], [37.609805, 55.790003], [37.609851, 55.789958], [37.609872, 55.789908], [37.609873, 55.78987], [37.609891, 55.78934], [37.609901, 55.789], [37.609907, 55.788827], [37.609915, 55.788596], [37.609918, 55.788498], [37.609918, 55.788493], [37.609919, 55.78848], [37.609921, 55.788469], [37.609921, 55.788458], [37.609919, 55.788447], [37.609915, 55.788437], [37.60991, 55.788426], [37.609903, 55.788416], [37.609903, 55.788408], [37.609903, 55.7884], [37.609905, 55.788384], [37.60991, 55.788368], [37.609916, 55.788353], [37.609919, 55.788349], [37.609926, 55.788337], [37.609937, 55.788323], [37.609946, 55.788313], [37.60995, 55.788309], [37.609966, 55.788295], [37.609983, 55.788283], [37.610002, 55.788271], [37.610023, 55.78826], [37.610045, 55.78825], [37.610069, 55.788241], [37.610078, 55.788239], [37.610094, 55.788234], [37.61012, 55.788227], [37.610136, 55.788224], [37.610147, 55.788222], [37.610174, 55.788218], [37.610202, 55.788215], [37.61023, 55.788214], [37.610824, 55.788236], [37.611533, 55.788254], [37.61166, 55.788259], [37.613449, 55.788341], [37.613607, 55.788347], [37.613774, 55.788356], [37.614592, 55.788397], [37.615586, 55.788447], [37.615972, 55.788467], [37.616448, 55.788491], [37.616636, 55.7885], [37.616931, 55.788512], [37.618284, 55.78857], [37.619095, 55.788599], [37.619141, 55.7886], [37.619779, 55.788623], [37.620216, 55.788639], [37.62032, 55.788643], [37.620495, 55.788648], [37.621807, 55.788696], [37.62216, 55.788709], [37.622349, 55.788716], [37.622399, 55.788717], [37.622462, 55.788718], [37.6225, 55.788719], [37.622649, 55.788723], [37.623266, 55.788739], [37.62372, 55.788753], [37.624277, 55.788769], [37.624379, 55.788772], [37.624553, 55.788775], [37.624624, 55.788777], [37.625354, 55.788793], [37.625361, 55.788793], [37.625605, 55.7888], [37.626497, 55.788823], [37.626565, 55.788825], [37.626921, 55.788832], [37.627134, 55.788837], [37.628089, 55.788862], [37.628434, 55.788871], [37.628533, 55.788874], [37.628873, 55.788884], [37.628948, 55.788888], [37.629061, 55.7889], [37.629188, 55.788918], [37.629403, 55.788962], [37.62941, 55.788964], [37.630052, 55.789154], [37.632112, 55.789774], [37.63225, 55.789815], [37.633151, 55.790058], [37.633214, 55.790079], [37.633262, 55.790098], [37.633273, 55.790103], [37.633342, 55.790144], [37.633391, 55.790188], [37.63343, 55.790226], [37.633434, 55.790234], [37.633461, 55.790276], [37.633467, 55.790287], [37.633481, 55.790325], [37.633482, 55.790407], [37.633401, 55.790897], [37.633381, 55.791018], [37.633318, 55.791395], [37.633314, 55.791456], [37.633332, 55.79153], [37.633358, 55.791622], [37.633368, 55.791655], [37.633513, 55.792173], [37.633537, 55.792252], [37.633581, 55.7923], [37.633648, 55.792333], [37.633765, 55.792363], [37.633912, 55.792393], [37.633975, 55.792424], [37.634042, 55.792485], [37.634059, 55.792546], [37.634045, 55.792704]]}, "properties": {"kind": "track", "route": 5, "direction": 0, "osm_id": 7556406, "from": "Белорусский вокзал", "to": "Метро «Рижская»"}}, {"type": "Feature", "geometry": {"type": "Point", "coordinates": [37.5835607, 55.7763827]}, "properties": {"kind": "stop", "route": 5, "direction": 0, "seq": 1, "osm_id": 5041552959, "name": "Белорусский вокзал"}}, {"type": "Feature", "geometry": {"type": "Point", "coordinates": [37.5866005, 55.7772017]}, "properties": {"kind": "stop", "route": 5, "direction": 0, "seq": 2, "osm_id": 6173481392, "name": "Метро «Белорусская»"}}, {"type": "Feature", "geometry": {"type": "Point", "coordinates": [37.5897182, 55.7792403]}, "properties": {"kind": "stop", "route": 5, "direction": 0, "seq": 3, "osm_id": 1927810164, "name": "ДК Зуева"}}, {"type": "Feature", "geometry": {"type": "Point", "coordinates": [37.5923727, 55.7809631]}, "properties": {"kind": "stop", "route": 5, "direction": 0, "seq": 4, "osm_id": 4291992645, "name": "Миусское депо"}}, {"type": "Feature", "geometry": {"type": "Point", "coordinates": [37.5965074, 55.7837955]}, "properties": {"kind": "stop", "route": 5, "direction": 0, "seq": 5, "osm_id": 4291992592, "name": "Лесная улица"}}, {"type": "Feature", "geometry": {"type": "Point", "coordinates": [37.6015668, 55.7856552]}, "properties": {"kind": "stop", "route": 5, "direction": 0, "seq": 6, "osm_id": 2631470110, "name": "Улица Палиха"}}, {"type": "Feature", "geometry": {"type": "Point", "coordinates": [37.6007055, 55.7876989]}, "properties": {"kind": "stop", "route": 5, "direction": 0, "seq": 7, "osm_id": 2631470111, "name": "Тихвинский переулок"}}, {"type": "Feature", "geometry": {"type": "Point", "coordinates": [37.6025232, 55.7895582]}, "properties": {"kind": "stop", "route": 5, "direction": 0, "seq": 8, "osm_id": 4291992590, "name": "Минаевский переулок"}}, {"type": "Feature", "geometry": {"type": "Point", "coordinates": [37.6050345, 55.7897464]}, "properties": {"kind": "stop", "route": 5, "direction": 0, "seq": 9, "osm_id": 2631470095, "name": "Дворец культуры МИИТ"}}, {"type": "Feature", "geometry": {"type": "Point", "coordinates": [37.6088081, 55.7900162]}, "properties": {"kind": "stop", "route": 5, "direction": 0, "seq": 10, "osm_id": 2631470113, "name": "Улица Образцова"}}, {"type": "Feature", "geometry": {"type": "Point", "coordinates": [37.6099015, 55.7889999]}, "properties": {"kind": "stop", "route": 5, "direction": 0, "seq": 11, "osm_id": 13388798128, "name": "МИИТ"}}, {"type": "Feature", "geometry": {"type": "Point", "coordinates": [37.6159725, 55.7884668]}, "properties": {"kind": "stop", "route": 5, "direction": 0, "seq": 12, "osm_id": 13388798145, "name": "Улица Советской Армии"}}, {"type": "Feature", "geometry": {"type": "Point", "coordinates": [37.6218067, 55.7886959]}, "properties": {"kind": "stop", "route": 5, "direction": 0, "seq": 13, "osm_id": 13388798143, "name": "Олимпийский проспект"}}, {"type": "Feature", "geometry": {"type": "Point", "coordinates": [37.6280894, 55.7888622]}, "properties": {"kind": "stop", "route": 5, "direction": 0, "seq": 14, "osm_id": 13388798139, "name": "Улица Щепкина"}}, {"type": "Feature", "geometry": {"type": "Point", "coordinates": [37.6334008, 55.790897]}, "properties": {"kind": "stop", "route": 5, "direction": 0, "seq": 15, "osm_id": 13388798133, "name": "Улица Гиляровского"}}, {"type": "Feature", "geometry": {"type": "Point", "coordinates": [37.6340445, 55.7927045]}, "properties": {"kind": "stop", "route": 5, "direction": 0, "seq": 16, "osm_id": 12888099756, "name": "Метро «Рижская»"}}, {"type": "Feature", "geometry": {"type": "LineString", "coordinates": [[37.634045, 55.792704], [37.634022, 55.792941], [37.63401, 55.79299], [37.63398, 55.793032], [37.633926, 55.793071], [37.633849, 55.793101], [37.63377, 55.79312], [37.633691, 55.793127], [37.633566, 55.793123], [37.633487, 55.793111], [37.633412, 55.793086], [37.633353, 55.793053], [37.633316, 55.793017], [37.633289, 55.792975], [37.633286, 55.792928], [37.633409, 55.792084], [37.633408, 55.792035], [37.633403, 55.79199], [37.633384, 55.791913], [37.633308, 55.791658], [37.633295, 55.791618], [37.633266, 55.791522], [37.63327, 55.791413], [37.63333, 55.791016], [37.633427, 55.790377], [37.633417, 55.790343], [37.633411, 55.790321], [37.633387, 55.790273], [37.633381, 55.790262], [37.633323, 55.790199], [37.633294, 55.790172], [37.633247, 55.790141], [37.633181, 55.790114], [37.633107, 55.790092], [37.632513, 55.789931], [37.63225, 55.78986], [37.632115, 55.789822], [37.632075, 55.78981], [37.631146, 55.789527], [37.630984, 55.789477], [37.62977, 55.789104], [37.6294, 55.78899], [37.629388, 55.788988], [37.62919, 55.788947], [37.629185, 55.788946], [37.629051, 55.788926], [37.628945, 55.788915], [37.62887, 55.788911], [37.628531, 55.788901], [37.626919, 55.788859], [37.626563, 55.788852], [37.626495, 55.78885], [37.625604, 55.788827], [37.62556, 55.788826], [37.62536, 55.78882], [37.624601, 55.788804], [37.624275, 55.788796], [37.623715, 55.78878], [37.623062, 55.788762], [37.622647, 55.78875], [37.6225, 55.788746], [37.622458, 55.788745], [37.622396, 55.788744], [37.622351, 55.788743], [37.622159, 55.788736], [37.620324, 55.788669], [37.620213, 55.788666], [37.619091, 55.788625], [37.618281, 55.788596], [37.617339, 55.788557], [37.616928, 55.788539], [37.616633, 55.788527], [37.616446, 55.788518], [37.615757, 55.788483], [37.614005, 55.788394], [37.613771, 55.788382], [37.613604, 55.788374], [37.613446, 55.788368], [37.612443, 55.788322], [37.612296, 55.788315], [37.611658, 55.788286], [37.611533, 55.788281], [37.610823, 55.788263], [37.610224, 55.788241], [37.610195, 55.788245], [37.610168, 55.78825], [37.610141, 55.788256], [37.610115, 55.788264], [37.610091, 55.788272], [37.610068, 55.788282], [37.610046, 55.788293], [37.610026, 55.788305], [37.610008, 55.788318], [37.609992, 55.788332], [37.609979, 55.788346], [37.609967, 55.788362], [37.609958, 55.788377], [37.609951, 55.788393], [37.609946, 55.788409], [37.609954, 55.78842], [37.609961, 55.788431], [37.609965, 55.788443], [37.609968, 55.788455], [37.609968, 55.788467], [37.609967, 55.788478], [37.609967, 55.788481], [37.609964, 55.78849], [37.609963, 55.788547], [37.60995, 55.788944], [37.609944, 55.789142], [37.609922, 55.789865], [37.60992, 55.78991], [37.609913, 55.789964], [37.609894, 55.789992], [37.609877, 55.790015], [37.609816, 55.790056], [37.609734, 55.790086], [37.609647, 55.790098], [37.609545, 55.790096], [37.609314, 55.790079], [37.608535, 55.790021], [37.608176, 55.789996], [37.607798, 55.789969], [37.607621, 55.789956], [37.607255, 55.78993], [37.606843, 55.789901], [37.606227, 55.789857], [37.60605, 55.789845], [37.604671, 55.789747], [37.604507, 55.789734], [37.60427, 55.789715], [37.604095, 55.789701], [37.603943, 55.789692], [37.603118, 55.789629], [37.60295, 55.789617], [37.601728, 55.789527], [37.601103, 55.789482], [37.600598, 55.789445], [37.600476, 55.789437], [37.600397, 55.789416], [37.600384, 55.789413], [37.600364, 55.789408], [37.600274, 55.789361], [37.600214, 55.789301], [37.600203, 55.789269], [37.60019, 55.789233], [37.600201, 55.789176], [37.600203, 55.789164], [37.600216, 55.789122], [37.600352, 55.788668], [37.600372, 55.7886], [37.600545, 55.788023], [37.600585, 55.787899], [37.600617, 55.7878], [37.600646, 55.787726], [37.600808, 55.787311], [37.600824, 55.787276], [37.601055, 55.78675], [37.601073, 55.786708], [37.601132, 55.786569], [37.601612, 55.785387], [37.60163, 55.785338], [37.601644, 55.785287], [37.60165, 55.785258], [37.601651, 55.785239], [37.601651, 55.785213], [37.601651, 55.785187], [37.601646, 55.785162], [37.601636, 55.785135], [37.601614, 55.785099], [37.601586, 55.785063], [37.601464, 55.78497], [37.601415, 55.784941], [37.601349, 55.784913], [37.601282, 55.784893], [37.601208, 55.784878], [37.600945, 55.784834], [37.600855, 55.784818], [37.600381, 55.78474], [37.59899, 55.784514], [37.598496, 55.784432], [37.598266, 55.784391], [37.597953, 55.784336], [37.597278, 55.784226], [37.59724, 55.78422], [37.597083, 55.784194], [37.597035, 55.784185], [37.596964, 55.784164], [37.59685, 55.784091], [37.596749, 55.784019], [37.596713, 55.783994], [37.5967, 55.783984], [37.5966, 55.783899], [37.596472, 55.783813], [37.596217, 55.783633], [37.595766, 55.783324], [37.592718, 55.781237], [37.592607, 55.78116], [37.592461, 55.781062], [37.592106, 55.780823], [37.590841, 55.779993], [37.590679, 55.779887], [37.590092, 55.779503], [37.590005, 55.779447], [37.589847, 55.779348], [37.589423, 55.779078], [37.589298, 55.778996], [37.58927, 55.778979], [37.588912, 55.778744], [37.588454, 55.778447], [37.588191, 55.778276], [37.58812, 55.778229], [37.588004, 55.778154], [37.587825, 55.778037], [37.587695, 55.777953], [37.587599, 55.77789], [37.586925, 55.777452], [37.586805, 55.777374], [37.586782, 55.777359], [37.586626, 55.77726], [37.586252, 55.777031], [37.585755, 55.776723], [37.585635, 55.776647], [37.585538, 55.776582], [37.585425, 55.776519], [37.585365, 55.776493], [37.585298, 55.776467], [37.5852, 55.776432], [37.585102, 55.776402], [37.585008, 55.776375], [37.584971, 55.776366], [37.584925, 55.776357], [37.584898, 55.776352], [37.58488, 55.776349], [37.584832, 55.776345], [37.5848, 55.776345], [37.584767, 55.776346], [37.584724, 55.776354], [37.584687, 55.776365], [37.584652, 55.776379], [37.584618, 55.776393], [37.584585, 55.776409], [37.584283, 55.776565], [37.584237, 55.776583], [37.584187, 55.776596], [37.584165, 55.7766], [37.584145, 55.776604], [37.584095, 55.77661], [37.584047, 55.776612], [37.583996, 55.776609], [37.583944, 55.776601], [37.583889, 55.776587], [37.58384, 55.776567], [37.583798, 55.776543], [37.583561, 55.776383]]}, "properties": {"kind": "track", "route": 5, "direction": 1, "osm_id": 15840810, "from": "Метро «Рижская»", "to": "Белорусский вокзал"}}, {"type": "Feature", "geometry": {"type": "Point", "coordinates": [37.6340445, 55.7927045]}, "properties": {"kind": "stop", "route": 5, "direction": 1, "seq": 1, "osm_id": 12888099756, "name": "Метро «Рижская»"}}, {"type": "Feature", "geometry": {"type": "Point", "coordinates": [37.6325128, 55.7899311]}, "properties": {"kind": "stop", "route": 5, "direction": 1, "seq": 2, "osm_id": 13388798136, "name": "Улица Гиляровского"}}, {"type": "Feature", "geometry": {"type": "Point", "coordinates": [37.6297698, 55.7891039]}, "properties": {"kind": "stop", "route": 5, "direction": 1, "seq": 3, "osm_id": 13388798137, "name": "Улица Щепкина"}}, {"type": "Feature", "geometry": {"type": "Point", "coordinates": [37.6230618, 55.788762]}, "properties": {"kind": "stop", "route": 5, "direction": 1, "seq": 4, "osm_id": 13388798141, "name": "Олимпийский проспект"}}, {"type": "Feature", "geometry": {"type": "Point", "coordinates": [37.6173386, 55.7885567]}, "properties": {"kind": "stop", "route": 5, "direction": 1, "seq": 5, "osm_id": 13388798144, "name": "Улица Советской Армии"}}, {"type": "Feature", "geometry": {"type": "Point", "coordinates": [37.6099502, 55.7889435]}, "properties": {"kind": "stop", "route": 5, "direction": 1, "seq": 6, "osm_id": 13388798130, "name": "МИИТ"}}, {"type": "Feature", "geometry": {"type": "Point", "coordinates": [37.6093138, 55.790079]}, "properties": {"kind": "stop", "route": 5, "direction": 1, "seq": 7, "osm_id": 2631470114, "name": "Улица Образцова"}}, {"type": "Feature", "geometry": {"type": "Point", "coordinates": [37.6045073, 55.7897343]}, "properties": {"kind": "stop", "route": 5, "direction": 1, "seq": 8, "osm_id": 2631470097, "name": "Дворец культуры МИИТ"}}, {"type": "Feature", "geometry": {"type": "Point", "coordinates": [37.6011028, 55.7894817]}, "properties": {"kind": "stop", "route": 5, "direction": 1, "seq": 9, "osm_id": 2631470108, "name": "Минаевский переулок"}}, {"type": "Feature", "geometry": {"type": "Point", "coordinates": [37.6005454, 55.7880228]}, "properties": {"kind": "stop", "route": 5, "direction": 1, "seq": 10, "osm_id": 2631470112, "name": "Тихвинский переулок"}}, {"type": "Feature", "geometry": {"type": "Point", "coordinates": [37.6003807, 55.7847403]}, "properties": {"kind": "stop", "route": 5, "direction": 1, "seq": 11, "osm_id": 4291992598, "name": "Улица Палиха"}}, {"type": "Feature", "geometry": {"type": "Point", "coordinates": [37.5962169, 55.7836325]}, "properties": {"kind": "stop", "route": 5, "direction": 1, "seq": 12, "osm_id": 4291989485, "name": "Лесная улица"}}, {"type": "Feature", "geometry": {"type": "Point", "coordinates": [37.5921057, 55.780823]}, "properties": {"kind": "stop", "route": 5, "direction": 1, "seq": 13, "osm_id": 6180449287, "name": "Миусское депо"}}, {"type": "Feature", "geometry": {"type": "Point", "coordinates": [37.5892979, 55.7789959]}, "properties": {"kind": "stop", "route": 5, "direction": 1, "seq": 14, "osm_id": 1927810165, "name": "ДК Зуева"}}, {"type": "Feature", "geometry": {"type": "Point", "coordinates": [37.5862523, 55.7770315]}, "properties": {"kind": "stop", "route": 5, "direction": 1, "seq": 15, "osm_id": 6173481393, "name": "Метро «Белорусская»"}}, {"type": "Feature", "geometry": {"type": "Point", "coordinates": [37.5835607, 55.7763827]}, "properties": {"kind": "stop", "route": 5, "direction": 1, "seq": 16, "osm_id": 5041552959, "name": "Белорусский вокзал"}}, {"type": "Feature", "geometry": {"type": "LineString", "coordinates": [[37.583561, 55.776383], [37.583335, 55.776225], [37.583294, 55.776191], [37.583268, 55.776163], [37.583252, 55.776129], [37.583247, 55.776091], [37.583252, 55.776045], [37.583265, 55.776009], [37.583293, 55.775976], [37.583327, 55.775948], [37.583365, 55.775925], [37.583431, 55.775895], [37.583508, 55.77587], [37.583606, 55.775847], [37.583683, 55.775832], [37.583775, 55.775825], [37.583868, 55.775826], [37.583961, 55.775831], [37.584004, 55.775837], [37.584053, 55.775849], [37.58411, 55.775867], [37.584122, 55.775873], [37.584168, 55.775894], [37.584739, 55.776243], [37.584766, 55.77626], [37.584793, 55.776275], [37.584835, 55.776293], [37.584849, 55.776298], [37.584891, 55.776314], [37.584908, 55.776319], [37.584972, 55.776339], [37.585041, 55.776358], [37.585139, 55.776387], [37.585228, 55.776416], [37.585321, 55.776451], [37.585389, 55.776478], [37.585453, 55.776505], [37.585568, 55.776566], [37.58567, 55.776626], [37.585802, 55.776708], [37.586601, 55.777202], [37.586665, 55.777238], [37.58682, 55.777337], [37.586843, 55.777352], [37.586964, 55.77743], [37.587641, 55.77787], [37.587736, 55.777932], [37.587869, 55.778018], [37.588045, 55.778132], [37.588162, 55.778208], [37.588234, 55.778255], [37.588505, 55.778431], [37.588757, 55.778598], [37.589146, 55.778856], [37.58948, 55.779082], [37.589718, 55.77924], [37.589876, 55.779334], [37.590028, 55.779428], [37.590125, 55.779486], [37.590713, 55.779871], [37.590875, 55.779977], [37.592373, 55.780963], [37.592496, 55.781044], [37.592635, 55.781136], [37.592752, 55.781217], [37.595798, 55.783308], [37.596507, 55.783795], [37.596621, 55.78388], [37.596736, 55.783969], [37.596758, 55.783986], [37.596809, 55.784025], [37.596869, 55.784071], [37.596986, 55.784142], [37.597054, 55.784162], [37.597103, 55.78417], [37.597258, 55.784195], [37.597317, 55.784205], [37.597703, 55.784268], [37.597974, 55.784312], [37.598419, 55.784385], [37.599107, 55.784497], [37.599502, 55.784562], [37.599535, 55.784568], [37.599932, 55.784633], [37.600959, 55.784803], [37.601105, 55.784828], [37.601222, 55.784847], [37.601304, 55.784865], [37.601346, 55.784877], [37.601379, 55.784888], [37.601452, 55.784918], [37.601505, 55.784948], [37.60163, 55.785044], [37.601671, 55.785073], [37.60172, 55.785103], [37.601766, 55.785123], [37.601808, 55.785136], [37.601872, 55.785153], [37.601895, 55.785157], [37.601952, 55.785166], [37.602101, 55.785181], [37.60223, 55.78519], [37.602721, 55.785225], [37.602862, 55.785236], [37.603584, 55.785285], [37.60373, 55.785293], [37.603912, 55.785303], [37.604125, 55.785313], [37.604339, 55.785322], [37.604432, 55.785322], [37.604517, 55.785315], [37.60458, 55.7853], [37.604667, 55.78528], [37.604696, 55.785267], [37.60474, 55.785247], [37.60476, 55.785238], [37.604804, 55.785217], [37.605224, 55.785015], [37.605501, 55.784883], [37.605541, 55.784864], [37.605641, 55.784816], [37.605661, 55.784806], [37.605705, 55.78479], [37.60618, 55.784596], [37.606242, 55.784572], [37.60635, 55.784535], [37.606785, 55.784381], [37.60691, 55.784338], [37.607033, 55.784295], [37.60709, 55.784275], [37.607255, 55.784217], [37.607845, 55.784014], [37.608043, 55.783947], [37.608278, 55.783865], [37.608722, 55.783711], [37.608882, 55.783655], [37.609314, 55.783505], [37.609727, 55.783373], [37.610062, 55.783271], [37.610444, 55.783144], [37.610732, 55.783048], [37.610768, 55.783036], [37.610878, 55.782999], [37.61093, 55.782975], [37.610964, 55.782948], [37.610976, 55.782936], [37.610987, 55.78291], [37.610992, 55.782874], [37.61096, 55.78283], [37.610911, 55.782784], [37.61088, 55.782755], [37.610498, 55.782401], [37.609977, 55.781913], [37.609915, 55.78185], [37.609547, 55.781503], [37.609191, 55.781166], [37.60915, 55.78113], [37.60908, 55.781069], [37.609037, 55.781031], [37.608959, 55.780963], [37.60881, 55.780831], [37.608808, 55.78083], [37.608794, 55.780808], [37.608786, 55.780773], [37.608789, 55.780745], [37.608792, 55.780714], [37.608825, 55.780672], [37.608859, 55.780634], [37.608902, 55.780585], [37.609007, 55.780513], [37.609268, 55.780376], [37.609308, 55.78036], [37.609355, 55.780343], [37.609646, 55.780268], [37.609766, 55.780243], [37.610146, 55.780161], [37.610357, 55.780119], [37.611051, 55.779978], [37.611714, 55.779853], [37.6119, 55.779818], [37.612038, 55.779793], [37.612227, 55.779758], [37.612297, 55.779746], [37.612324, 55.779738], [37.61236, 55.779728], [37.612424, 55.779707], [37.612673, 55.779609], [37.612735, 55.779572], [37.612856, 55.779501], [37.613155, 55.779343], [37.613248, 55.779293], [37.613319, 55.779261], [37.613443, 55.779205], [37.61345, 55.779202], [37.613598, 55.779157], [37.613634, 55.779146], [37.614024, 55.779057], [37.61418, 55.779029], [37.615037, 55.778872], [37.616205, 55.778658], [37.616284, 55.778643], [37.616295, 55.778641], [37.616987, 55.778521], [37.617291, 55.778468], [37.617333, 55.778461], [37.617382, 55.778455], [37.617428, 55.778451], [37.617476, 55.778448], [37.617485, 55.778448], [37.617523, 55.778449], [37.617568, 55.778451], [37.617615, 55.778454], [37.617657, 55.778458], [37.617795, 55.778473], [37.617994, 55.778495], [37.618078, 55.778504], [37.618201, 55.778517], [37.618255, 55.778525], [37.618305, 55.778535], [37.618355, 55.778548], [37.618394, 55.778559], [37.618438, 55.778575], [37.618478, 55.778592], [37.618521, 55.778614], [37.618551, 55.778631], [37.618619, 55.778679], [37.619267, 55.779133], [37.619743, 55.779468], [37.620127, 55.779737], [37.620206, 55.779793], [37.620244, 55.779818], [37.620281, 55.779838], [37.620313, 55.779854], [37.620352, 55.779868], [37.62036, 55.77987], [37.620394, 55.779879], [37.62044, 55.779888], [37.620493, 55.779895], [37.620543, 55.779898], [37.62059, 55.779896], [37.620638, 55.77989], [37.620655, 55.779887], [37.620685, 55.77988], [37.62073, 55.779867], [37.620813, 55.779834], [37.621206, 55.77968], [37.621343, 55.779627], [37.621411, 55.7796], [37.621548, 55.779547], [37.621638, 55.779515], [37.621755, 55.779473], [37.621866, 55.779437], [37.622127, 55.779353], [37.622307, 55.779297], [37.622384, 55.779273], [37.62246, 55.779249], [37.622612, 55.779198], [37.622674, 55.779178], [37.622777, 55.779144], [37.623293, 55.77904], [37.62361, 55.778973], [37.623723, 55.778951], [37.624007, 55.778897], [37.624309, 55.778838], [37.624697, 55.778763], [37.625548, 55.778597], [37.625978, 55.778513], [37.626148, 55.77848], [37.626656, 55.778382], [37.626924, 55.778349], [37.627192, 55.778325], [37.627438, 55.778308], [37.627811, 55.778302], [37.628097, 55.778304], [37.628228, 55.778306], [37.628768, 55.77831], [37.629038, 55.778312], [37.629139, 55.778315], [37.629198, 55.778313], [37.629579, 55.778313], [37.62981, 55.778313], [37.630198, 55.778314], [37.630372, 55.778315], [37.630453, 55.778319], [37.630498, 55.778321], [37.63055, 55.778328], [37.630607, 55.778344], [37.630684, 55.778381], [37.630715, 55.778415], [37.63073, 55.778453], [37.630742, 55.778504], [37.630755, 55.778573], [37.630778, 55.778706], [37.630905, 55.779295], [37.630955, 55.779524], [37.631008, 55.779709], [37.631028, 55.779778], [37.631071, 55.779928], [37.63115, 55.780178], [37.631211, 55.780374], [37.63123, 55.780432], [37.63129, 55.780567], [37.631305, 55.780595], [37.631324, 55.780622], [37.631357, 55.780652], [37.631393, 55.780672], [37.631426, 55.780688], [37.631479, 55.78071], [37.631564, 55.780727], [37.631669, 55.780739], [37.631757, 55.780736], [37.631818, 55.780728], [37.631855, 55.78072], [37.631968, 55.780694], [37.632375, 55.780614], [37.63258, 55.780573], [37.632663, 55.780556], [37.632764, 55.780541], [37.632906, 55.780524], [37.632979, 55.780521], [37.633134, 55.780513], [37.633349, 55.780504], [37.633562, 55.780494], [37.633809, 55.780467], [37.634028, 55.780444], [37.634384, 55.780406], [37.634589, 55.780384], [37.635491, 55.78029], [37.636094, 55.780226], [37.636662, 55.780166], [37.637306, 55.780097], [37.637735, 55.780053], [37.637883, 55.780038], [37.638649, 55.779958], [37.639392, 55.779881], [37.63998, 55.77982], [37.640142, 55.779803], [37.64101, 55.779716], [37.64113, 55.779704], [37.641281, 55.77969], [37.641378, 55.779683], [37.641477, 55.779681], [37.641594, 55.779682], [37.642043, 55.779685], [37.642573, 55.779688], [37.642768, 55.779689], [37.643203, 55.779692], [37.643674, 55.779697], [37.643852, 55.7797], [37.643881, 55.779703], [37.644297, 55.779726], [37.644647, 55.779756], [37.644718, 55.779755], [37.644787, 55.779745], [37.644853, 55.779725], [37.644975, 55.779655], [37.645109, 55.779566], [37.645425, 55.779353], [37.646203, 55.778839], [37.646819, 55.778416], [37.647456, 55.778005], [37.648282, 55.777464], [37.648399, 55.777344], [37.648534, 55.777185], [37.648877, 55.776783], [37.648938, 55.776709], [37.648984, 55.776653], [37.649116, 55.77653], [37.649268, 55.776428], [37.649467, 55.776316], [37.649943, 55.776035], [37.64999, 55.776005], [37.650312, 55.775798], [37.650931, 55.775398], [37.65155, 55.774998], [37.651572, 55.774984], [37.65169, 55.774915], [37.651949, 55.774752], [37.652022, 55.774708], [37.652082, 55.774664], [37.65215, 55.774626], [37.652245, 55.774581], [37.65237, 55.77454], [37.65243, 55.774521], [37.652463, 55.774512], [37.652505, 55.774506], [37.65256, 55.774503], [37.652599, 55.774502], [37.65264, 55.774502], [37.652679, 55.774507], [37.652706, 55.774513], [37.652764, 55.774526], [37.653156, 55.774632], [37.653471, 55.774717], [37.653541, 55.774738], [37.653574, 55.774747], [37.653597, 55.774755], [37.653635, 55.774767], [37.653674, 55.774783], [37.653753, 55.774816], [37.65415, 55.774972], [37.654246, 55.775007], [37.654327, 55.775033], [37.654429, 55.775059], [37.654532, 55.77508], [37.655516, 55.775277], [37.655963, 55.775365], [37.656326, 55.775437], [37.656694, 55.775519], [37.656815, 55.775549], [37.656926, 55.775583], [37.657029, 55.775617], [37.657182, 55.775668], [37.658048, 55.775953], [37.658174, 55.775994], [37.658224, 55.776012], [37.658265, 55.776027], [37.658575, 55.776135], [37.658635, 55.776161], [37.658842, 55.776249], [37.659166, 55.77639], [37.660574, 55.777042], [37.662651, 55.77799], [37.662973, 55.778139], [37.663188, 55.77824], [37.663799, 55.7785], [37.664054, 55.778602], [37.66466, 55.778844], [37.665607, 55.779227], [37.665788, 55.779299], [37.665806, 55.779307], [37.665996, 55.779382], [37.666193, 55.779463], [37.666361, 55.779554], [37.666471, 55.779604], [37.66649, 55.779614], [37.66883, 55.780786], [37.669499, 55.781121], [37.670063, 55.78143], [37.670259, 55.781536], [37.670312, 55.781567], [37.67054, 55.781701], [37.672774, 55.782992], [37.672857, 55.78304], [37.673282, 55.783287], [37.674492, 55.783974], [37.674726, 55.784113], [37.674878, 55.784217], [37.675025, 55.784337], [37.675146, 55.784452], [37.675248, 55.784569], [37.675396, 55.784806], [37.675483, 55.784959], [37.675523, 55.785014], [37.675587, 55.785102], [37.67578, 55.785308], [37.675802, 55.785327], [37.675874, 55.785392], [37.675907, 55.785421], [37.676296, 55.785763], [37.676428, 55.785872], [37.676514, 55.785937], [37.676728, 55.786101], [37.679082, 55.78791], [37.67973, 55.788415], [37.679802, 55.788467], [37.680089, 55.788672], [37.680366, 55.788887], [37.680481, 55.788976], [37.680655, 55.789089], [37.68079, 55.789164], [37.681007, 55.789285], [37.681906, 55.789662], [37.682042, 55.789711], [37.682086, 55.789727], [37.682372, 55.789829], [37.682466, 55.789863], [37.682493, 55.789871], [37.686619, 55.79145], [37.687024, 55.791605], [37.687084, 55.791628], [37.687205, 55.791674], [37.687283, 55.791704], [37.68739, 55.791745], [37.687507, 55.791789], [37.691189, 55.793234], [37.691327, 55.793284], [37.69162, 55.79338], [37.691981, 55.79346], [37.69234, 55.793515], [37.692919, 55.793604], [37.693888, 55.793751], [37.694753, 55.793882], [37.695128, 55.793938], [37.69698, 55.7942], [37.698285, 55.794363], [37.698544, 55.794396], [37.698713, 55.794418], [37.699191, 55.794474], [37.69947, 55.794509], [37.700141, 55.794589], [37.701282, 55.794711], [37.702966, 55.794894], [37.704628, 55.795098], [37.705484, 55.795219], [37.705751, 55.795218], [37.705993, 55.795218], [37.706127, 55.795217], [37.707165, 55.795207], [37.707963, 55.795203], [37.708362, 55.795199], [37.708683, 55.795196], [37.708864, 55.795195], [37.709606, 55.795186], [37.709961, 55.795181], [37.710038, 55.79518], [37.710332, 55.795186], [37.710432, 55.795189], [37.710586, 55.795192], [37.710809, 55.795203], [37.710963, 55.795214], [37.711241, 55.795242], [37.711404, 55.795264], [37.711831, 55.795339], [37.713671, 55.795705], [37.71389, 55.795747], [37.713967, 55.795761], [37.714051, 55.795782], [37.714131, 55.795803], [37.714195, 55.795827], [37.714221, 55.795842], [37.714272, 55.795865], [37.714303, 55.795889], [37.714326, 55.795906], [37.714347, 55.79593], [37.714367, 55.795951], [37.714377, 55.795968], [37.714396, 55.796], [37.71441, 55.79605], [37.714411, 55.796101], [37.714397, 55.796249], [37.71439, 55.796325], [37.71438, 55.796421], [37.714363, 55.796614], [37.714357, 55.796683], [37.714359, 55.796739], [37.714365, 55.796783], [37.714381, 55.796829], [37.71441, 55.796876], [37.71445, 55.796922], [37.714509, 55.79697], [37.714729, 55.79712], [37.714799, 55.797175], [37.714846, 55.797224], [37.714886, 55.797273], [37.714912, 55.797323], [37.714923, 55.797365], [37.71492, 55.797412], [37.714908, 55.797462], [37.714884, 55.797513], [37.714841, 55.797574], [37.714717, 55.797721], [37.714417, 55.79808], [37.713524, 55.799177], [37.713517, 55.799186], [37.713119, 55.799657], [37.713023, 55.799779], [37.712877, 55.799965], [37.71269, 55.800189], [37.712432, 55.800516], [37.712241, 55.800724], [37.711896, 55.800981], [37.711588, 55.801175], [37.711353, 55.801322], [37.711283, 55.801366], [37.711258, 55.801381], [37.711168, 55.801435], [37.710854, 55.801625], [37.710338, 55.801941], [37.709243, 55.80261], [37.708917, 55.802812], [37.708769, 55.802904], [37.708113, 55.803326], [37.707966, 55.803424], [37.707813, 55.803542], [37.707658, 55.803705], [37.707592, 55.803809], [37.707555, 55.80391], [37.707468, 55.80413], [37.707442, 55.804196], [37.707298, 55.804567], [37.707251, 55.804698], [37.707196, 55.80485], [37.707163, 55.804953], [37.706955, 55.805515], [37.706427, 55.806848], [37.706356, 55.807006], [37.706211, 55.80733], [37.706066, 55.807664], [37.706029, 55.807772], [37.70601, 55.80783], [37.705849, 55.808298], [37.705781, 55.808514], [37.705752, 55.808611], [37.705734, 55.808671], [37.705655, 55.808788], [37.705408, 55.80897], [37.705271, 55.809063], [37.704993, 55.809245], [37.704372, 55.809641], [37.703934, 55.809907], [37.70349, 55.810184], [37.703246, 55.81033], [37.703066, 55.810435], [37.703029, 55.810455], [37.702704, 55.810631], [37.70241, 55.810764], [37.701993, 55.810938], [37.701388, 55.81117], [37.701136, 55.811254], [37.700364, 55.811513], [37.700122, 55.811599], [37.699754, 55.811728], [37.699358, 55.811867], [37.698905, 55.812027], [37.698035, 55.81235], [37.697888, 55.812405], [37.697855, 55.812417], [37.697573, 55.812535], [37.697426, 55.812604], [37.697215, 55.81272], [37.696925, 55.812912], [37.696834, 55.812987], [37.695813, 55.813828], [37.695749, 55.813881], [37.695685, 55.813935], [37.69554, 55.814056], [37.695305, 55.814258], [37.69522, 55.814332], [37.695159, 55.814403], [37.695143, 55.814462], [37.695187, 55.814529], [37.695262, 55.814586], [37.695316, 55.814628], [37.696049, 55.815051], [37.696409, 55.815265], [37.696769, 55.815479], [37.697278, 55.815652], [37.697685, 55.815771], [37.697729, 55.815784], [37.697746, 55.815789], [37.698449, 55.815962], [37.698747, 55.816036], [37.698758, 55.816039], [37.699062, 55.816133], [37.699619, 55.816305], [37.699751, 55.816345], [37.700611, 55.81664], [37.700886, 55.816742], [37.700903, 55.816748], [37.701004, 55.816837], [37.70118, 55.816992], [37.701262, 55.817067], [37.701275, 55.817079], [37.701617, 55.817398], [37.701856, 55.817518], [37.701875, 55.817528], [37.702149, 55.817664], [37.70216, 55.817671], [37.702875, 55.818065], [37.702884, 55.818071], [37.703244, 55.818269], [37.703442, 55.818378], [37.703663, 55.818483], [37.703877, 55.818584], [37.704032, 55.818628], [37.704608, 55.818794], [37.704944, 55.818857], [37.705146, 55.818895], [37.705188, 55.818903], [37.705294, 55.818922], [37.706147, 55.819082], [37.706378, 55.819126], [37.706786, 55.819193], [37.70693, 55.819218], [37.708135, 55.819411], [37.70952, 55.819633], [37.709845, 55.819685], [37.709958, 55.819704], [37.710193, 55.819743], [37.710403, 55.819779], [37.710495, 55.819792], [37.710943, 55.819854], [37.711067, 55.819871], [37.711164, 55.819882], [37.711273, 55.819885], [37.711305, 55.819883], [37.711382, 55.819878], [37.711485, 55.81986], [37.711618, 55.819829], [37.71268, 55.819582], [37.713124, 55.819478], [37.713189, 55.819458], [37.713264, 55.819435], [37.713312, 55.81942], [37.714112, 55.819172], [37.714238, 55.819138], [37.714524, 55.819013], [37.714589, 55.818984], [37.715476, 55.818593], [37.715667, 55.818511], [37.715687, 55.818502], [37.715844, 55.818433], [37.715976, 55.818375], [37.716213, 55.818274], [37.717435, 55.817754], [37.718793, 55.817175], [37.718942, 55.817112], [37.719005, 55.817091], [37.719073, 55.817076], [37.719145, 55.817067], [37.719219, 55.817065], [37.719292, 55.817069], [37.719363, 55.81708], [37.71943, 55.817098], [37.71949, 55.817121], [37.719568, 55.817172], [37.720749, 55.817946], [37.721019, 55.818121], [37.721151, 55.818212], [37.721167, 55.818224], [37.721254, 55.818252], [37.721348, 55.818272], [37.721363, 55.818274], [37.721446, 55.818284], [37.721547, 55.818287], [37.721647, 55.818281], [37.721744, 55.818266], [37.722127, 55.818165], [37.722795, 55.81798], [37.723727, 55.817717], [37.725986, 55.817088], [37.726293, 55.817005], [37.726426, 55.816966], [37.726541, 55.816934], [37.72941, 55.81615], [37.731316, 55.815616], [37.732, 55.815424], [37.732321, 55.815325], [37.732342, 55.815319], [37.732441, 55.815261], [37.732848, 55.81502], [37.732956, 55.814982], [37.733823, 55.814501], [37.734243, 55.814266]]}, "properties": {"kind": "track", "route": 7, "direction": 0, "osm_id": 556900, "from": "Белорусский вокзал", "to": "Метро «Бульвар Рокоссовского»"}}, {"type": "Feature", "geometry": {"type": "Point", "coordinates": [37.5835607, 55.7763827]}, "properties": {"kind": "stop", "route": 7, "direction": 0, "seq": 1, "osm_id": 5041552959, "name": "Белорусский вокзал"}}, {"type": "Feature", "geometry": {"type": "Point", "coordinates": [37.5866005, 55.7772017]}, "properties": {"kind": "stop", "route": 7, "direction": 0, "seq": 2, "osm_id": 6173481392, "name": "Метро «Белорусская»"}}, {"type": "Feature", "geometry": {"type": "Point", "coordinates": [37.5897182, 55.7792403]}, "properties": {"kind": "stop", "route": 7, "direction": 0, "seq": 3, "osm_id": 1927810164, "name": "ДК Зуева"}}, {"type": "Feature", "geometry": {"type": "Point", "coordinates": [37.5923727, 55.7809631]}, "properties": {"kind": "stop", "route": 7, "direction": 0, "seq": 4, "osm_id": 4291992645, "name": "Миусское депо"}}, {"type": "Feature", "geometry": {"type": "Point", "coordinates": [37.5965074, 55.7837955]}, "properties": {"kind": "stop", "route": 7, "direction": 0, "seq": 5, "osm_id": 4291992592, "name": "Лесная улица"}}, {"type": "Feature", "geometry": {"type": "Point", "coordinates": [37.6027211, 55.7852254]}, "properties": {"kind": "stop", "route": 7, "direction": 0, "seq": 6, "osm_id": 1257401467, "name": "Улица Палиха"}}, {"type": "Feature", "geometry": {"type": "Point", "coordinates": [37.6069101, 55.7843377]}, "properties": {"kind": "stop", "route": 7, "direction": 0, "seq": 7, "osm_id": 12464935104, "name": "Площадь Борьбы"}}, {"type": "Feature", "geometry": {"type": "Point", "coordinates": [37.6104435, 55.783144]}, "properties": {"kind": "stop", "route": 7, "direction": 0, "seq": 8, "osm_id": 3007312924, "name": "Улица Достоевского"}}, {"type": "Feature", "geometry": {"type": "Point", "coordinates": [37.6091909, 55.7811663]}, "properties": {"kind": "stop", "route": 7, "direction": 0, "seq": 9, "osm_id": 3016721033, "name": "Селезнёвская улица"}}, {"type": "Feature", "geometry": {"type": "Point", "coordinates": [37.6128558, 55.7795009]}, "properties": {"kind": "stop", "route": 7, "direction": 0, "seq": 10, "osm_id": 473120396, "name": "4-й Самотёчный переулок"}}, {"type": "Feature", "geometry": {"type": "Point", "coordinates": [37.6169873, 55.778521]}, "properties": {"kind": "stop", "route": 7, "direction": 0, "seq": 11, "osm_id": 473120397, "name": "Самотёчная улица"}}, {"type": "Feature", "geometry": {"type": "Point", "coordinates": [37.6232933, 55.7790401]}, "properties": {"kind": "stop", "route": 7, "direction": 0, "seq": 12, "osm_id": 3016214896, "name": "Театр зверей имени Дурова"}}, {"type": "Feature", "geometry": {"type": "Point", "coordinates": [37.6298101, 55.7783133]}, "properties": {"kind": "stop", "route": 7, "direction": 0, "seq": 13, "osm_id": 473120399, "name": "Улица Щепкина"}}, {"type": "Feature", "geometry": {"type": "Point", "coordinates": [37.6323751, 55.7806137]}, "properties": {"kind": "stop", "route": 7, "direction": 0, "seq": 14, "osm_id": 4656724435, "name": "Метро «Проспект Мира»"}}, {"type": "Feature", "geometry": {"type": "Point", "coordinates": [37.6343838, 55.7804065]}, "properties": {"kind": "stop", "route": 7, "direction": 0, "seq": 15, "osm_id": 473120401, "name": "Метро «Проспект Мира»"}}, {"type": "Feature", "geometry": {"type": "Point", "coordinates": [37.6399804, 55.7798197]}, "properties": {"kind": "stop", "route": 7, "direction": 0, "seq": 16, "osm_id": 473120402, "name": "Ботанический переулок"}}, {"type": "Feature", "geometry": {"type": "Point", "coordinates": [37.6420429, 55.7796845]}, "properties": {"kind": "stop", "route": 7, "direction": 0, "seq": 17, "osm_id": 4291989484, "name": "Астраханский переулок"}}, {"type": "Feature", "geometry": {"type": "Point", "coordinates": [37.6454248, 55.7793525]}, "properties": {"kind": "stop", "route": 7, "direction": 0, "seq": 18, "osm_id": 473120404, "name": "Пантелеевская улица"}}, {"type": "Feature", "geometry": {"type": "Point", "coordinates": [37.650312, 55.7757977]}, "properties": {"kind": "stop", "route": 7, "direction": 0, "seq": 19, "osm_id": 11987259526, "name": "Каланчёвская улица"}}, {"type": "Feature", "geometry": {"type": "Point", "coordinates": [37.6531564, 55.7746318]}, "properties": {"kind": "stop", "route": 7, "direction": 0, "seq": 20, "osm_id": 13134322144, "name": "МЦД Площадь трёх вокзалов"}}, {"type": "Feature", "geometry": {"type": "Point", "coordinates": [37.6555161, 55.7752772]}, "properties": {"kind": "stop", "route": 7, "direction": 0, "seq": 21, "osm_id": 471943151, "name": "Метро «Комсомольская»"}}, {"type": "Feature", "geometry": {"type": "Point", "coordinates": [37.665607, 55.7792274]}, "properties": {"kind": "stop", "route": 7, "direction": 0, "seq": 22, "osm_id": 471943152, "name": "Метро «Красносельская»"}}, {"type": "Feature", "geometry": {"type": "Point", "coordinates": [37.6705396, 55.7817007]}, "properties": {"kind": "stop", "route": 7, "direction": 0, "seq": 23, "osm_id": 1992978967, "name": "Леснорядская улица"}}, {"type": "Feature", "geometry": {"type": "Point", "coordinates": [37.6758022, 55.7853273]}, "properties": {"kind": "stop", "route": 7, "direction": 0, "seq": 24, "osm_id": 3599958536, "name": "МЦД Митьково"}}, {"type": "Feature", "geometry": {"type": "Point", "coordinates": [37.6810069, 55.7892854]}, "properties": {"kind": "stop", "route": 7, "direction": 0, "seq": 25, "osm_id": 1992979018, "name": "Метро «Сокольники»"}}, {"type": "Feature", "geometry": {"type": "Point", "coordinates": [37.6866194, 55.79145]}, "properties": {"kind": "stop", "route": 7, "direction": 0, "seq": 26, "osm_id": 1984517976, "name": "Клуб Русакова - Сцена «Мельников»"}}, {"type": "Feature", "geometry": {"type": "Point", "coordinates": [37.6911894, 55.7932342]}, "properties": {"kind": "stop", "route": 7, "direction": 0, "seq": 27, "osm_id": 1984518151, "name": "Малая Остроумовская улица"}}, {"type": "Feature", "geometry": {"type": "Point", "coordinates": [37.6982848, 55.7943627]}, "properties": {"kind": "stop", "route": 7, "direction": 0, "seq": 28, "osm_id": 1984518163, "name": "Трамвайное депо имени Русакова"}}, {"type": "Feature", "geometry": {"type": "Point", "coordinates": [37.7099613, 55.7951809]}, "properties": {"kind": "stop", "route": 7, "direction": 0, "seq": 29, "osm_id": 1984518195, "name": "Преображенская площадь"}}, {"type": "Feature", "geometry": {"type": "Point", "coordinates": [37.7147987, 55.7971751]}, "properties": {"kind": "stop", "route": 7, "direction": 0, "seq": 30, "osm_id": 1984681607, "name": "Метро «Преображенская площадь»"}}, {"type": "Feature", "geometry": {"type": "Point", "coordinates": [37.7126904, 55.8001894]}, "properties": {"kind": "stop", "route": 7, "direction": 0, "seq": 31, "osm_id": 1984681624, "name": "Улица Хромова"}}, {"type": "Feature", "geometry": {"type": "Point", "coordinates": [37.7072979, 55.8045675]}, "properties": {"kind": "stop", "route": 7, "direction": 0, "seq": 32, "osm_id": 1984681574, "name": "Мосгорсуд"}}, {"type": "Feature", "geometry": {"type": "Point", "coordinates": [37.7064271, 55.8068477]}, "properties": {"kind": "stop", "route": 7, "direction": 0, "seq": 33, "osm_id": 1984681580, "name": "Телерадиокомпания «Мир»"}}, {"type": "Feature", "geometry": {"type": "Point", "coordinates": [37.7039343, 55.8099066]}, "properties": {"kind": "stop", "route": 7, "direction": 0, "seq": 34, "osm_id": 1984682066, "name": "1-я Прогонная улица"}}, {"type": "Feature", "geometry": {"type": "Point", "coordinates": [37.6975726, 55.8125354]}, "properties": {"kind": "stop", "route": 7, "direction": 0, "seq": 35, "osm_id": 1984681646, "name": "Инновационный университет"}}, {"type": "Feature", "geometry": {"type": "Point", "coordinates": [37.6960486, 55.8150507]}, "properties": {"kind": "stop", "route": 7, "direction": 0, "seq": 36, "osm_id": 1984653753, "name": "Богородский храм"}}, {"type": "Feature", "geometry": {"type": "Point", "coordinates": [37.7006106, 55.8166403]}, "properties": {"kind": "stop", "route": 7, "direction": 0, "seq": 37, "osm_id": 1984653757, "name": "Богородское"}}, {"type": "Feature", "geometry": {"type": "Point", "coordinates": [37.7049436, 55.8188569]}, "properties": {"kind": "stop", "route": 7, "direction": 0, "seq": 38, "osm_id": 1984653783, "name": "Ланинский переулок"}}, {"type": "Feature", "geometry": {"type": "Point", "coordinates": [37.7101928, 55.8197433]}, "properties": {"kind": "stop", "route": 7, "direction": 0, "seq": 39, "osm_id": 1984653805, "name": "Погонный проезд"}}, {"type": "Feature", "geometry": {"type": "Point", "coordinates": [37.7156669, 55.8185109]}, "properties": {"kind": "stop", "route": 7, "direction": 0, "seq": 40, "osm_id": 1984653779, "name": "Игральная улица"}}, {"type": "Feature", "geometry": {"type": "Point", "coordinates": [37.7210193, 55.8181211]}, "properties": {"kind": "stop", "route": 7, "direction": 0, "seq": 41, "osm_id": 1984654046, "name": "3-й проезд Подбельского"}}, {"type": "Feature", "geometry": {"type": "Point", "coordinates": [37.725986, 55.8170884]}, "properties": {"kind": "stop", "route": 7, "direction": 0, "seq": 42, "osm_id": 1984654067, "name": "5-й проезд Подбельского"}}, {"type": "Feature", "geometry": {"type": "Point", "coordinates": [37.7342433, 55.8142659]}, "properties": {"kind": "stop", "route": 7, "direction": 0, "seq": 43, "osm_id": 664687258, "name": "Метро «Бульвар Рокоссовского»"}}, {"type": "Feature", "geometry": {"type": "LineString", "coordinates": [[37.732708, 55.815243], [37.732503, 55.815308], [37.732358, 55.815351], [37.732024, 55.815449], [37.73134, 55.815641], [37.729461, 55.816168], [37.726653, 55.816937], [37.726581, 55.816955], [37.726465, 55.816987], [37.726328, 55.817027], [37.726008, 55.817114], [37.72375, 55.817743], [37.722817, 55.818007], [37.722147, 55.818192], [37.721753, 55.818295], [37.721651, 55.81831], [37.721546, 55.818316], [37.721441, 55.818313], [37.721352, 55.818303], [37.721338, 55.818301], [37.721239, 55.818281], [37.721147, 55.818252], [37.721119, 55.818234], [37.720997, 55.818152], [37.720875, 55.81807], [37.720713, 55.817966], [37.71953, 55.817191], [37.719456, 55.817143], [37.719417, 55.817122], [37.719372, 55.817105], [37.719323, 55.817092], [37.719271, 55.817084], [37.719217, 55.817081], [37.719163, 55.817082], [37.71911, 55.817089], [37.71906, 55.8171], [37.719013, 55.817116], [37.718969, 55.817135], [37.718829, 55.817195], [37.717463, 55.817778], [37.716244, 55.818297], [37.716008, 55.818399], [37.715875, 55.818456], [37.71572, 55.818524], [37.715698, 55.818534], [37.715261, 55.818722], [37.714554, 55.819036], [37.71427, 55.81916], [37.713337, 55.819445], [37.713289, 55.81946], [37.713274, 55.819465], [37.713146, 55.819504], [37.712947, 55.819551], [37.712703, 55.819609], [37.711635, 55.819862], [37.711549, 55.819882], [37.711463, 55.819898], [37.711383, 55.819909], [37.711302, 55.819916], [37.711284, 55.819916], [37.711221, 55.819918], [37.711139, 55.819913], [37.71106, 55.819901], [37.710931, 55.819883], [37.710481, 55.819819], [37.710388, 55.819806], [37.710283, 55.819788], [37.710178, 55.819771], [37.70983, 55.819713], [37.708259, 55.819461], [37.706916, 55.819245], [37.706765, 55.81922], [37.706359, 55.819152], [37.706119, 55.819108], [37.705279, 55.818953], [37.705131, 55.818924], [37.704931, 55.818886], [37.704589, 55.818821], [37.704004, 55.818652], [37.703852, 55.818608], [37.703409, 55.8184], [37.703212, 55.818291], [37.702847, 55.81809], [37.702125, 55.817692], [37.70184, 55.817547], [37.701791, 55.817524], [37.701761, 55.817509], [37.701574, 55.817415], [37.701288, 55.817148], [37.701255, 55.817117], [37.701136, 55.817006], [37.700866, 55.81677], [37.700817, 55.816752], [37.700578, 55.816664], [37.699964, 55.816453], [37.699707, 55.816365], [37.699041, 55.816158], [37.698743, 55.816065], [37.698436, 55.815989], [37.69772, 55.815814], [37.697706, 55.81581], [37.697662, 55.815797], [37.697612, 55.815782], [37.697253, 55.815677], [37.696738, 55.815502], [37.696374, 55.815286], [37.696119, 55.815136], [37.695342, 55.814686], [37.695278, 55.81465], [37.695223, 55.81461], [37.695143, 55.81455], [37.695093, 55.814489], [37.695071, 55.814438], [37.695072, 55.814416], [37.695088, 55.814376], [37.695167, 55.814307], [37.695498, 55.814039], [37.695645, 55.813916], [37.695663, 55.813901], [37.695707, 55.813865], [37.696061, 55.813573], [37.696064, 55.813571], [37.69628, 55.813393], [37.696312, 55.813367], [37.696799, 55.812965], [37.696885, 55.812894], [37.697015, 55.812808], [37.697178, 55.812701], [37.697391, 55.812582], [37.697635, 55.812469], [37.697837, 55.812389], [37.697857, 55.812382], [37.698007, 55.812326], [37.698091, 55.812295], [37.698175, 55.812264], [37.698876, 55.812004], [37.699726, 55.811704], [37.700095, 55.811574], [37.700292, 55.811505], [37.700527, 55.811426], [37.700957, 55.811281], [37.701113, 55.811229], [37.701355, 55.811147], [37.701864, 55.810953], [37.701963, 55.810914], [37.702379, 55.810741], [37.702671, 55.81061], [37.70303, 55.810414], [37.70321, 55.81031], [37.703453, 55.810164], [37.703897, 55.809887], [37.704335, 55.809621], [37.704462, 55.80954], [37.704954, 55.809226], [37.705232, 55.809042], [37.705367, 55.808953], [37.70561, 55.808774], [37.705685, 55.808662], [37.705731, 55.808508], [37.70581, 55.808257], [37.705979, 55.807766], [37.706016, 55.807658], [37.706227, 55.807164], [37.706377, 55.806841], [37.706497, 55.806541], [37.706886, 55.805557], [37.707079, 55.805039], [37.707164, 55.804788], [37.707201, 55.804692], [37.707246, 55.804567], [37.707392, 55.80419], [37.707403, 55.804161], [37.70742, 55.804118], [37.707508, 55.803901], [37.707543, 55.803803], [37.70761, 55.803694], [37.707652, 55.80365], [37.707769, 55.803526], [37.707924, 55.803408], [37.708066, 55.80331], [37.70823, 55.803202], [37.708732, 55.802884], [37.708878, 55.802793], [37.709205, 55.802591], [37.7103, 55.801921], [37.710809, 55.80161], [37.710817, 55.801605], [37.71113, 55.801416], [37.711246, 55.801346], [37.71131, 55.801307], [37.711552, 55.801155], [37.711857, 55.800963], [37.712198, 55.800709], [37.712268, 55.800632], [37.712385, 55.800503], [37.712581, 55.800262], [37.71283, 55.799953], [37.712976, 55.799768], [37.713072, 55.799646], [37.713468, 55.799168], [37.714371, 55.798068], [37.714671, 55.797709], [37.714794, 55.797562], [37.714835, 55.797504], [37.714858, 55.797456], [37.714869, 55.79741], [37.714872, 55.797367], [37.714862, 55.797329], [37.714838, 55.797283], [37.7148, 55.797237], [37.714755, 55.79719], [37.714688, 55.797137], [37.714467, 55.796987], [37.714405, 55.796936], [37.71436, 55.796882], [37.714332, 55.796836], [37.714314, 55.796787], [37.714308, 55.79674], [37.714306, 55.796683], [37.714312, 55.796613], [37.71433, 55.796414], [37.714339, 55.796317], [37.714345, 55.79626], [37.71436, 55.796099], [37.714342, 55.796042], [37.714308, 55.795987], [37.714294, 55.795972], [37.71426, 55.795936], [37.714214, 55.795902], [37.714199, 55.79589], [37.714126, 55.79585], [37.714043, 55.795819], [37.713951, 55.79579], [37.713654, 55.795735], [37.711814, 55.795367], [37.711391, 55.795292], [37.71123, 55.79527], [37.710954, 55.795243], [37.710803, 55.795231], [37.710583, 55.79522], [37.710429, 55.795217], [37.71033, 55.795214], [37.710037, 55.795209], [37.709963, 55.79521], [37.709152, 55.795221], [37.708864, 55.795224], [37.708684, 55.795225], [37.708363, 55.795228], [37.707964, 55.795232], [37.707165, 55.795236], [37.706126, 55.795246], [37.706004, 55.795247], [37.705748, 55.795247], [37.705477, 55.795248], [37.7046, 55.795124], [37.702939, 55.79492], [37.701273, 55.794739], [37.70013, 55.794616], [37.699459, 55.794537], [37.699178, 55.794501], [37.698687, 55.794445], [37.698531, 55.794424], [37.698258, 55.794392], [37.697938, 55.794354], [37.696971, 55.794231], [37.695105, 55.793979], [37.694713, 55.793917], [37.693872, 55.793784], [37.692901, 55.793638], [37.692327, 55.793547], [37.691969, 55.793491], [37.691608, 55.793412], [37.691288, 55.793312], [37.690614, 55.793058], [37.687961, 55.791997], [37.687478, 55.791813], [37.687451, 55.791803], [37.687255, 55.791728], [37.687058, 55.791652], [37.686996, 55.791629], [37.686527, 55.791449], [37.682464, 55.789895], [37.682437, 55.789887], [37.68235, 55.789855], [37.682333, 55.789849], [37.682081, 55.78976], [37.682016, 55.789737], [37.681997, 55.789731], [37.681875, 55.789685], [37.680974, 55.789307], [37.680752, 55.789187], [37.680617, 55.78911], [37.680455, 55.789005], [37.680346, 55.788921], [37.680044, 55.788685], [37.680038, 55.788679], [37.679755, 55.788482], [37.679689, 55.788434], [37.679042, 55.787939], [37.676686, 55.786118], [37.676466, 55.78595], [37.676417, 55.785913], [37.676235, 55.785763], [37.675858, 55.785439], [37.675823, 55.785409], [37.675728, 55.785319], [37.675533, 55.78511], [37.675511, 55.785079], [37.675475, 55.785026], [37.675458, 55.785002], [37.675434, 55.784967], [37.675353, 55.784814], [37.675211, 55.784581], [37.675109, 55.784463], [37.674996, 55.78435], [37.674844, 55.784231], [37.674692, 55.784129], [37.674457, 55.783989], [37.673248, 55.783312], [37.672812, 55.783062], [37.672733, 55.783016], [37.670273, 55.781595], [37.670216, 55.781559], [37.670024, 55.78145], [37.669447, 55.781144], [37.668795, 55.780814], [37.666587, 55.779697], [37.666455, 55.779636], [37.666441, 55.779627], [37.666153, 55.779486], [37.665777, 55.779329], [37.66576, 55.779321], [37.66462, 55.778863], [37.664026, 55.77863], [37.663762, 55.778526], [37.663159, 55.778267], [37.662937, 55.778163], [37.662618, 55.778014], [37.660545, 55.777063], [37.659136, 55.776411], [37.658813, 55.776271], [37.658615, 55.776186], [37.658547, 55.776157], [37.658234, 55.776047], [37.658205, 55.776037], [37.65815, 55.776018], [37.658028, 55.775977], [37.657161, 55.775692], [37.657006, 55.77564], [37.6569, 55.775606], [37.656795, 55.775573], [37.656676, 55.775545], [37.656308, 55.775462], [37.655945, 55.77539], [37.6555, 55.775303], [37.655137, 55.77523], [37.654532, 55.775108], [37.654411, 55.775084], [37.654036, 55.775005], [37.653674, 55.774916], [37.65354, 55.774883], [37.653365, 55.77484], [37.652774, 55.774686], [37.652603, 55.774641], [37.652491, 55.774614], [37.652431, 55.774613], [37.652371, 55.774619], [37.652336, 55.774625], [37.652308, 55.774632], [37.652274, 55.774644], [37.652222, 55.774666], [37.652031, 55.774746], [37.651611, 55.775], [37.651588, 55.775016], [37.650972, 55.775419], [37.650348, 55.775828], [37.650071, 55.775998], [37.650026, 55.776024], [37.649699, 55.776213], [37.64942, 55.776373], [37.649304, 55.776446], [37.649149, 55.776546], [37.649031, 55.776666], [37.648977, 55.776729], [37.648922, 55.776792], [37.648587, 55.777194], [37.648451, 55.77736], [37.648324, 55.777478], [37.647485, 55.778024], [37.646867, 55.778439], [37.646497, 55.77868], [37.646243, 55.778858], [37.645187, 55.779566], [37.645018, 55.779681], [37.644885, 55.779754], [37.644833, 55.779772], [37.64477, 55.779785], [37.644659, 55.779788], [37.644543, 55.779783], [37.644287, 55.779765], [37.64388, 55.779742], [37.643675, 55.779738], [37.642577, 55.779726], [37.641593, 55.779715], [37.641479, 55.779714], [37.641386, 55.779716], [37.641296, 55.779722], [37.641143, 55.779736], [37.641013, 55.779749], [37.639758, 55.779882], [37.639126, 55.779946], [37.638838, 55.779975], [37.637747, 55.780089], [37.637072, 55.780159], [37.635777, 55.780293], [37.6355, 55.780322], [37.634534, 55.780425], [37.634082, 55.780473], [37.633826, 55.780499], [37.63357, 55.780525], [37.63355, 55.780527], [37.633361, 55.780538], [37.633147, 55.780553], [37.632988, 55.780561], [37.632921, 55.780563], [37.632762, 55.78058], [37.632604, 55.780606], [37.632265, 55.780676], [37.631994, 55.780733], [37.631876, 55.780753], [37.631842, 55.780758], [37.631815, 55.780762], [37.63176, 55.780768], [37.631678, 55.780769], [37.631555, 55.780758], [37.63145, 55.780734], [37.631413, 55.780721], [37.631361, 55.780699], [37.631311, 55.780668], [37.631279, 55.780641], [37.631251, 55.780608], [37.631224, 55.780571], [37.631195, 55.780504], [37.631172, 55.780434], [37.631141, 55.780344], [37.6311, 55.780226], [37.63101, 55.779934], [37.630937, 55.779708], [37.630889, 55.779524], [37.630877, 55.779471], [37.630836, 55.779298], [37.6308, 55.779118], [37.630702, 55.778638], [37.630688, 55.778572], [37.630674, 55.778502], [37.630662, 55.778454], [37.630651, 55.778432], [37.630633, 55.778412], [37.630604, 55.77839], [37.630562, 55.778372], [37.6305, 55.778356], [37.630442, 55.778348], [37.630367, 55.778342], [37.630196, 55.778342], [37.629565, 55.778342], [37.629197, 55.778341], [37.629129, 55.778342], [37.629028, 55.778342], [37.628768, 55.778339], [37.628213, 55.778335], [37.628101, 55.778335], [37.627813, 55.778334], [37.627439, 55.778335], [37.627198, 55.778351], [37.626935, 55.778375], [37.626673, 55.778408], [37.626281, 55.778475], [37.62616, 55.7785], [37.625561, 55.778619], [37.624711, 55.778787], [37.624324, 55.778863], [37.624024, 55.778922], [37.623627, 55.779], [37.623197, 55.77909], [37.623016, 55.779127], [37.622802, 55.779173], [37.622663, 55.779214], [37.622635, 55.779224], [37.62248, 55.779271], [37.622416, 55.779291], [37.622326, 55.779319], [37.622149, 55.779375], [37.621888, 55.779458], [37.621777, 55.779493], [37.621659, 55.779536], [37.621573, 55.779567], [37.621432, 55.779622], [37.621372, 55.779646], [37.621232, 55.7797], [37.620837, 55.779854], [37.620753, 55.779887], [37.620703, 55.779903], [37.620682, 55.779907], [37.620652, 55.779914], [37.620596, 55.77992], [37.620543, 55.779922], [37.620486, 55.779919], [37.620428, 55.779911], [37.620379, 55.779902], [37.620331, 55.77989], [37.620301, 55.779879], [37.620286, 55.779873], [37.620252, 55.779857], [37.620212, 55.779835], [37.620174, 55.779809], [37.620094, 55.779753], [37.619713, 55.779486], [37.619234, 55.779149], [37.618585, 55.778694], [37.61852, 55.778648], [37.61849, 55.778631], [37.61845, 55.778611], [37.618413, 55.778595], [37.618373, 55.77858], [37.618335, 55.778569], [37.618289, 55.778558], [37.618242, 55.778548], [37.618192, 55.778542], [37.618066, 55.778528], [37.617985, 55.778519], [37.617786, 55.778497], [37.617649, 55.778483], [37.617608, 55.778478], [37.617563, 55.778476], [37.617522, 55.778473], [37.617478, 55.778473], [37.617434, 55.778475], [37.617392, 55.778479], [37.617348, 55.778484], [37.617303, 55.778492], [37.617003, 55.778544], [37.616843, 55.778572], [37.616583, 55.778617], [37.61631, 55.778665], [37.616219, 55.778681], [37.615476, 55.778818], [37.614668, 55.778966], [37.614265, 55.779039], [37.614194, 55.779052], [37.614037, 55.779081], [37.61363, 55.779199], [37.613546, 55.779229], [37.613419, 55.779275], [37.613376, 55.779296], [37.613304, 55.77933], [37.613223, 55.779373], [37.613141, 55.779419], [37.613096, 55.779444], [37.6128, 55.779607], [37.612754, 55.779632], [37.612555, 55.779719], [37.612533, 55.779726], [37.612354, 55.779784], [37.612255, 55.779805], [37.61206, 55.779845], [37.611882, 55.779882], [37.611435, 55.779974], [37.61073, 55.780114], [37.610395, 55.780181], [37.610371, 55.780186], [37.609803, 55.780305], [37.609681, 55.78033], [37.609412, 55.780394], [37.609336, 55.780426], [37.609242, 55.780476], [37.609091, 55.780558], [37.609014, 55.780608], [37.608975, 55.780636], [37.608908, 55.780711], [37.608896, 55.780737], [37.608896, 55.780756], [37.608896, 55.780777], [37.608925, 55.780819], [37.608956, 55.780846], [37.60898, 55.780868], [37.609058, 55.780942], [37.609136, 55.781015], [37.609167, 55.781046], [37.609225, 55.781102], [37.609615, 55.781483], [37.610037, 55.781892], [37.610555, 55.782382], [37.610848, 55.782657], [37.610939, 55.782742], [37.61103, 55.782827], [37.61105, 55.782851], [37.611058, 55.782872], [37.611063, 55.782893], [37.611064, 55.782916], [37.611063, 55.782931], [37.611053, 55.782964], [37.611018, 55.783], [37.610968, 55.783031], [37.610812, 55.78308], [37.610763, 55.783094], [37.610374, 55.78321], [37.610091, 55.783299], [37.609763, 55.783409], [37.609358, 55.78354], [37.608919, 55.78369], [37.608758, 55.783746], [37.608312, 55.783898], [37.608076, 55.78398], [37.607878, 55.784047], [37.607288, 55.78425], [37.607123, 55.784306], [37.607066, 55.784325], [37.606774, 55.784424], [37.606652, 55.784469], [37.606644, 55.784471], [37.60639, 55.784567], [37.60627, 55.784611], [37.606252, 55.784619], [37.606186, 55.784641], [37.606129, 55.784661], [37.605907, 55.784748], [37.605827, 55.784784], [37.605747, 55.784824], [37.605584, 55.784892], [37.605209, 55.785064], [37.604931, 55.785193], [37.604838, 55.785237], [37.604791, 55.785259], [37.604727, 55.785289], [37.604707, 55.785298], [37.604657, 55.785316], [37.604616, 55.785326], [37.604519, 55.785342], [37.604464, 55.785349], [37.604382, 55.785358], [37.604261, 55.785352], [37.60412, 55.785345], [37.603902, 55.785333], [37.603722, 55.785323], [37.60358, 55.785316], [37.602749, 55.785259], [37.60222, 55.785221], [37.602092, 55.785212], [37.602015, 55.785204], [37.601939, 55.785196], [37.601887, 55.785188], [37.601855, 55.78518], [37.601782, 55.785164], [37.601733, 55.785148], [37.601687, 55.785128], [37.601686, 55.785127], [37.601633, 55.785096], [37.601586, 55.785063], [37.601464, 55.78497], [37.601415, 55.784941], [37.601349, 55.784913], [37.601282, 55.784893], [37.601208, 55.784878], [37.600945, 55.784834], [37.600855, 55.784818], [37.600381, 55.78474], [37.59899, 55.784514], [37.598496, 55.784432], [37.598266, 55.784391], [37.597953, 55.784336], [37.597278, 55.784226], [37.59724, 55.78422], [37.597083, 55.784194], [37.597035, 55.784185], [37.596964, 55.784164], [37.59685, 55.784091], [37.596749, 55.784019], [37.596713, 55.783994], [37.5967, 55.783984], [37.5966, 55.783899], [37.596472, 55.783813], [37.596217, 55.783633], [37.595766, 55.783324], [37.592718, 55.781237], [37.592607, 55.78116], [37.592461, 55.781062], [37.592106, 55.780823], [37.590841, 55.779993], [37.590679, 55.779887], [37.590092, 55.779503], [37.590005, 55.779447], [37.589847, 55.779348], [37.589423, 55.779078], [37.589298, 55.778996], [37.58927, 55.778979], [37.588912, 55.778744], [37.588454, 55.778447], [37.588191, 55.778276], [37.58812, 55.778229], [37.588004, 55.778154], [37.587825, 55.778037], [37.587695, 55.777953], [37.587599, 55.77789], [37.586925, 55.777452], [37.586805, 55.777374], [37.586782, 55.777359], [37.586626, 55.77726], [37.586252, 55.777031], [37.585755, 55.776723], [37.585635, 55.776647], [37.585538, 55.776582], [37.585425, 55.776519], [37.585365, 55.776493], [37.585298, 55.776467], [37.5852, 55.776432], [37.585102, 55.776402], [37.585008, 55.776375], [37.584971, 55.776366], [37.584925, 55.776357], [37.584898, 55.776352], [37.58488, 55.776349], [37.584832, 55.776345], [37.5848, 55.776345], [37.584767, 55.776346], [37.584724, 55.776354], [37.584687, 55.776365], [37.584652, 55.776379], [37.584618, 55.776393], [37.584585, 55.776409], [37.584283, 55.776565], [37.584237, 55.776583], [37.584187, 55.776596], [37.584165, 55.7766], [37.584145, 55.776604], [37.584095, 55.77661], [37.584047, 55.776612], [37.583996, 55.776609], [37.583944, 55.776601], [37.583889, 55.776587], [37.58384, 55.776567], [37.583798, 55.776543], [37.583561, 55.776383]]}, "properties": {"kind": "track", "route": 7, "direction": 1, "osm_id": 3299879, "from": "Метро «Бульвар Рокоссовского»", "to": "Белорусский вокзал"}}, {"type": "Feature", "geometry": {"type": "Point", "coordinates": [37.7327079, 55.8152431]}, "properties": {"kind": "stop", "route": 7, "direction": 1, "seq": 1, "osm_id": 471836117, "name": "Метро «Бульвар Рокоссовского»"}}, {"type": "Feature", "geometry": {"type": "Point", "coordinates": [37.7266525, 55.816937]}, "properties": {"kind": "stop", "route": 7, "direction": 1, "seq": 2, "osm_id": 1984654065, "name": "5-й проезд Подбельского"}}, {"type": "Feature", "geometry": {"type": "Point", "coordinates": [37.7217525, 55.8182949]}, "properties": {"kind": "stop", "route": 7, "direction": 1, "seq": 3, "osm_id": 1984653987, "name": "3-й проезд Подбельского"}}, {"type": "Feature", "geometry": {"type": "Point", "coordinates": [37.7162437, 55.818297]}, "properties": {"kind": "stop", "route": 7, "direction": 1, "seq": 4, "osm_id": 1984653782, "name": "Игральная улица"}}, {"type": "Feature", "geometry": {"type": "Point", "coordinates": [37.7098304, 55.819713]}, "properties": {"kind": "stop", "route": 7, "direction": 1, "seq": 5, "osm_id": 1984653803, "name": "Погонный проезд"}}, {"type": "Feature", "geometry": {"type": "Point", "coordinates": [37.7052788, 55.8189526]}, "properties": {"kind": "stop", "route": 7, "direction": 1, "seq": 6, "osm_id": 1984653797, "name": "Ланинский переулок"}}, {"type": "Feature", "geometry": {"type": "Point", "coordinates": [37.7011362, 55.8170058]}, "properties": {"kind": "stop", "route": 7, "direction": 1, "seq": 7, "osm_id": 1984653772, "name": "Богородское"}}, {"type": "Feature", "geometry": {"type": "Point", "coordinates": [37.6953421, 55.8146857]}, "properties": {"kind": "stop", "route": 7, "direction": 1, "seq": 8, "osm_id": 1984653750, "name": "Богородский храм"}}, {"type": "Feature", "geometry": {"type": "Point", "coordinates": [37.6978374, 55.8123893]}, "properties": {"kind": "stop", "route": 7, "direction": 1, "seq": 9, "osm_id": 1984681642, "name": "Инновационный университет"}}, {"type": "Feature", "geometry": {"type": "Point", "coordinates": [37.7034529, 55.8101641]}, "properties": {"kind": "stop", "route": 7, "direction": 1, "seq": 10, "osm_id": 1984682069, "name": "1-я Прогонная улица"}}, {"type": "Feature", "geometry": {"type": "Point", "coordinates": [37.7062274, 55.8071635]}, "properties": {"kind": "stop", "route": 7, "direction": 1, "seq": 11, "osm_id": 1984681582, "name": "Телерадиокомпания «Мир»"}}, {"type": "Feature", "geometry": {"type": "Point", "coordinates": [37.7071638, 55.8047883]}, "properties": {"kind": "stop", "route": 7, "direction": 1, "seq": 12, "osm_id": 1984681577, "name": "Мосгорсуд"}}, {"type": "Feature", "geometry": {"type": "Point", "coordinates": [37.7128303, 55.799953]}, "properties": {"kind": "stop", "route": 7, "direction": 1, "seq": 13, "osm_id": 1984681614, "name": "Улица Хромова"}}, {"type": "Feature", "geometry": {"type": "Point", "coordinates": [37.7146709, 55.7977091]}, "properties": {"kind": "stop", "route": 7, "direction": 1, "seq": 14, "osm_id": 1984681612, "name": "Метро «Преображенская площадь»"}}, {"type": "Feature", "geometry": {"type": "Point", "coordinates": [37.7091523, 55.7952214]}, "properties": {"kind": "stop", "route": 7, "direction": 1, "seq": 15, "osm_id": 1984518219, "name": "Преображенская площадь"}}, {"type": "Feature", "geometry": {"type": "Point", "coordinates": [37.6994592, 55.7945373]}, "properties": {"kind": "stop", "route": 7, "direction": 1, "seq": 16, "osm_id": 1984518173, "name": "Трамвайное депо имени Русакова"}}, {"type": "Feature", "geometry": {"type": "Point", "coordinates": [37.6906143, 55.7930579]}, "properties": {"kind": "stop", "route": 7, "direction": 1, "seq": 17, "osm_id": 1984534523, "name": "Малая Остроумовская улица"}}, {"type": "Feature", "geometry": {"type": "Point", "coordinates": [37.6865268, 55.7914494]}, "properties": {"kind": "stop", "route": 7, "direction": 1, "seq": 18, "osm_id": 4886737498, "name": "Клуб Русакова - Сцена «Мельников»"}}, {"type": "Feature", "geometry": {"type": "Point", "coordinates": [37.6809737, 55.7893074]}, "properties": {"kind": "stop", "route": 7, "direction": 1, "seq": 19, "osm_id": 1992978972, "name": "Метро «Сокольники»"}}, {"type": "Feature", "geometry": {"type": "Point", "coordinates": [37.6755108, 55.7850787]}, "properties": {"kind": "stop", "route": 7, "direction": 1, "seq": 20, "osm_id": 3599958537, "name": "МЦД Митьково"}}, {"type": "Feature", "geometry": {"type": "Point", "coordinates": [37.6702733, 55.7815948]}, "properties": {"kind": "stop", "route": 7, "direction": 1, "seq": 21, "osm_id": 1992978966, "name": "Леснорядская улица"}}, {"type": "Feature", "geometry": {"type": "Point", "coordinates": [37.6665866, 55.7796973]}, "properties": {"kind": "stop", "route": 7, "direction": 1, "seq": 22, "osm_id": 1992978970, "name": "Метро «Красносельская»"}}, {"type": "Feature", "geometry": {"type": "Point", "coordinates": [37.6563076, 55.7754616]}, "properties": {"kind": "stop", "route": 7, "direction": 1, "seq": 23, "osm_id": 387747233, "name": "Метро «Комсомольская»"}}, {"type": "Feature", "geometry": {"type": "Point", "coordinates": [37.6527737, 55.7746859]}, "properties": {"kind": "stop", "route": 7, "direction": 1, "seq": 24, "osm_id": 13134322142, "name": "МЦД Площадь трёх вокзалов"}}, {"type": "Feature", "geometry": {"type": "Point", "coordinates": [37.6496992, 55.7762135]}, "properties": {"kind": "stop", "route": 7, "direction": 1, "seq": 25, "osm_id": 2214943613, "name": "Каланчёвская улица"}}, {"type": "Feature", "geometry": {"type": "Point", "coordinates": [37.6451873, 55.7795661]}, "properties": {"kind": "stop", "route": 7, "direction": 1, "seq": 26, "osm_id": 697485006, "name": "Пантелеевская улица"}}, {"type": "Feature", "geometry": {"type": "Point", "coordinates": [37.6414789, 55.7797137]}, "properties": {"kind": "stop", "route": 7, "direction": 1, "seq": 27, "osm_id": 473120403, "name": "Астраханский переулок"}}, {"type": "Feature", "geometry": {"type": "Point", "coordinates": [37.6391258, 55.7799462]}, "properties": {"kind": "stop", "route": 7, "direction": 1, "seq": 28, "osm_id": 697485002, "name": "Ботанический переулок"}}, {"type": "Feature", "geometry": {"type": "Point", "coordinates": [37.6345339, 55.7804252]}, "properties": {"kind": "stop", "route": 7, "direction": 1, "seq": 29, "osm_id": 697485003, "name": "Метро «Проспект Мира»"}}, {"type": "Feature", "geometry": {"type": "Point", "coordinates": [37.6322647, 55.7806765]}, "properties": {"kind": "stop", "route": 7, "direction": 1, "seq": 30, "osm_id": 4656724436, "name": "Метро «Проспект Мира»"}}, {"type": "Feature", "geometry": {"type": "Point", "coordinates": [37.6295646, 55.7783415]}, "properties": {"kind": "stop", "route": 7, "direction": 1, "seq": 31, "osm_id": 1257401483, "name": "Улица Щепкина"}}, {"type": "Feature", "geometry": {"type": "Point", "coordinates": [37.6231966, 55.7790904]}, "properties": {"kind": "stop", "route": 7, "direction": 1, "seq": 32, "osm_id": 3016214907, "name": "Театр зверей имени Дурова"}}, {"type": "Feature", "geometry": {"type": "Point", "coordinates": [37.6168427, 55.7785719]}, "properties": {"kind": "stop", "route": 7, "direction": 1, "seq": 33, "osm_id": 3598834231, "name": "Самотёчная улица"}}, {"type": "Feature", "geometry": {"type": "Point", "coordinates": [37.6131408, 55.7794186]}, "properties": {"kind": "stop", "route": 7, "direction": 1, "seq": 34, "osm_id": 1257401477, "name": "4-й Самотёчный переулок"}}, {"type": "Feature", "geometry": {"type": "Point", "coordinates": [37.6090907, 55.7805585]}, "properties": {"kind": "stop", "route": 7, "direction": 1, "seq": 35, "osm_id": 3016716232, "name": "Селезнёвская улица"}}, {"type": "Feature", "geometry": {"type": "Point", "coordinates": [37.6108477, 55.7826567]}, "properties": {"kind": "stop", "route": 7, "direction": 1, "seq": 36, "osm_id": 1257401460, "name": "Улица Достоевского"}}, {"type": "Feature", "geometry": {"type": "Point", "coordinates": [37.6049313, 55.7851935]}, "properties": {"kind": "stop", "route": 7, "direction": 1, "seq": 37, "osm_id": 12464935103, "name": "Площадь Борьбы"}}, {"type": "Feature", "geometry": {"type": "Point", "coordinates": [37.6003807, 55.7847403]}, "properties": {"kind": "stop", "route": 7, "direction": 1, "seq": 38, "osm_id": 4291992598, "name": "Улица Палиха"}}, {"type": "Feature", "geometry": {"type": "Point", "coordinates": [37.5962169, 55.7836325]}, "properties": {"kind": "stop", "route": 7, "direction": 1, "seq": 39, "osm_id": 4291989485, "name": "Лесная улица"}}, {"type": "Feature", "geometry": {"type": "Point", "coordinates": [37.5921057, 55.780823]}, "properties": {"kind": "stop", "route": 7, "direction": 1, "seq": 40, "osm_id": 6180449287, "name": "Миусское депо"}}, {"type": "Feature", "geometry": {"type": "Point", "coordinates": [37.5892979, 55.7789959]}, "properties": {"kind": "stop", "route": 7, "direction": 1, "seq": 41, "osm_id": 1927810165, "name": "ДК Зуева"}}, {"type": "Feature", "geometry": {"type": "Point", "coordinates": [37.5862523, 55.7770315]}, "properties": {"kind": "stop", "route": 7, "direction": 1, "seq": 42, "osm_id": 6173481393, "name": "Метро «Белорусская»"}}, {"type": "Feature", "geometry": {"type": "Point", "coordinates": [37.5835607, 55.7763827]}, "properties": {"kind": "stop", "route": 7, "direction": 1, "seq": 43, "osm_id": 5041552959, "name": "Белорусский вокзал"}}, {"type": "Feature", "geometry": {"type": "LineString", "coordinates": [[37.615778, 55.82359], [37.616102, 55.823405], [37.616129, 55.823371], [37.61615, 55.823334], [37.616162, 55.823294], [37.616164, 55.823251], [37.616159, 55.822992], [37.616161, 55.822978], [37.616164, 55.822963], [37.616168, 55.82295], [37.616172, 55.822936], [37.616178, 55.822922], [37.616184, 55.82291], [37.616194, 55.822896], [37.616203, 55.822882], [37.616214, 55.822869], [37.616226, 55.822855], [37.616238, 55.822844], [37.61625, 55.822833], [37.616268, 55.822821], [37.616284, 55.822811], [37.616303, 55.822801], [37.616324, 55.822792], [37.616346, 55.822784], [37.616369, 55.822777], [37.616389, 55.822772], [37.616409, 55.822767], [37.616429, 55.822762], [37.616448, 55.822758], [37.616468, 55.822754], [37.61649, 55.82275], [37.616511, 55.822747], [37.616532, 55.822745], [37.616572, 55.822741], [37.616611, 55.822739], [37.616758, 55.82273], [37.616911, 55.822722], [37.618445, 55.822646], [37.618799, 55.822627], [37.618831, 55.822625], [37.61886, 55.822622], [37.61889, 55.822618], [37.618919, 55.822613], [37.618947, 55.822607], [37.618974, 55.822598], [37.618998, 55.822589], [37.619018, 55.822578], [37.619036, 55.822567], [37.619053, 55.822555], [37.619065, 55.822541], [37.619073, 55.822527], [37.61908, 55.822512], [37.619087, 55.822495], [37.619092, 55.822479], [37.619096, 55.822462], [37.619098, 55.822443], [37.6191, 55.822424], [37.619102, 55.822405], [37.619103, 55.822386], [37.619111, 55.82213], [37.619112, 55.822116], [37.619112, 55.822101], [37.619114, 55.822086], [37.619117, 55.82207], [37.619123, 55.822055], [37.619129, 55.822038], [37.619137, 55.822022], [37.619148, 55.822005], [37.619164, 55.82199], [37.619182, 55.821976], [37.619199, 55.821963], [37.61922, 55.82195], [37.619238, 55.821939], [37.619258, 55.821928], [37.619279, 55.821917], [37.619301, 55.821908], [37.619329, 55.821898], [37.619355, 55.821891], [37.619382, 55.821884], [37.619414, 55.821878], [37.619444, 55.821873], [37.619474, 55.82187], [37.619504, 55.821867], [37.619533, 55.821865], [37.619562, 55.821863], [37.61959, 55.821862], [37.619641, 55.821861], [37.619721, 55.82186], [37.61996, 55.82186], [37.621339, 55.82186], [37.621649, 55.821858], [37.622575, 55.821853], [37.623231, 55.82185], [37.624877, 55.821838], [37.625132, 55.821836], [37.625742, 55.821836], [37.628137, 55.821823], [37.628395, 55.821822], [37.628617, 55.821821], [37.629317, 55.821818], [37.629756, 55.821874], [37.630843, 55.822084], [37.630915, 55.822099], [37.630973, 55.82211], [37.631359, 55.822138], [37.632213, 55.822125], [37.633691, 55.822074], [37.634174, 55.82206], [37.634611, 55.822049], [37.634851, 55.82204], [37.63491, 55.82204], [37.634965, 55.822041], [37.635057, 55.822063], [37.635096, 55.822075], [37.635195, 55.82212], [37.635287, 55.822168], [37.635298, 55.822173], [37.635402, 55.822227], [37.635555, 55.822322], [37.635867, 55.822502], [37.636252, 55.822716], [37.636525, 55.822866], [37.636812, 55.823017], [37.637617, 55.823421], [37.637816, 55.82353], [37.637865, 55.823555], [37.637986, 55.823616], [37.63874, 55.824007], [37.639353, 55.824317], [37.6395, 55.824395], [37.640992, 55.825164], [37.642268, 55.82583], [37.642505, 55.825945], [37.643934, 55.826663], [37.644912, 55.827178], [37.645016, 55.827233], [37.645134, 55.827297], [37.645173, 55.827318], [37.645213, 55.827335], [37.645249, 55.827348], [37.64529, 55.827358], [37.645331, 55.827363], [37.645369, 55.827366], [37.645408, 55.827366], [37.645445, 55.827366], [37.645489, 55.827364], [37.645533, 55.82736], [37.645573, 55.827355], [37.645611, 55.827348], [37.645691, 55.827329], [37.645764, 55.827308], [37.645889, 55.82727], [37.646071, 55.827215], [37.646509, 55.827085], [37.647215, 55.826869], [37.647845, 55.826656], [37.648082, 55.826578], [37.649281, 55.826172], [37.651056, 55.825581], [37.65122, 55.825515], [37.651465, 55.825396], [37.651555, 55.825344], [37.651711, 55.82525], [37.65188, 55.825158], [37.652157, 55.825015], [37.652278, 55.824971], [37.652891, 55.824752], [37.653179, 55.824654], [37.653498, 55.82454], [37.654676, 55.824137], [37.654867, 55.824072], [37.655147, 55.823977], [37.655671, 55.823799], [37.65605, 55.823674], [37.656781, 55.823425], [37.657077, 55.823325], [37.657532, 55.823168], [37.65768, 55.823119], [37.657771, 55.82309], [37.658602, 55.822841], [37.658756, 55.822794], [37.660134, 55.822372], [37.660219, 55.822344], [37.660372, 55.822298], [37.661491, 55.82196], [37.66236, 55.821692], [37.663041, 55.82148], [37.663732, 55.821279], [37.66392, 55.821225], [37.664362, 55.821097], [37.664808, 55.82097], [37.666235, 55.820566], [37.667531, 55.820179], [37.668319, 55.819959], [37.670295, 55.819377], [37.670851, 55.819213], [37.671284, 55.819088], [37.67177, 55.818953], [37.675201, 55.817984], [37.675557, 55.8179], [37.675745, 55.817866], [37.676993, 55.817643], [37.677383, 55.817576], [37.677927, 55.817489], [37.678024, 55.817472], [37.67815, 55.817451], [37.678192, 55.817446], [37.678796, 55.817341], [37.678996, 55.817307], [37.67909, 55.817294], [37.679358, 55.81724], [37.679541, 55.817201], [37.67979, 55.817106], [37.680166, 55.816925], [37.680225, 55.816897], [37.681003, 55.816529], [37.682221, 55.815959], [37.682682, 55.815745], [37.682968, 55.815639], [37.68322, 55.815567], [37.683408, 55.815535], [37.684005, 55.815434], [37.684311, 55.815388], [37.68442, 55.815388], [37.684496, 55.815395], [37.684629, 55.81542], [37.684687, 55.815437], [37.684765, 55.815465], [37.68482, 55.815496], [37.684832, 55.815502], [37.684877, 55.815534], [37.684904, 55.815554], [37.68492, 55.815577], [37.684958, 55.815645], [37.685074, 55.815861], [37.685145, 55.815947], [37.685218, 55.816001], [37.685361, 55.816069], [37.68546, 55.816109], [37.686161, 55.816387], [37.68693, 55.816693], [37.687374, 55.816864], [37.687853, 55.817051], [37.687933, 55.817079], [37.68797, 55.817085], [37.687993, 55.817085], [37.688026, 55.817086], [37.688034, 55.817086], [37.688075, 55.817086], [37.688111, 55.817084], [37.688158, 55.817079], [37.688231, 55.817065], [37.688318, 55.817042], [37.688762, 55.816926], [37.688907, 55.816888], [37.689456, 55.816744], [37.690172, 55.816555], [37.690351, 55.816507], [37.690593, 55.81643], [37.690792, 55.816358], [37.691213, 55.816182], [37.692364, 55.815603], [37.69245, 55.81556], [37.692624, 55.815482], [37.692925, 55.815347], [37.693047, 55.815292], [37.693403, 55.815132], [37.693972, 55.814897], [37.693994, 55.814887], [37.694429, 55.814701], [37.69446, 55.814687], [37.694611, 55.814613], [37.694708, 55.814563], [37.694908, 55.81446], [37.695167, 55.814307], [37.695498, 55.814039], [37.695645, 55.813916], [37.695663, 55.813901], [37.695707, 55.813865], [37.696061, 55.813573], [37.696064, 55.813571], [37.69628, 55.813393], [37.696312, 55.813367], [37.696799, 55.812965], [37.696885, 55.812894], [37.697015, 55.812808], [37.697178, 55.812701], [37.697391, 55.812582], [37.697635, 55.812469], [37.697837, 55.812389], [37.697857, 55.812382], [37.698007, 55.812326], [37.698091, 55.812295], [37.698175, 55.812264], [37.698876, 55.812004], [37.699726, 55.811704], [37.700095, 55.811574], [37.700292, 55.811505], [37.700527, 55.811426], [37.700957, 55.811281], [37.701113, 55.811229], [37.701355, 55.811147], [37.701864, 55.810953], [37.701963, 55.810914], [37.702379, 55.810741], [37.702671, 55.81061], [37.70303, 55.810414], [37.70321, 55.81031], [37.703453, 55.810164], [37.703897, 55.809887], [37.704335, 55.809621], [37.704462, 55.80954], [37.704954, 55.809226], [37.705232, 55.809042], [37.705367, 55.808953], [37.70561, 55.808774], [37.705685, 55.808662], [37.705731, 55.808508], [37.70581, 55.808257], [37.705979, 55.807766], [37.706016, 55.807658], [37.706227, 55.807164], [37.706377, 55.806841], [37.706497, 55.806541], [37.706886, 55.805557], [37.707079, 55.805039], [37.707164, 55.804788], [37.707201, 55.804692], [37.707246, 55.804567], [37.707392, 55.80419], [37.707403, 55.804161], [37.70742, 55.804118], [37.707508, 55.803901], [37.707543, 55.803803], [37.70761, 55.803694], [37.707652, 55.80365], [37.707769, 55.803526], [37.707924, 55.803408], [37.708066, 55.80331], [37.70823, 55.803202], [37.708732, 55.802884], [37.708878, 55.802793], [37.709205, 55.802591], [37.7103, 55.801921], [37.710809, 55.80161], [37.710817, 55.801605], [37.71113, 55.801416], [37.711246, 55.801346], [37.71131, 55.801307], [37.711552, 55.801155], [37.711857, 55.800963], [37.712198, 55.800709], [37.712268, 55.800632], [37.712385, 55.800503], [37.712581, 55.800262], [37.71283, 55.799953], [37.712976, 55.799768], [37.713072, 55.799646], [37.713468, 55.799168], [37.714371, 55.798068], [37.714671, 55.797709], [37.714794, 55.797562], [37.714835, 55.797504], [37.714858, 55.797456], [37.714869, 55.79741], [37.714872, 55.797367], [37.714862, 55.797329], [37.714838, 55.797283], [37.7148, 55.797237], [37.714755, 55.79719], [37.714688, 55.797137], [37.714467, 55.796987], [37.714405, 55.796936], [37.71436, 55.796882], [37.714332, 55.796836], [37.714314, 55.796787], [37.714308, 55.79674], [37.714306, 55.796683], [37.714312, 55.796613], [37.71433, 55.796414], [37.714339, 55.796317], [37.714345, 55.79626], [37.71436, 55.796099], [37.714377, 55.795968], [37.71438, 55.795938], [37.714388, 55.795875], [37.714391, 55.795845], [37.7144, 55.795753], [37.714428, 55.795564], [37.714432, 55.795536], [37.714452, 55.795417], [37.714477, 55.795088], [37.714521, 55.794626], [37.714532, 55.794506], [37.714545, 55.794432], [37.714615, 55.793724], [37.714641, 55.793467], [37.714692, 55.792967], [37.714725, 55.792617], [37.714733, 55.792537], [37.714765, 55.792434], [37.714775, 55.7924], [37.714805, 55.792337], [37.714842, 55.792287], [37.71487, 55.792255], [37.714914, 55.792211], [37.715079, 55.792096], [37.715575, 55.791793], [37.715589, 55.791784], [37.715664, 55.791731], [37.715708, 55.791689], [37.71574, 55.791651], [37.71576, 55.791619], [37.715788, 55.791554], [37.715806, 55.791514], [37.715832, 55.791426], [37.715942, 55.791053], [37.716039, 55.790725], [37.716264, 55.790009], [37.716355, 55.789715], [37.7164, 55.789568], [37.716423, 55.78949], [37.716452, 55.789409], [37.71656, 55.78897], [37.716575, 55.788912], [37.716656, 55.78861], [37.716679, 55.788523], [37.716724, 55.788365], [37.716825, 55.788018], [37.716851, 55.787933], [37.716883, 55.787827], [37.717002, 55.78744], [37.717022, 55.787369], [37.717078, 55.787183], [37.717152, 55.786933], [37.717284, 55.786486], [37.717354, 55.786252], [37.717498, 55.78577], [37.717517, 55.785706], [37.71758, 55.785502], [37.717617, 55.785396], [37.717652, 55.78527], [37.717684, 55.785156], [37.717803, 55.784767], [37.717922, 55.784415], [37.71802, 55.784157], [37.718112, 55.783909], [37.718145, 55.783817], [37.718188, 55.783695], [37.718225, 55.783602], [37.718243, 55.783554], [37.718294, 55.783423], [37.718363, 55.783247], [37.718493, 55.78293], [37.718726, 55.782402], [37.718736, 55.782375], [37.718768, 55.782329], [37.718804, 55.782294], [37.718854, 55.782261], [37.718858, 55.78226], [37.718924, 55.782235], [37.718935, 55.782231], [37.719002, 55.782215], [37.719073, 55.782205], [37.719144, 55.782201], [37.719166, 55.782202], [37.719215, 55.782204], [37.719453, 55.782217], [37.719457, 55.782217], [37.720354, 55.782256], [37.72115, 55.782283], [37.721348, 55.78229], [37.722265, 55.782325], [37.722511, 55.782336], [37.722682, 55.782344], [37.724985, 55.782437], [37.725265, 55.782448], [37.726284, 55.782483], [37.727843, 55.782544], [37.728716, 55.782578], [37.729754, 55.782619], [37.730508, 55.782649], [37.730616, 55.782653], [37.730664, 55.782654], [37.730891, 55.782664], [37.733607, 55.782774], [37.733818, 55.782783], [37.7356, 55.782857], [37.737533, 55.782937], [37.738427, 55.782967], [37.738636, 55.782975], [37.738812, 55.782982], [37.738968, 55.782987], [37.742442, 55.783117], [37.74266, 55.783124], [37.745172, 55.783203], [37.745374, 55.783215], [37.745548, 55.783243], [37.745637, 55.783269], [37.74571, 55.783295], [37.745788, 55.78334], [37.745859, 55.783394], [37.745917, 55.783451], [37.745981, 55.783545], [37.746015, 55.783653], [37.745951, 55.783973], [37.745926, 55.784121], [37.745699, 55.785283], [37.745704, 55.785405], [37.745738, 55.785468], [37.745848, 55.785583], [37.746028, 55.785695], [37.747272, 55.786373], [37.7475, 55.786471], [37.74761, 55.786484], [37.747712, 55.786496], [37.747948, 55.786501], [37.748009, 55.786502], [37.750645, 55.786558], [37.7509, 55.786562], [37.751084, 55.786564], [37.751298, 55.786567], [37.754686, 55.786598], [37.758506, 55.786679], [37.759577, 55.786707], [37.761682, 55.786769], [37.761758, 55.786772], [37.762242, 55.786788], [37.762396, 55.786815], [37.762516, 55.786865], [37.762526, 55.78687], [37.7626, 55.786946], [37.762605, 55.786951], [37.762639, 55.787039], [37.762617, 55.78712], [37.762597, 55.787199], [37.762481, 55.787659], [37.762473, 55.78769], [37.762386, 55.788036], [37.762352, 55.788173], [37.762354, 55.78819], [37.762362, 55.788253], [37.762381, 55.788273], [37.76242, 55.788311], [37.762516, 55.788356], [37.762543, 55.788366], [37.762631, 55.788397], [37.762737, 55.788413], [37.762923, 55.78843], [37.763318, 55.788463], [37.763794, 55.788511], [37.764328, 55.788573], [37.764895, 55.788647], [37.765566, 55.788759], [37.766175, 55.788869], [37.76678, 55.788995], [37.767367, 55.789135], [37.767954, 55.789282], [37.768482, 55.789434], [37.769756, 55.78982], [37.770335, 55.789989], [37.770593, 55.790067], [37.771396, 55.790309], [37.771507, 55.790343], [37.77169, 55.790401], [37.772187, 55.79055], [37.772746, 55.79072], [37.774353, 55.791204], [37.774412, 55.791222], [37.775161, 55.791447], [37.775375, 55.791511], [37.775564, 55.791566], [37.776068, 55.791716], [37.776908, 55.79196], [37.777078, 55.791997], [37.77726, 55.792028], [37.777423, 55.792054], [37.777547, 55.792071], [37.778545, 55.79221], [37.778731, 55.792235], [37.779708, 55.792371], [37.77986, 55.792392], [37.780091, 55.792427], [37.780948, 55.792547], [37.781507, 55.792631], [37.781757, 55.792667], [37.782486, 55.79277], [37.782837, 55.792817], [37.783012, 55.792835], [37.783158, 55.792849], [37.783537, 55.792878], [37.783977, 55.792914], [37.784112, 55.792926], [37.784166, 55.792931], [37.784827, 55.792981], [37.785079, 55.79299], [37.785754, 55.793003], [37.785872, 55.793005], [37.787147, 55.793026], [37.787584, 55.793031], [37.788036, 55.79304], [37.788251, 55.793043], [37.788423, 55.793046], [37.789137, 55.793059], [37.789388, 55.793065], [37.790306, 55.793106], [37.790588, 55.793116], [37.790788, 55.793124], [37.791034, 55.793131], [37.792832, 55.793168], [37.793532, 55.793182], [37.793878, 55.793188], [37.794039, 55.793192], [37.794181, 55.793194], [37.79488, 55.793205], [37.79497, 55.793206], [37.795068, 55.793209], [37.796084, 55.79323], [37.796586, 55.793241], [37.796741, 55.793243], [37.796848, 55.793245], [37.797226, 55.79325], [37.797552, 55.793247], [37.797971, 55.793238], [37.798026, 55.793237], [37.798701, 55.793227], [37.799228, 55.793232], [37.799455, 55.793231], [37.799751, 55.793232], [37.800666, 55.793251], [37.80093, 55.793256], [37.801423, 55.793266], [37.802451, 55.793282], [37.803362, 55.793297], [37.803452, 55.793298], [37.804298, 55.793312], [37.80519, 55.793327], [37.805422, 55.79333], [37.805578, 55.793333], [37.805757, 55.793337], [37.806576, 55.793352], [37.806847, 55.793357], [37.807811, 55.793375], [37.808789, 55.793392], [37.809458, 55.793404], [37.810141, 55.793417], [37.810266, 55.79342], [37.810486, 55.793425], [37.811512, 55.793443], [37.81228, 55.793456], [37.81253, 55.793461], [37.81264, 55.793463], [37.812808, 55.793466], [37.813074, 55.793471], [37.813382, 55.793477], [37.81379, 55.793485], [37.814631, 55.793501], [37.814745, 55.793502], [37.815552, 55.793513], [37.8165, 55.79353], [37.817226, 55.79354], [37.817988, 55.79355], [37.819038, 55.793567], [37.819212, 55.79357], [37.819361, 55.793572], [37.82023, 55.793588]]}, "properties": {"kind": "track", "route": 11, "direction": 0, "osm_id": 918052, "from": "Усадьба Останкино", "to": "15-я Парковая улица"}}, {"type": "Feature", "geometry": {"type": "Point", "coordinates": [37.6157775, 55.8235904]}, "properties": {"kind": "stop", "route": 11, "direction": 0, "seq": 1, "osm_id": 444863659, "name": "Усадьба Останкино"}}, {"type": "Feature", "geometry": {"type": "Point", "coordinates": [37.6213391, 55.8218598]}, "properties": {"kind": "stop", "route": 11, "direction": 0, "seq": 2, "osm_id": 535844745, "name": "Аргуновская улица"}}, {"type": "Feature", "geometry": {"type": "Point", "coordinates": [37.628137, 55.821823]}, "properties": {"kind": "stop", "route": 11, "direction": 0, "seq": 3, "osm_id": 639572174, "name": "Улица Цандера"}}, {"type": "Feature", "geometry": {"type": "Point", "coordinates": [37.6336906, 55.8220741]}, "properties": {"kind": "stop", "route": 11, "direction": 0, "seq": 4, "osm_id": 535844754, "name": "ВДНХ (южный вход)"}}, {"type": "Feature", "geometry": {"type": "Point", "coordinates": [37.6387399, 55.8240069]}, "properties": {"kind": "stop", "route": 11, "direction": 0, "seq": 5, "osm_id": 535844761, "name": "Метро «ВДНХ»"}}, {"type": "Feature", "geometry": {"type": "Point", "coordinates": [37.6460711, 55.8272146]}, "properties": {"kind": "stop", "route": 11, "direction": 0, "seq": 6, "osm_id": 243894862, "name": "ВДНХ (северный вход)"}}, {"type": "Feature", "geometry": {"type": "Point", "coordinates": [37.6522783, 55.8249706]}, "properties": {"kind": "stop", "route": 11, "direction": 0, "seq": 7, "osm_id": 1677617756, "name": "Ярославская улица"}}, {"type": "Feature", "geometry": {"type": "Point", "coordinates": [37.6586016, 55.8228406]}, "properties": {"kind": "stop", "route": 11, "direction": 0, "seq": 8, "osm_id": 1677617737, "name": "улица Бориса Галушкина, 17"}}, {"type": "Feature", "geometry": {"type": "Point", "coordinates": [37.6614911, 55.8219602]}, "properties": {"kind": "stop", "route": 11, "direction": 0, "seq": 9, "osm_id": 1677617709, "name": "Площадь Академика Люльки"}}, {"type": "Feature", "geometry": {"type": "Point", "coordinates": [37.6712839, 55.8190883]}, "properties": {"kind": "stop", "route": 11, "direction": 0, "seq": 10, "osm_id": 2447720025, "name": "Станция юных натуралистов"}}, {"type": "Feature", "geometry": {"type": "Point", "coordinates": [37.678796, 55.8173411]}, "properties": {"kind": "stop", "route": 11, "direction": 0, "seq": 11, "osm_id": 287393729, "name": "Лингвистический университет"}}, {"type": "Feature", "geometry": {"type": "Point", "coordinates": [37.6840045, 55.8154337]}, "properties": {"kind": "stop", "route": 11, "direction": 0, "seq": 12, "osm_id": 287393738, "name": "Ростокинский проезд"}}, {"type": "Feature", "geometry": {"type": "Point", "coordinates": [37.6894557, 55.8167445]}, "properties": {"kind": "stop", "route": 11, "direction": 0, "seq": 13, "osm_id": 287393749, "name": "Богатырский мост"}}, {"type": "Feature", "geometry": {"type": "Point", "coordinates": [37.6939936, 55.8148875]}, "properties": {"kind": "stop", "route": 11, "direction": 0, "seq": 14, "osm_id": 10707781450, "name": "Богородский храм"}}, {"type": "Feature", "geometry": {"type": "Point", "coordinates": [37.6978374, 55.8123893]}, "properties": {"kind": "stop", "route": 11, "direction": 0, "seq": 15, "osm_id": 1984681642, "name": "Инновационный университет"}}, {"type": "Feature", "geometry": {"type": "Point", "coordinates": [37.7034529, 55.8101641]}, "properties": {"kind": "stop", "route": 11, "direction": 0, "seq": 16, "osm_id": 1984682069, "name": "1-я Прогонная улица"}}, {"type": "Feature", "geometry": {"type": "Point", "coordinates": [37.7062274, 55.8071635]}, "properties": {"kind": "stop", "route": 11, "direction": 0, "seq": 17, "osm_id": 1984681582, "name": "Телерадиокомпания «Мир»"}}, {"type": "Feature", "geometry": {"type": "Point", "coordinates": [37.7071638, 55.8047883]}, "properties": {"kind": "stop", "route": 11, "direction": 0, "seq": 18, "osm_id": 1984681577, "name": "Мосгорсуд"}}, {"type": "Feature", "geometry": {"type": "Point", "coordinates": [37.7128303, 55.799953]}, "properties": {"kind": "stop", "route": 11, "direction": 0, "seq": 19, "osm_id": 1984681614, "name": "Улица Хромова"}}, {"type": "Feature", "geometry": {"type": "Point", "coordinates": [37.7146709, 55.7977091]}, "properties": {"kind": "stop", "route": 11, "direction": 0, "seq": 20, "osm_id": 1984681612, "name": "Метро «Преображенская площадь»"}}, {"type": "Feature", "geometry": {"type": "Point", "coordinates": [37.7145206, 55.794626]}, "properties": {"kind": "stop", "route": 11, "direction": 0, "seq": 21, "osm_id": 14222056865, "name": "Метро «Преображенская площадь»"}}, {"type": "Feature", "geometry": {"type": "Point", "coordinates": [37.7155747, 55.7917926]}, "properties": {"kind": "stop", "route": 11, "direction": 0, "seq": 22, "osm_id": 14222056863, "name": "Преображенское кладбище"}}, {"type": "Feature", "geometry": {"type": "Point", "coordinates": [37.7166785, 55.7885228]}, "properties": {"kind": "stop", "route": 11, "direction": 0, "seq": 23, "osm_id": 1865721070, "name": "Улица Преображенский Вал"}}, {"type": "Feature", "geometry": {"type": "Point", "coordinates": [37.7172845, 55.7864856]}, "properties": {"kind": "stop", "route": 11, "direction": 0, "seq": 24, "osm_id": 1475300542, "name": "Улица Измайловский Вал"}}, {"type": "Feature", "geometry": {"type": "Point", "coordinates": [37.7182944, 55.7834231]}, "properties": {"kind": "stop", "route": 11, "direction": 0, "seq": 25, "osm_id": 10665892060, "name": "Метро «Семёновская»"}}, {"type": "Feature", "geometry": {"type": "Point", "coordinates": [37.7203543, 55.7822559]}, "properties": {"kind": "stop", "route": 11, "direction": 0, "seq": 26, "osm_id": 1475230084, "name": "Метро «Семёновская»"}}, {"type": "Feature", "geometry": {"type": "Point", "coordinates": [37.7297544, 55.782619]}, "properties": {"kind": "stop", "route": 11, "direction": 0, "seq": 27, "osm_id": 1475230072, "name": "Улица Ибрагимова"}}, {"type": "Feature", "geometry": {"type": "Point", "coordinates": [37.7384266, 55.782967]}, "properties": {"kind": "stop", "route": 11, "direction": 0, "seq": 28, "osm_id": 1475230089, "name": "Фортунатовская улица"}}, {"type": "Feature", "geometry": {"type": "Point", "coordinates": [37.745951, 55.7839731]}, "properties": {"kind": "stop", "route": 11, "direction": 0, "seq": 29, "osm_id": 1478068143, "name": "Мост Окружной железной дороги"}}, {"type": "Feature", "geometry": {"type": "Point", "coordinates": [37.7506449, 55.7865575]}, "properties": {"kind": "stop", "route": 11, "direction": 0, "seq": 30, "osm_id": 275634389, "name": "Метро «Партизанская»"}}, {"type": "Feature", "geometry": {"type": "Point", "coordinates": [37.7616821, 55.7867695]}, "properties": {"kind": "stop", "route": 11, "direction": 0, "seq": 31, "osm_id": 728258096, "name": "Главная аллея"}}, {"type": "Feature", "geometry": {"type": "Point", "coordinates": [37.771396, 55.7903089]}, "properties": {"kind": "stop", "route": 11, "direction": 0, "seq": 32, "osm_id": 13910949174, "name": "Галерея «Измайлово»"}}, {"type": "Feature", "geometry": {"type": "Point", "coordinates": [37.778545, 55.7922097]}, "properties": {"kind": "stop", "route": 11, "direction": 0, "seq": 33, "osm_id": 1468321457, "name": "Измайловская площадь"}}, {"type": "Feature", "geometry": {"type": "Point", "coordinates": [37.7839766, 55.7929143]}, "properties": {"kind": "stop", "route": 11, "direction": 0, "seq": 34, "osm_id": 1468322504, "name": "3-я Парковая улица"}}, {"type": "Feature", "geometry": {"type": "Point", "coordinates": [37.7891373, 55.7930591]}, "properties": {"kind": "stop", "route": 11, "direction": 0, "seq": 35, "osm_id": 1468322520, "name": "5-я Парковая улица"}}, {"type": "Feature", "geometry": {"type": "Point", "coordinates": [37.7948796, 55.7932051]}, "properties": {"kind": "stop", "route": 11, "direction": 0, "seq": 36, "osm_id": 1468322522, "name": "7-я Парковая улица"}}, {"type": "Feature", "geometry": {"type": "Point", "coordinates": [37.800666, 55.7932507]}, "properties": {"kind": "stop", "route": 11, "direction": 0, "seq": 37, "osm_id": 1468321514, "name": "Метро «Первомайская»"}}, {"type": "Feature", "geometry": {"type": "Point", "coordinates": [37.8065758, 55.7933523]}, "properties": {"kind": "stop", "route": 11, "direction": 0, "seq": 38, "osm_id": 1468321473, "name": "Районный центр «Первомайский»"}}, {"type": "Feature", "geometry": {"type": "Point", "coordinates": [37.8133823, 55.7934768]}, "properties": {"kind": "stop", "route": 11, "direction": 0, "seq": 39, "osm_id": 1468322481, "name": "13-я Парковая улица"}}, {"type": "Feature", "geometry": {"type": "Point", "coordinates": [37.8202296, 55.7935885]}, "properties": {"kind": "stop", "route": 11, "direction": 0, "seq": 40, "osm_id": 1468322487, "name": "15-я Парковая улица"}}, {"type": "Feature", "geometry": {"type": "LineString", "coordinates": [[37.820891, 55.793633], [37.820607, 55.793628], [37.819605, 55.79361], [37.819359, 55.793605], [37.819211, 55.793603], [37.819038, 55.793599], [37.818272, 55.793588], [37.817986, 55.793583], [37.817218, 55.793571], [37.816497, 55.793563], [37.81555, 55.793548], [37.81474, 55.793533], [37.81463, 55.793532], [37.813789, 55.793517], [37.81307, 55.793504], [37.812805, 55.793497], [37.812638, 55.793495], [37.812528, 55.793493], [37.811848, 55.793481], [37.811511, 55.793474], [37.810484, 55.793455], [37.810266, 55.793449], [37.810139, 55.793447], [37.809455, 55.793435], [37.809329, 55.793433], [37.808787, 55.793424], [37.807807, 55.793407], [37.806845, 55.79339], [37.806038, 55.793376], [37.805755, 55.793371], [37.805577, 55.793368], [37.805422, 55.793366], [37.805167, 55.793361], [37.804523, 55.793349], [37.804297, 55.793345], [37.803452, 55.793331], [37.80336, 55.793329], [37.802449, 55.793312], [37.8022, 55.793307], [37.800928, 55.793288], [37.800133, 55.793275], [37.799748, 55.793268], [37.799454, 55.793265], [37.799228, 55.793265], [37.798614, 55.793262], [37.798333, 55.793265], [37.798031, 55.793268], [37.797972, 55.793269], [37.797558, 55.793279], [37.797228, 55.79328], [37.796847, 55.793277], [37.79674, 55.793276], [37.796586, 55.793272], [37.795067, 55.793242], [37.794391, 55.793229], [37.79418, 55.793225], [37.794038, 55.793221], [37.793878, 55.793218], [37.79353, 55.793213], [37.79304, 55.793204], [37.79283, 55.7932], [37.79103, 55.793164], [37.790815, 55.793157], [37.790587, 55.793148], [37.790298, 55.793137], [37.789386, 55.793097], [37.78875, 55.793079], [37.788422, 55.793074], [37.788253, 55.793072], [37.788035, 55.793071], [37.78758, 55.793064], [37.787322, 55.793061], [37.787146, 55.793058], [37.785871, 55.79304], [37.785752, 55.793037], [37.785075, 55.793023], [37.784818, 55.793012], [37.784103, 55.792956], [37.783984, 55.792946], [37.783526, 55.792908], [37.783148, 55.79288], [37.782998, 55.792865], [37.782827, 55.792845], [37.782471, 55.792799], [37.781998, 55.792732], [37.781743, 55.792697], [37.781489, 55.792661], [37.780933, 55.792578], [37.780076, 55.79246], [37.779846, 55.792424], [37.779694, 55.792403], [37.778715, 55.792268], [37.777531, 55.792103], [37.777409, 55.792085], [37.777251, 55.792058], [37.777087, 55.79203], [37.776897, 55.791991], [37.776044, 55.791743], [37.775543, 55.791596], [37.775349, 55.79154], [37.774667, 55.791332], [37.774388, 55.791248], [37.774328, 55.79123], [37.772721, 55.790746], [37.772148, 55.790573], [37.771667, 55.790427], [37.771479, 55.790372], [37.771064, 55.790248], [37.770649, 55.790123], [37.770563, 55.790097], [37.770307, 55.790019], [37.769731, 55.789845], [37.768455, 55.789462], [37.767921, 55.789309], [37.767347, 55.789158], [37.766758, 55.789018], [37.766158, 55.788897], [37.765556, 55.788786], [37.764848, 55.788673], [37.764308, 55.788603], [37.763788, 55.788543], [37.763301, 55.788494], [37.762913, 55.788462], [37.762712, 55.788443], [37.762597, 55.788426], [37.762473, 55.788379], [37.762462, 55.788374], [37.76236, 55.78833], [37.762349, 55.788316], [37.7623, 55.788257], [37.762291, 55.788191], [37.76229, 55.788176], [37.762327, 55.78803], [37.762413, 55.787688], [37.762422, 55.787654], [37.762544, 55.787192], [37.762564, 55.787114], [37.762578, 55.787039], [37.762563, 55.787005], [37.762547, 55.786966], [37.762499, 55.786925], [37.762475, 55.786903], [37.76237, 55.786857], [37.762243, 55.786833], [37.761749, 55.786818], [37.761669, 55.786815], [37.760343, 55.786774], [37.759573, 55.786752], [37.758503, 55.786724], [37.754684, 55.786643], [37.751298, 55.786612], [37.751125, 55.786607], [37.750863, 55.786607], [37.750802, 55.786605], [37.750319, 55.786595], [37.748068, 55.786548], [37.747951, 55.786546], [37.747702, 55.786541], [37.747605, 55.786529], [37.747531, 55.786521], [37.747442, 55.786503], [37.747223, 55.786408], [37.74598, 55.78572], [37.745837, 55.785629], [37.745683, 55.785486], [37.745646, 55.785407], [37.745641, 55.785278], [37.745862, 55.784116], [37.745889, 55.783971], [37.745953, 55.783655], [37.745912, 55.78355], [37.745852, 55.783462], [37.745801, 55.783416], [37.745753, 55.783378], [37.745619, 55.7833], [37.745589, 55.783291], [37.745526, 55.783273], [37.745362, 55.783245], [37.74517, 55.783231], [37.744078, 55.783207], [37.742664, 55.783155], [37.742439, 55.783146], [37.73914, 55.783022], [37.738964, 55.783015], [37.738808, 55.783009], [37.738633, 55.783004], [37.737536, 55.782964], [37.735596, 55.782884], [37.733814, 55.782811], [37.733604, 55.782802], [37.731029, 55.782696], [37.730888, 55.78269], [37.730655, 55.782682], [37.730505, 55.782676], [37.728713, 55.782608], [37.725261, 55.782472], [37.724983, 55.782462], [37.722741, 55.782369], [37.722679, 55.782366], [37.722509, 55.782358], [37.722263, 55.782349], [37.722027, 55.78234], [37.721882, 55.782335], [37.721359, 55.782317], [37.721147, 55.782309], [37.720349, 55.782281], [37.719454, 55.782246], [37.719448, 55.782246], [37.719204, 55.782238], [37.719142, 55.782238], [37.719085, 55.782241], [37.719021, 55.782253], [37.718965, 55.782267], [37.718916, 55.782287], [37.718904, 55.782293], [37.718854, 55.78232], [37.718823, 55.782349], [37.718794, 55.782387], [37.718779, 55.782409], [37.718697, 55.782602], [37.718552, 55.78294], [37.718421, 55.783255], [37.71832, 55.783506], [37.718299, 55.783559], [37.718278, 55.783611], [37.718247, 55.7837], [37.718169, 55.783912], [37.718168, 55.783915], [37.718073, 55.784161], [37.717976, 55.784421], [37.717859, 55.784772], [37.717737, 55.78516], [37.717703, 55.785275], [37.717632, 55.785506], [37.717572, 55.785711], [37.717551, 55.785784], [37.717413, 55.786257], [37.717215, 55.786938], [37.717142, 55.787188], [37.717085, 55.787375], [37.717063, 55.787447], [37.716944, 55.787829], [37.716917, 55.787917], [37.716885, 55.788027], [37.716788, 55.788369], [37.716718, 55.788615], [37.716639, 55.788916], [37.716623, 55.788975], [37.716515, 55.789413], [37.716493, 55.789497], [37.716469, 55.789574], [37.716423, 55.789722], [37.716331, 55.790015], [37.716118, 55.790732], [37.716028, 55.791041], [37.715906, 55.791433], [37.715862, 55.791565], [37.715835, 55.79162], [37.715811, 55.791653], [37.715789, 55.79168], [37.715763, 55.791708], [37.715712, 55.791754], [37.715636, 55.791808], [37.71525, 55.792044], [37.715126, 55.792119], [37.714965, 55.792231], [37.714925, 55.792268], [37.714894, 55.792302], [37.71486, 55.792349], [37.714838, 55.792393], [37.714823, 55.792436], [37.714785, 55.792544], [37.714777, 55.792621], [37.714742, 55.792969], [37.714691, 55.793469], [37.714605, 55.794434], [37.714596, 55.794508], [37.714551, 55.794979], [37.71454, 55.79509], [37.714509, 55.795418], [37.714493, 55.795548], [37.714468, 55.795701], [37.714458, 55.795764], [37.714441, 55.795854], [37.714437, 55.795885], [37.71443, 55.795952], [37.714411, 55.796101], [37.714397, 55.796249], [37.71439, 55.796325], [37.71438, 55.796421], [37.714363, 55.796614], [37.714357, 55.796683], [37.714359, 55.796739], [37.714365, 55.796783], [37.714381, 55.796829], [37.71441, 55.796876], [37.71445, 55.796922], [37.714509, 55.79697], [37.714729, 55.79712], [37.714799, 55.797175], [37.714846, 55.797224], [37.714886, 55.797273], [37.714912, 55.797323], [37.714923, 55.797365], [37.71492, 55.797412], [37.714908, 55.797462], [37.714884, 55.797513], [37.714841, 55.797574], [37.714717, 55.797721], [37.714417, 55.79808], [37.713524, 55.799177], [37.713517, 55.799186], [37.713119, 55.799657], [37.713023, 55.799779], [37.712877, 55.799965], [37.71269, 55.800189], [37.712432, 55.800516], [37.712241, 55.800724], [37.711896, 55.800981], [37.711588, 55.801175], [37.711353, 55.801322], [37.711283, 55.801366], [37.711258, 55.801381], [37.711168, 55.801435], [37.710854, 55.801625], [37.710338, 55.801941], [37.709243, 55.80261], [37.708917, 55.802812], [37.708769, 55.802904], [37.708113, 55.803326], [37.707966, 55.803424], [37.707813, 55.803542], [37.707658, 55.803705], [37.707592, 55.803809], [37.707555, 55.80391], [37.707468, 55.80413], [37.707442, 55.804196], [37.707298, 55.804567], [37.707251, 55.804698], [37.707196, 55.80485], [37.707163, 55.804953], [37.706955, 55.805515], [37.706427, 55.806848], [37.706356, 55.807006], [37.706211, 55.80733], [37.706066, 55.807664], [37.706029, 55.807772], [37.70601, 55.80783], [37.705849, 55.808298], [37.705781, 55.808514], [37.705752, 55.808611], [37.705734, 55.808671], [37.705655, 55.808788], [37.705408, 55.80897], [37.705271, 55.809063], [37.704993, 55.809245], [37.704372, 55.809641], [37.703934, 55.809907], [37.70349, 55.810184], [37.703246, 55.81033], [37.703066, 55.810435], [37.703029, 55.810455], [37.702704, 55.810631], [37.70241, 55.810764], [37.701993, 55.810938], [37.701388, 55.81117], [37.701136, 55.811254], [37.700364, 55.811513], [37.700122, 55.811599], [37.699754, 55.811728], [37.699358, 55.811867], [37.698905, 55.812027], [37.698035, 55.81235], [37.697888, 55.812405], [37.697855, 55.812417], [37.697573, 55.812535], [37.697426, 55.812604], [37.697215, 55.81272], [37.696925, 55.812912], [37.696834, 55.812987], [37.695813, 55.813828], [37.695749, 55.813881], [37.695685, 55.813935], [37.69554, 55.814056], [37.695305, 55.814258], [37.69522, 55.814332], [37.695189, 55.814348], [37.695072, 55.814416], [37.694872, 55.814524], [37.694746, 55.814588], [37.694657, 55.814633], [37.694614, 55.814653], [37.6945, 55.814705], [37.694172, 55.814853], [37.693261, 55.81523], [37.693075, 55.815313], [37.692866, 55.815406], [37.692654, 55.815501], [37.692485, 55.815581], [37.692391, 55.815628], [37.691223, 55.816216], [37.69082, 55.816386], [37.690562, 55.816487], [37.690199, 55.816583], [37.689362, 55.816806], [37.688909, 55.816925], [37.68879, 55.816957], [37.68835, 55.817073], [37.688251, 55.817099], [37.688174, 55.817113], [37.688122, 55.817119], [37.688111, 55.81712], [37.68808, 55.817122], [37.688025, 55.817122], [37.687959, 55.817121], [37.687948, 55.817119], [37.687907, 55.817112], [37.687813, 55.817082], [37.687334, 55.816895], [37.686892, 55.816719], [37.686127, 55.816413], [37.685432, 55.816135], [37.685326, 55.816092], [37.685183, 55.816023], [37.685096, 55.815965], [37.685019, 55.815864], [37.684946, 55.815722], [37.68491, 55.81565], [37.684874, 55.815598], [37.684834, 55.815557], [37.684821, 55.815544], [37.684787, 55.81552], [37.684733, 55.815491], [37.684682, 55.81547], [37.68463, 55.815451], [37.684534, 55.815434], [37.68447, 55.815422], [37.684411, 55.815419], [37.684298, 55.815419], [37.684019, 55.81546], [37.683416, 55.815562], [37.683241, 55.815592], [37.683, 55.815663], [37.682715, 55.81577], [37.68225, 55.815977], [37.681032, 55.816548], [37.680255, 55.816918], [37.680194, 55.816947], [37.679817, 55.817128], [37.679561, 55.817225], [37.679379, 55.817268], [37.679196, 55.817305], [37.679104, 55.817321], [37.678668, 55.817394], [37.67825, 55.817464], [37.678206, 55.817472], [37.678166, 55.817477], [37.678051, 55.817497], [37.677941, 55.817516], [37.677391, 55.817604], [37.677008, 55.817669], [37.675755, 55.817893], [37.675575, 55.817925], [37.67522, 55.81801], [37.671795, 55.818984], [37.671324, 55.81912], [37.670881, 55.819244], [37.670322, 55.819406], [37.66834, 55.819982], [37.667552, 55.820202], [37.666971, 55.820375], [37.666255, 55.820587], [37.664375, 55.821121], [37.663941, 55.821247], [37.663833, 55.821279], [37.663061, 55.821503], [37.662383, 55.821716], [37.662139, 55.821792], [37.660394, 55.822323], [37.660243, 55.822369], [37.660157, 55.822395], [37.658775, 55.822813], [37.658004, 55.823052], [37.657705, 55.823142], [37.657553, 55.823189], [37.657098, 55.823347], [37.656802, 55.823446], [37.656071, 55.823691], [37.655694, 55.823819], [37.655169, 55.823997], [37.654888, 55.824093], [37.654698, 55.824157], [37.653518, 55.824559], [37.653198, 55.824672], [37.652912, 55.82477], [37.652386, 55.824959], [37.652179, 55.825033], [37.651902, 55.825176], [37.651731, 55.825271], [37.65158, 55.825362], [37.651494, 55.825413], [37.651241, 55.825539], [37.651086, 55.825602], [37.649303, 55.826195], [37.648725, 55.82639], [37.648106, 55.826601], [37.647881, 55.826674], [37.647868, 55.826678], [37.647242, 55.826896], [37.647011, 55.82697], [37.64672, 55.82706], [37.646543, 55.827111], [37.646097, 55.827242], [37.645915, 55.827298], [37.64579, 55.827335], [37.645715, 55.827357], [37.64563, 55.827377], [37.645587, 55.827385], [37.645544, 55.82739], [37.645496, 55.827395], [37.645447, 55.827397], [37.645407, 55.827397], [37.645366, 55.827397], [37.645322, 55.827394], [37.645272, 55.827388], [37.645223, 55.827376], [37.645181, 55.82736], [37.645159, 55.827351], [37.645138, 55.827341], [37.645082, 55.827313], [37.644961, 55.827249], [37.644863, 55.827197], [37.64389, 55.826683], [37.642467, 55.825969], [37.642265, 55.825873], [37.640954, 55.825188], [37.639461, 55.82442], [37.639315, 55.82434], [37.638272, 55.823805], [37.637949, 55.823639], [37.637827, 55.823577], [37.637776, 55.823552], [37.637581, 55.823444], [37.636783, 55.823038], [37.636499, 55.822889], [37.636227, 55.822737], [37.635841, 55.82252], [37.635531, 55.822341], [37.635382, 55.822248], [37.635278, 55.822193], [37.63527, 55.822189], [37.635175, 55.822141], [37.635079, 55.822093], [37.635039, 55.822078], [37.634954, 55.82206], [37.634895, 55.822061], [37.634842, 55.822063], [37.634609, 55.82207], [37.63417, 55.822084], [37.633908, 55.822092], [37.632263, 55.822142], [37.631442, 55.822168], [37.631184, 55.822158], [37.630943, 55.822128], [37.630911, 55.822122], [37.63084, 55.822109], [37.629749, 55.821898], [37.62929, 55.821837], [37.628605, 55.821841], [37.628395, 55.821843], [37.625707, 55.821857], [37.625132, 55.821858], [37.624879, 55.821861], [37.623221, 55.821881], [37.622575, 55.821884], [37.622128, 55.821886], [37.62165, 55.821888], [37.61996, 55.821889], [37.619723, 55.821889], [37.619642, 55.821891], [37.619593, 55.821891], [37.619565, 55.821892], [37.619538, 55.821893], [37.61951, 55.821895], [37.619483, 55.821897], [37.619454, 55.8219], [37.619427, 55.821904], [37.619401, 55.821909], [37.619377, 55.821916], [37.619353, 55.821922], [37.61933, 55.821931], [37.619308, 55.821939], [37.61929, 55.821947], [37.619271, 55.821957], [37.619253, 55.821967], [37.619236, 55.821979], [37.619222, 55.821992], [37.619208, 55.822004], [37.619199, 55.822017], [37.619189, 55.822031], [37.619181, 55.822046], [37.619175, 55.82206], [37.61917, 55.822075], [37.619168, 55.822089], [37.619166, 55.822103], [37.619166, 55.822117], [37.619165, 55.82213], [37.619154, 55.822387], [37.619153, 55.822406], [37.619151, 55.822425], [37.619149, 55.822445], [37.619146, 55.822466], [37.619143, 55.822483], [37.619136, 55.822502], [37.61913, 55.822519], [37.619122, 55.822536], [37.619111, 55.822553], [37.619096, 55.822569], [37.619078, 55.822585], [37.619056, 55.8226], [37.619029, 55.822612], [37.619, 55.822623], [37.61897, 55.822632], [37.618937, 55.822641], [37.618904, 55.822647], [37.618872, 55.822651], [37.618839, 55.822654], [37.618807, 55.822657], [37.618451, 55.822676], [37.617843, 55.822707], [37.617229, 55.822737]]}, "properties": {"kind": "track", "route": 11, "direction": 1, "osm_id": 920053, "from": "Восточное Измайлово", "to": "Усадьба Останкино"}}, {"type": "Feature", "geometry": {"type": "Point", "coordinates": [37.820891, 55.7936335]}, "properties": {"kind": "stop", "route": 11, "direction": 1, "seq": 1, "osm_id": 1468322377, "name": "Восточное Измайлово"}}, {"type": "Feature", "geometry": {"type": "Point", "coordinates": [37.818272, 55.7935877]}, "properties": {"kind": "stop", "route": 11, "direction": 1, "seq": 2, "osm_id": 1468322489, "name": "15-я Парковая улица"}}, {"type": "Feature", "geometry": {"type": "Point", "coordinates": [37.8118479, 55.7934805]}, "properties": {"kind": "stop", "route": 11, "direction": 1, "seq": 3, "osm_id": 1468322484, "name": "13-я Парковая улица"}}, {"type": "Feature", "geometry": {"type": "Point", "coordinates": [37.8045229, 55.7933493]}, "properties": {"kind": "stop", "route": 11, "direction": 1, "seq": 4, "osm_id": 1468321477, "name": "Районный центр «Первомайский»"}}, {"type": "Feature", "geometry": {"type": "Point", "coordinates": [37.7983325, 55.7932646]}, "properties": {"kind": "stop", "route": 11, "direction": 1, "seq": 5, "osm_id": 1468321517, "name": "Метро «Первомайская»"}}, {"type": "Feature", "geometry": {"type": "Point", "coordinates": [37.7930404, 55.7932036]}, "properties": {"kind": "stop", "route": 11, "direction": 1, "seq": 6, "osm_id": 1468322523, "name": "7-я Парковая улица"}}, {"type": "Feature", "geometry": {"type": "Point", "coordinates": [37.7873217, 55.7930605]}, "properties": {"kind": "stop", "route": 11, "direction": 1, "seq": 7, "osm_id": 1468322521, "name": "5-я Парковая улица"}}, {"type": "Feature", "geometry": {"type": "Point", "coordinates": [37.7819983, 55.7927325]}, "properties": {"kind": "stop", "route": 11, "direction": 1, "seq": 8, "osm_id": 1468322508, "name": "3-я Парковая улица"}}, {"type": "Feature", "geometry": {"type": "Point", "coordinates": [37.7746675, 55.7913317]}, "properties": {"kind": "stop", "route": 11, "direction": 1, "seq": 9, "osm_id": 1468321464, "name": "Измайловская площадь"}}, {"type": "Feature", "geometry": {"type": "Point", "coordinates": [37.7706495, 55.7901232]}, "properties": {"kind": "stop", "route": 11, "direction": 1, "seq": 10, "osm_id": 4725748726, "name": "Галерея «Измайлово»"}}, {"type": "Feature", "geometry": {"type": "Point", "coordinates": [37.7603431, 55.7867745]}, "properties": {"kind": "stop", "route": 11, "direction": 1, "seq": 11, "osm_id": 275634390, "name": "Главная аллея"}}, {"type": "Feature", "geometry": {"type": "Point", "coordinates": [37.7511246, 55.7866072]}, "properties": {"kind": "stop", "route": 11, "direction": 1, "seq": 12, "osm_id": 1468321511, "name": "Метро «Партизанская»"}}, {"type": "Feature", "geometry": {"type": "Point", "coordinates": [37.7458895, 55.7839713]}, "properties": {"kind": "stop", "route": 11, "direction": 1, "seq": 13, "osm_id": 1478068142, "name": "Мост Окружной железной дороги"}}, {"type": "Feature", "geometry": {"type": "Point", "coordinates": [37.7391403, 55.7830217]}, "properties": {"kind": "stop", "route": 11, "direction": 1, "seq": 14, "osm_id": 1475230092, "name": "Фортунатовская улица"}}, {"type": "Feature", "geometry": {"type": "Point", "coordinates": [37.7310291, 55.7826955]}, "properties": {"kind": "stop", "route": 11, "direction": 1, "seq": 15, "osm_id": 1475230075, "name": "Улица Ибрагимова"}}, {"type": "Feature", "geometry": {"type": "Point", "coordinates": [37.7213594, 55.7823168]}, "properties": {"kind": "stop", "route": 11, "direction": 1, "seq": 16, "osm_id": 1475230086, "name": "Метро «Семёновская»"}}, {"type": "Feature", "geometry": {"type": "Point", "coordinates": [37.7183203, 55.783506]}, "properties": {"kind": "stop", "route": 11, "direction": 1, "seq": 17, "osm_id": 1475300562, "name": "Метро «Семёновская»"}}, {"type": "Feature", "geometry": {"type": "Point", "coordinates": [37.7171421, 55.7871881]}, "properties": {"kind": "stop", "route": 11, "direction": 1, "seq": 18, "osm_id": 1475300537, "name": "Улица Измайловский Вал"}}, {"type": "Feature", "geometry": {"type": "Point", "coordinates": [37.7152501, 55.7920437]}, "properties": {"kind": "stop", "route": 11, "direction": 1, "seq": 19, "osm_id": 14222056864, "name": "Преображенское кладбище"}}, {"type": "Feature", "geometry": {"type": "Point", "coordinates": [37.7145508, 55.7949786]}, "properties": {"kind": "stop", "route": 11, "direction": 1, "seq": 20, "osm_id": 695657549, "name": "Метро «Преображенская площадь»"}}, {"type": "Feature", "geometry": {"type": "Point", "coordinates": [37.7147987, 55.7971751]}, "properties": {"kind": "stop", "route": 11, "direction": 1, "seq": 21, "osm_id": 1984681607, "name": "Метро «Преображенская площадь»"}}, {"type": "Feature", "geometry": {"type": "Point", "coordinates": [37.7126904, 55.8001894]}, "properties": {"kind": "stop", "route": 11, "direction": 1, "seq": 22, "osm_id": 1984681624, "name": "Улица Хромова"}}, {"type": "Feature", "geometry": {"type": "Point", "coordinates": [37.7072979, 55.8045675]}, "properties": {"kind": "stop", "route": 11, "direction": 1, "seq": 23, "osm_id": 1984681574, "name": "Мосгорсуд"}}, {"type": "Feature", "geometry": {"type": "Point", "coordinates": [37.7064271, 55.8068477]}, "properties": {"kind": "stop", "route": 11, "direction": 1, "seq": 24, "osm_id": 1984681580, "name": "Телерадиокомпания «Мир»"}}, {"type": "Feature", "geometry": {"type": "Point", "coordinates": [37.7039343, 55.8099066]}, "properties": {"kind": "stop", "route": 11, "direction": 1, "seq": 25, "osm_id": 1984682066, "name": "1-я Прогонная улица"}}, {"type": "Feature", "geometry": {"type": "Point", "coordinates": [37.6975726, 55.8125354]}, "properties": {"kind": "stop", "route": 11, "direction": 1, "seq": 26, "osm_id": 1984681646, "name": "Инновационный университет"}}, {"type": "Feature", "geometry": {"type": "Point", "coordinates": [37.6941724, 55.8148527]}, "properties": {"kind": "stop", "route": 11, "direction": 1, "seq": 27, "osm_id": 275350289, "name": "Богородский храм"}}, {"type": "Feature", "geometry": {"type": "Point", "coordinates": [37.6893623, 55.8168065]}, "properties": {"kind": "stop", "route": 11, "direction": 1, "seq": 28, "osm_id": 718450772, "name": "Богатырский мост"}}, {"type": "Feature", "geometry": {"type": "Point", "coordinates": [37.6849464, 55.815722]}, "properties": {"kind": "stop", "route": 11, "direction": 1, "seq": 29, "osm_id": 239836747, "name": "Ростокинский проезд"}}, {"type": "Feature", "geometry": {"type": "Point", "coordinates": [37.6786682, 55.8173939]}, "properties": {"kind": "stop", "route": 11, "direction": 1, "seq": 30, "osm_id": 718450763, "name": "Лингвистический университет"}}, {"type": "Feature", "geometry": {"type": "Point", "coordinates": [37.6713237, 55.8191196]}, "properties": {"kind": "stop", "route": 11, "direction": 1, "seq": 31, "osm_id": 287393722, "name": "Станция юных натуралистов"}}, {"type": "Feature", "geometry": {"type": "Point", "coordinates": [37.6621394, 55.8217922]}, "properties": {"kind": "stop", "route": 11, "direction": 1, "seq": 32, "osm_id": 1677617703, "name": "Площадь Академика Люльки"}}, {"type": "Feature", "geometry": {"type": "Point", "coordinates": [37.658004, 55.8230517]}, "properties": {"kind": "stop", "route": 11, "direction": 1, "seq": 33, "osm_id": 1677617745, "name": "улица Бориса Галушкина, 17"}}, {"type": "Feature", "geometry": {"type": "Point", "coordinates": [37.6523865, 55.8249588]}, "properties": {"kind": "stop", "route": 11, "direction": 1, "seq": 34, "osm_id": 1677617750, "name": "Ярославская улица"}}, {"type": "Feature", "geometry": {"type": "Point", "coordinates": [37.6487246, 55.8263898]}, "properties": {"kind": "stop", "route": 11, "direction": 1, "seq": 35, "osm_id": 1677617714, "name": "Проспект Мира"}}, {"type": "Feature", "geometry": {"type": "Point", "coordinates": [37.6460967, 55.8272421]}, "properties": {"kind": "stop", "route": 11, "direction": 1, "seq": 36, "osm_id": 535516914, "name": "ВДНХ (северный вход)"}}, {"type": "Feature", "geometry": {"type": "Point", "coordinates": [37.6382716, 55.8238048]}, "properties": {"kind": "stop", "route": 11, "direction": 1, "seq": 37, "osm_id": 535516842, "name": "Метро «ВДНХ»"}}, {"type": "Feature", "geometry": {"type": "Point", "coordinates": [37.6339085, 55.822092]}, "properties": {"kind": "stop", "route": 11, "direction": 1, "seq": 38, "osm_id": 1046562062, "name": "ВДНХ (южный вход)"}}, {"type": "Feature", "geometry": {"type": "Point", "coordinates": [37.6286054, 55.8218406]}, "properties": {"kind": "stop", "route": 11, "direction": 1, "seq": 39, "osm_id": 1046561946, "name": "Улица Цандера"}}, {"type": "Feature", "geometry": {"type": "Point", "coordinates": [37.6221282, 55.8218859]}, "properties": {"kind": "stop", "route": 11, "direction": 1, "seq": 40, "osm_id": 535516828, "name": "Аргуновская улица"}}, {"type": "Feature", "geometry": {"type": "Point", "coordinates": [37.6172291, 55.8227374]}, "properties": {"kind": "stop", "route": 11, "direction": 1, "seq": 41, "osm_id": 3236023227, "name": "Усадьба Останкино"}}, {"type": "Feature", "geometry": {"type": "LineString", "coordinates": [[37.820891, 55.793633], [37.820607, 55.793628], [37.819605, 55.79361], [37.819359, 55.793605], [37.819211, 55.793603], [37.819038, 55.793599], [37.818272, 55.793588], [37.817986, 55.793583], [37.817218, 55.793571], [37.816497, 55.793563], [37.81555, 55.793548], [37.81474, 55.793533], [37.81463, 55.793532], [37.813789, 55.793517], [37.81307, 55.793504], [37.812805, 55.793497], [37.812638, 55.793495], [37.812528, 55.793493], [37.811848, 55.793481], [37.811511, 55.793474], [37.810484, 55.793455], [37.810266, 55.793449], [37.810139, 55.793447], [37.809455, 55.793435], [37.809329, 55.793433], [37.808787, 55.793424], [37.807807, 55.793407], [37.806845, 55.79339], [37.806038, 55.793376], [37.805755, 55.793371], [37.805577, 55.793368], [37.805422, 55.793366], [37.805167, 55.793361], [37.804523, 55.793349], [37.804297, 55.793345], [37.803452, 55.793331], [37.80336, 55.793329], [37.802449, 55.793312], [37.8022, 55.793307], [37.800928, 55.793288], [37.800133, 55.793275], [37.799748, 55.793268], [37.799454, 55.793265], [37.799228, 55.793265], [37.798614, 55.793262], [37.798333, 55.793265], [37.798031, 55.793268], [37.797972, 55.793269], [37.797558, 55.793279], [37.797228, 55.79328], [37.796847, 55.793277], [37.79674, 55.793276], [37.796586, 55.793272], [37.795067, 55.793242], [37.794391, 55.793229], [37.79418, 55.793225], [37.794038, 55.793221], [37.793878, 55.793218], [37.79353, 55.793213], [37.79304, 55.793204], [37.79283, 55.7932], [37.79103, 55.793164], [37.790815, 55.793157], [37.790587, 55.793148], [37.790298, 55.793137], [37.789386, 55.793097], [37.78875, 55.793079], [37.788422, 55.793074], [37.788253, 55.793072], [37.788035, 55.793071], [37.78758, 55.793064], [37.787322, 55.793061], [37.787146, 55.793058], [37.785871, 55.79304], [37.785752, 55.793037], [37.785075, 55.793023], [37.784818, 55.793012], [37.784103, 55.792956], [37.783984, 55.792946], [37.783526, 55.792908], [37.783148, 55.79288], [37.782998, 55.792865], [37.782827, 55.792845], [37.782471, 55.792799], [37.781998, 55.792732], [37.781743, 55.792697], [37.781489, 55.792661], [37.780933, 55.792578], [37.780076, 55.79246], [37.779846, 55.792424], [37.779694, 55.792403], [37.778715, 55.792268], [37.777531, 55.792103], [37.777409, 55.792085], [37.777251, 55.792058], [37.777087, 55.79203], [37.776897, 55.791991], [37.776044, 55.791743], [37.775543, 55.791596], [37.775349, 55.79154], [37.774667, 55.791332], [37.774388, 55.791248], [37.774328, 55.79123], [37.772721, 55.790746], [37.772148, 55.790573], [37.771667, 55.790427], [37.771479, 55.790372], [37.771064, 55.790248], [37.770649, 55.790123], [37.770563, 55.790097], [37.770307, 55.790019], [37.769731, 55.789845], [37.768455, 55.789462], [37.767921, 55.789309], [37.767347, 55.789158], [37.766758, 55.789018], [37.766158, 55.788897], [37.765556, 55.788786], [37.764848, 55.788673], [37.764308, 55.788603], [37.763788, 55.788543], [37.763301, 55.788494], [37.762913, 55.788462], [37.762712, 55.788443], [37.762597, 55.788426], [37.762473, 55.788379], [37.762462, 55.788374], [37.76236, 55.78833], [37.762349, 55.788316], [37.7623, 55.788257], [37.762291, 55.788191], [37.76229, 55.788176], [37.762327, 55.78803], [37.762413, 55.787688], [37.762422, 55.787654], [37.762544, 55.787192], [37.762564, 55.787114], [37.762578, 55.787039], [37.762563, 55.787005], [37.762547, 55.786966], [37.762499, 55.786925], [37.762475, 55.786903], [37.76237, 55.786857], [37.762243, 55.786833], [37.761749, 55.786818], [37.761669, 55.786815], [37.760343, 55.786774], [37.759573, 55.786752], [37.758503, 55.786724], [37.754684, 55.786643], [37.751298, 55.786612], [37.751125, 55.786607], [37.750863, 55.786607], [37.750802, 55.786605], [37.750319, 55.786595], [37.748068, 55.786548], [37.747951, 55.786546], [37.747702, 55.786541], [37.747605, 55.786529], [37.747531, 55.786521], [37.747442, 55.786503], [37.747223, 55.786408], [37.74598, 55.78572], [37.745837, 55.785629], [37.745683, 55.785486], [37.745646, 55.785407], [37.745641, 55.785278], [37.745862, 55.784116], [37.745889, 55.783971], [37.745953, 55.783655], [37.745912, 55.78355], [37.745852, 55.783462], [37.745801, 55.783416], [37.745753, 55.783378], [37.745619, 55.7833], [37.745589, 55.783291], [37.745526, 55.783273], [37.745362, 55.783245], [37.74517, 55.783231], [37.744078, 55.783207], [37.742664, 55.783155], [37.742439, 55.783146], [37.73914, 55.783022], [37.738964, 55.783015], [37.738808, 55.783009], [37.738633, 55.783004], [37.737536, 55.782964], [37.735596, 55.782884], [37.733814, 55.782811], [37.733604, 55.782802], [37.731029, 55.782696], [37.730888, 55.78269], [37.730655, 55.782682], [37.730505, 55.782676], [37.728713, 55.782608], [37.725261, 55.782472], [37.724983, 55.782462], [37.722741, 55.782369], [37.722679, 55.782366], [37.722509, 55.782358], [37.722263, 55.782349], [37.722027, 55.78234], [37.721882, 55.782335], [37.721359, 55.782317], [37.721147, 55.782309], [37.720349, 55.782281], [37.719454, 55.782246], [37.719448, 55.782246], [37.719321, 55.782233], [37.71925, 55.782221], [37.719166, 55.782202], [37.719117, 55.782183], [37.719042, 55.782153], [37.718989, 55.782128], [37.718971, 55.78212], [37.718928, 55.782093], [37.718904, 55.782078], [37.718859, 55.782045], [37.718845, 55.782035], [37.71878, 55.781966], [37.718732, 55.78188], [37.718703, 55.78179], [37.718645, 55.781629], [37.718544, 55.781348], [37.718261, 55.780499], [37.718231, 55.780409], [37.718216, 55.780346], [37.718213, 55.780334], [37.718211, 55.780265], [37.718213, 55.780259], [37.718222, 55.780227], [37.718227, 55.780209], [37.71827, 55.780151], [37.718281, 55.780143], [37.718333, 55.780104], [37.71842, 55.780065], [37.71851, 55.780037], [37.718618, 55.780009], [37.718752, 55.77998], [37.718902, 55.779953], [37.719037, 55.779933], [37.719363, 55.779889], [37.720197, 55.779777], [37.720301, 55.779763], [37.720361, 55.779754], [37.720426, 55.779739], [37.720477, 55.779721], [37.720534, 55.779693], [37.720561, 55.779674], [37.720591, 55.779642], [37.72061, 55.779608], [37.720616, 55.779581], [37.72062, 55.779566], [37.720623, 55.779523], [37.720625, 55.779507], [37.720624, 55.779494], [37.720603, 55.778925], [37.720598, 55.778805], [37.720596, 55.778749], [37.720594, 55.778722], [37.720594, 55.778707], [37.72059, 55.778594], [37.720595, 55.778519], [37.720605, 55.778449], [37.720624, 55.778391], [37.720657, 55.778326], [37.720712, 55.778246], [37.720769, 55.778167], [37.720881, 55.778039], [37.720951, 55.777961], [37.721407, 55.777456], [37.722892, 55.775829], [37.723657, 55.774993], [37.724808, 55.773729], [37.724894, 55.773635], [37.725856, 55.772573], [37.725947, 55.772473], [37.726007, 55.772406], [37.727845, 55.770374], [37.728084, 55.770108], [37.728333, 55.76983], [37.729307, 55.768748], [37.730162, 55.767808], [37.730237, 55.767726], [37.730696, 55.767221], [37.731262, 55.766602], [37.732143, 55.76564], [37.732352, 55.765415], [37.734282, 55.76334], [37.734386, 55.763226], [37.734556, 55.763031], [37.734648, 55.762928], [37.736246, 55.761212], [37.736525, 55.760914], [37.736652, 55.760777], [37.736762, 55.760658], [37.739916, 55.75721], [37.740188, 55.756913], [37.740285, 55.756803], [37.740453, 55.756614], [37.740456, 55.756545], [37.740437, 55.756474], [37.740404, 55.756425], [37.740381, 55.7564], [37.740316, 55.756352], [37.740253, 55.756321], [37.740156, 55.756288], [37.738327, 55.755897], [37.737576, 55.755736], [37.736644, 55.755546], [37.73411, 55.755027], [37.732304, 55.754673], [37.727984, 55.753832], [37.727004, 55.753646], [37.726343, 55.753519], [37.725388, 55.753336], [37.723873, 55.753049], [37.723748, 55.753025], [37.721992, 55.752673], [37.721736, 55.752626], [37.721512, 55.752586], [37.720598, 55.75241], [37.719419, 55.752183], [37.719056, 55.752112], [37.717724, 55.751833], [37.717573, 55.751798], [37.717386, 55.751766], [37.717337, 55.751758], [37.717241, 55.751742], [37.717164, 55.751731], [37.717108, 55.751725], [37.717069, 55.75172], [37.716828, 55.751695], [37.716721, 55.751681], [37.716625, 55.751667], [37.716493, 55.751644], [37.715733, 55.751503], [37.715589, 55.751472], [37.715476, 55.751444], [37.715357, 55.75141], [37.715043, 55.751317], [37.714933, 55.751287], [37.714831, 55.751261], [37.714696, 55.751232], [37.714013, 55.751103], [37.713665, 55.751036], [37.713541, 55.75101], [37.713515, 55.751004], [37.713102, 55.750912], [37.712907, 55.750875], [37.710689, 55.750441], [37.710464, 55.750393], [37.709087, 55.750129], [37.708964, 55.750105], [37.707854, 55.749895], [37.706008, 55.749532], [37.705357, 55.749405], [37.704631, 55.749264], [37.703835, 55.74912], [37.7034, 55.749038], [37.7029, 55.748969], [37.702502, 55.748903], [37.702175, 55.748841], [37.701158, 55.748648], [37.700856, 55.748593], [37.700282, 55.748485], [37.700098, 55.748443], [37.699961, 55.748407], [37.699804, 55.748365], [37.699634, 55.74832], [37.698982, 55.748185], [37.698284, 55.74811], [37.696951, 55.748005], [37.696522, 55.747985], [37.696036, 55.747971], [37.695019, 55.747905], [37.694877, 55.747895], [37.694504, 55.747858], [37.692763, 55.747707], [37.689001, 55.747422], [37.688625, 55.747396], [37.686439, 55.74726], [37.684582, 55.747108], [37.682944, 55.746978], [37.682193, 55.746918], [37.68194, 55.746897], [37.681572, 55.746868], [37.681394, 55.746853], [37.681252, 55.746865], [37.681172, 55.746872], [37.681119, 55.746877], [37.680828, 55.746937], [37.680705, 55.746945], [37.680549, 55.746937], [37.68047, 55.746914], [37.680388, 55.746879], [37.680339, 55.746837], [37.680303, 55.746793], [37.680282, 55.746763], [37.680205, 55.746662], [37.680099, 55.746528], [37.680042, 55.746469], [37.679868, 55.746277], [37.679775, 55.746174], [37.679553, 55.745918], [37.679309, 55.745626], [37.67907, 55.745373], [37.678902, 55.745225], [37.678517, 55.744886], [37.678433, 55.744813], [37.678121, 55.744536], [37.677874, 55.744286], [37.677433, 55.743813], [37.677043, 55.743392], [37.676946, 55.743294], [37.676581, 55.742902], [37.676373, 55.74268], [37.675723, 55.741996], [37.67538, 55.741616], [37.675056, 55.741292], [37.674352, 55.74053], [37.674016, 55.740187], [37.673876, 55.740045], [37.673782, 55.739931], [37.673635, 55.739786], [37.673204, 55.739235], [37.673141, 55.7391], [37.67313, 55.73908], [37.673031, 55.738866], [37.672746, 55.738422], [37.672583, 55.738186], [37.672443, 55.737981], [37.672163, 55.737573], [37.671427, 55.736507], [37.671305, 55.736332], [37.671051, 55.735965], [37.670964, 55.735839], [37.67083, 55.735666], [37.670588, 55.735434], [37.670341, 55.735215], [37.670002, 55.734922], [37.668957, 55.734019], [37.668846, 55.733923], [37.668747, 55.733822], [37.668611, 55.733705], [37.668474, 55.733607], [37.667503, 55.733028], [37.667419, 55.732977], [37.66733, 55.732925], [37.666909, 55.732684], [37.66653, 55.732509], [37.66635, 55.732402], [37.666274, 55.732348], [37.665903, 55.732128], [37.665328, 55.731777], [37.665005, 55.731641], [37.664786, 55.731586], [37.664183, 55.731468], [37.663991, 55.731431], [37.663568, 55.731334], [37.662996, 55.731203], [37.662949, 55.731193], [37.661373, 55.730862], [37.661303, 55.730847], [37.661254, 55.730831], [37.661201, 55.730806], [37.661161, 55.730777], [37.661084, 55.730701], [37.661083, 55.730671], [37.661085, 55.730626], [37.661102, 55.730579], [37.661191, 55.730425], [37.661475, 55.730019], [37.662093, 55.729059], [37.662488, 55.728446], [37.662684, 55.728133], [37.662883, 55.727843], [37.663047, 55.727548], [37.663118, 55.727399], [37.663184, 55.727247], [37.663275, 55.727039], [37.663341, 55.726889], [37.663427, 55.726689], [37.663493, 55.726525], [37.66358, 55.726309], [37.663643, 55.726109], [37.663691, 55.725908], [37.663761, 55.725593], [37.66384, 55.72528], [37.663937, 55.724867], [37.663987, 55.724653], [37.664022, 55.72433], [37.66404, 55.72395], [37.664044, 55.723783], [37.664037, 55.723147], [37.664046, 55.723045], [37.664055, 55.722997], [37.664077, 55.722952], [37.664133, 55.722886], [37.664235, 55.722834], [37.664349, 55.722807], [37.664477, 55.722781], [37.664969, 55.722684], [37.665356, 55.722608], [37.665875, 55.722506], [37.668587, 55.72197], [37.66911, 55.721873], [37.671895, 55.721316], [37.672716, 55.721156], [37.672894, 55.721121], [37.673292, 55.721036], [37.673896, 55.720915], [37.673943, 55.720904], [37.673995, 55.720892], [37.674065, 55.720868], [37.674159, 55.720822], [37.674211, 55.720784], [37.674231, 55.720768], [37.674261, 55.720738], [37.674379, 55.720602], [37.674431, 55.72053], [37.67569, 55.71883], [37.676025, 55.718378], [37.67614, 55.718223], [37.676203, 55.718128], [37.676471, 55.717777], [37.67678, 55.717374], [37.67785, 55.715978], [37.677935, 55.715858], [37.677967, 55.715812], [37.678012, 55.715755], [37.678288, 55.715405]]}, "properties": {"kind": "track", "route": 12, "direction": 0, "osm_id": 14258874, "from": "Восточное Измайлово", "to": "МЦК Дубровка"}}, {"type": "Feature", "geometry": {"type": "Point", "coordinates": [37.820891, 55.7936335]}, "properties": {"kind": "stop", "route": 12, "direction": 0, "seq": 1, "osm_id": 1468322377, "name": "Восточное Измайлово"}}, {"type": "Feature", "geometry": {"type": "Point", "coordinates": [37.818272, 55.7935877]}, "properties": {"kind": "stop", "route": 12, "direction": 0, "seq": 2, "osm_id": 1468322489, "name": "15-я Парковая улица"}}, {"type": "Feature", "geometry": {"type": "Point", "coordinates": [37.8118479, 55.7934805]}, "properties": {"kind": "stop", "route": 12, "direction": 0, "seq": 3, "osm_id": 1468322484, "name": "13-я Парковая улица"}}, {"type": "Feature", "geometry": {"type": "Point", "coordinates": [37.8045229, 55.7933493]}, "properties": {"kind": "stop", "route": 12, "direction": 0, "seq": 4, "osm_id": 1468321477, "name": "Районный центр «Первомайский»"}}, {"type": "Feature", "geometry": {"type": "Point", "coordinates": [37.7983325, 55.7932646]}, "properties": {"kind": "stop", "route": 12, "direction": 0, "seq": 5, "osm_id": 1468321517, "name": "Метро «Первомайская»"}}, {"type": "Feature", "geometry": {"type": "Point", "coordinates": [37.7930404, 55.7932036]}, "properties": {"kind": "stop", "route": 12, "direction": 0, "seq": 6, "osm_id": 1468322523, "name": "7-я Парковая улица"}}, {"type": "Feature", "geometry": {"type": "Point", "coordinates": [37.7873217, 55.7930605]}, "properties": {"kind": "stop", "route": 12, "direction": 0, "seq": 7, "osm_id": 1468322521, "name": "5-я Парковая улица"}}, {"type": "Feature", "geometry": {"type": "Point", "coordinates": [37.7819983, 55.7927325]}, "properties": {"kind": "stop", "route": 12, "direction": 0, "seq": 8, "osm_id": 1468322508, "name": "3-я Парковая улица"}}, {"type": "Feature", "geometry": {"type": "Point", "coordinates": [37.7746675, 55.7913317]}, "properties": {"kind": "stop", "route": 12, "direction": 0, "seq": 9, "osm_id": 1468321464, "name": "Измайловская площадь"}}, {"type": "Feature", "geometry": {"type": "Point", "coordinates": [37.7706495, 55.7901232]}, "properties": {"kind": "stop", "route": 12, "direction": 0, "seq": 10, "osm_id": 4725748726, "name": "Галерея «Измайлово»"}}, {"type": "Feature", "geometry": {"type": "Point", "coordinates": [37.7603431, 55.7867745]}, "properties": {"kind": "stop", "route": 12, "direction": 0, "seq": 11, "osm_id": 275634390, "name": "Главная аллея"}}, {"type": "Feature", "geometry": {"type": "Point", "coordinates": [37.7511246, 55.7866072]}, "properties": {"kind": "stop", "route": 12, "direction": 0, "seq": 12, "osm_id": 1468321511, "name": "Метро «Партизанская»"}}, {"type": "Feature", "geometry": {"type": "Point", "coordinates": [37.7458895, 55.7839713]}, "properties": {"kind": "stop", "route": 12, "direction": 0, "seq": 13, "osm_id": 1478068142, "name": "Мост Окружной железной дороги"}}, {"type": "Feature", "geometry": {"type": "Point", "coordinates": [37.7391403, 55.7830217]}, "properties": {"kind": "stop", "route": 12, "direction": 0, "seq": 14, "osm_id": 1475230092, "name": "Фортунатовская улица"}}, {"type": "Feature", "geometry": {"type": "Point", "coordinates": [37.7310291, 55.7826955]}, "properties": {"kind": "stop", "route": 12, "direction": 0, "seq": 15, "osm_id": 1475230075, "name": "Улица Ибрагимова"}}, {"type": "Feature", "geometry": {"type": "Point", "coordinates": [37.7213594, 55.7823168]}, "properties": {"kind": "stop", "route": 12, "direction": 0, "seq": 16, "osm_id": 1475230086, "name": "Метро «Семёновская»"}}, {"type": "Feature", "geometry": {"type": "Point", "coordinates": [37.7186448, 55.7816286]}, "properties": {"kind": "stop", "route": 12, "direction": 0, "seq": 17, "osm_id": 10981951406, "name": "Семёновская площадь"}}, {"type": "Feature", "geometry": {"type": "Point", "coordinates": [37.7214071, 55.7774559]}, "properties": {"kind": "stop", "route": 12, "direction": 0, "seq": 18, "osm_id": 1240945537, "name": "Кирпичная улица"}}, {"type": "Feature", "geometry": {"type": "Point", "coordinates": [37.7248082, 55.7737288]}, "properties": {"kind": "stop", "route": 12, "direction": 0, "seq": 19, "osm_id": 1240945431, "name": "Стадион «Крылья Советов»"}}, {"type": "Feature", "geometry": {"type": "Point", "coordinates": [37.7283335, 55.7698304]}, "properties": {"kind": "stop", "route": 12, "direction": 0, "seq": 20, "osm_id": 1240945606, "name": "9-я улица Соколиной Горы"}}, {"type": "Feature", "geometry": {"type": "Point", "coordinates": [37.7301625, 55.7678082]}, "properties": {"kind": "stop", "route": 12, "direction": 0, "seq": 21, "osm_id": 496982780, "name": "8-я улица Соколиной Горы"}}, {"type": "Feature", "geometry": {"type": "Point", "coordinates": [37.7323525, 55.7654149]}, "properties": {"kind": "stop", "route": 12, "direction": 0, "seq": 22, "osm_id": 1240945554, "name": "Проспект Будённого, 24"}}, {"type": "Feature", "geometry": {"type": "Point", "coordinates": [37.7342825, 55.7633396]}, "properties": {"kind": "stop", "route": 12, "direction": 0, "seq": 23, "osm_id": 1240945520, "name": "5-я улица Соколиной Горы"}}, {"type": "Feature", "geometry": {"type": "Point", "coordinates": [37.7365245, 55.7609137]}, "properties": {"kind": "stop", "route": 12, "direction": 0, "seq": 24, "osm_id": 1240945509, "name": "3-я улица Соколиной Горы"}}, {"type": "Feature", "geometry": {"type": "Point", "coordinates": [37.7401876, 55.7569129]}, "properties": {"kind": "stop", "route": 12, "direction": 0, "seq": 25, "osm_id": 1240945404, "name": "Гаражная улица"}}, {"type": "Feature", "geometry": {"type": "Point", "coordinates": [37.7375763, 55.7557358]}, "properties": {"kind": "stop", "route": 12, "direction": 0, "seq": 26, "osm_id": 4886738301, "name": "Улица Буракова"}}, {"type": "Feature", "geometry": {"type": "Point", "coordinates": [37.7238732, 55.7530488]}, "properties": {"kind": "stop", "route": 12, "direction": 0, "seq": 27, "osm_id": 800886899, "name": "Дом культуры «Компрессор»"}}, {"type": "Feature", "geometry": {"type": "Point", "coordinates": [37.7205977, 55.7524097]}, "properties": {"kind": "stop", "route": 12, "direction": 0, "seq": 28, "osm_id": 7618078829, "name": "Метро «Авиамоторная»"}}, {"type": "Feature", "geometry": {"type": "Point", "coordinates": [37.7157334, 55.7515035]}, "properties": {"kind": "stop", "route": 12, "direction": 0, "seq": 29, "osm_id": 800886916, "name": "Метро «Авиамоторная»"}}, {"type": "Feature", "geometry": {"type": "Point", "coordinates": [37.7090873, 55.7501287]}, "properties": {"kind": "stop", "route": 12, "direction": 0, "seq": 30, "osm_id": 12255909527, "name": "Горбатый путепровод"}}, {"type": "Feature", "geometry": {"type": "Point", "coordinates": [37.7011578, 55.7486484]}, "properties": {"kind": "stop", "route": 12, "direction": 0, "seq": 31, "osm_id": 3015998527, "name": "Душинская улица"}}, {"type": "Feature", "geometry": {"type": "Point", "coordinates": [37.6950191, 55.7479046]}, "properties": {"kind": "stop", "route": 12, "direction": 0, "seq": 32, "osm_id": 1642037491, "name": "Старообрядческая улица"}}, {"type": "Feature", "geometry": {"type": "Point", "coordinates": [37.6890012, 55.7474223]}, "properties": {"kind": "stop", "route": 12, "direction": 0, "seq": 33, "osm_id": 800893049, "name": "МЦД Москва-Товарная"}}, {"type": "Feature", "geometry": {"type": "Point", "coordinates": [37.6815721, 55.7468677]}, "properties": {"kind": "stop", "route": 12, "direction": 0, "seq": 34, "osm_id": 3006961598, "name": "Метро «Площадь Ильича»"}}, {"type": "Feature", "geometry": {"type": "Point", "coordinates": [37.6789019, 55.745225]}, "properties": {"kind": "stop", "route": 12, "direction": 0, "seq": 35, "osm_id": 4886738267, "name": "Библиотечная улица"}}, {"type": "Feature", "geometry": {"type": "Point", "coordinates": [37.6765805, 55.7429023]}, "properties": {"kind": "stop", "route": 12, "direction": 0, "seq": 36, "osm_id": 2793196397, "name": "Новорогожская улица"}}, {"type": "Feature", "geometry": {"type": "Point", "coordinates": [37.6743521, 55.74053]}, "properties": {"kind": "stop", "route": 12, "direction": 0, "seq": 37, "osm_id": 472373351, "name": "Малая Андроньевская улица"}}, {"type": "Feature", "geometry": {"type": "Point", "coordinates": [37.6724428, 55.7379807]}, "properties": {"kind": "stop", "route": 12, "direction": 0, "seq": 38, "osm_id": 13596692006, "name": "Абельмановская Застава"}}, {"type": "Feature", "geometry": {"type": "Point", "coordinates": [37.6705882, 55.7354342]}, "properties": {"kind": "stop", "route": 12, "direction": 0, "seq": 39, "osm_id": 472383741, "name": "Кинотеатр «Победа»"}}, {"type": "Feature", "geometry": {"type": "Point", "coordinates": [37.6629956, 55.7312027]}, "properties": {"kind": "stop", "route": 12, "direction": 0, "seq": 40, "osm_id": 1377604237, "name": "Метро «Пролетарская»"}}, {"type": "Feature", "geometry": {"type": "Point", "coordinates": [37.6614748, 55.7300191]}, "properties": {"kind": "stop", "route": 12, "direction": 0, "seq": 41, "osm_id": 60672864, "name": "Динамовская улица"}}, {"type": "Feature", "geometry": {"type": "Point", "coordinates": [37.663341, 55.7268893]}, "properties": {"kind": "stop", "route": 12, "direction": 0, "seq": 42, "osm_id": 476913290, "name": "Арбатецкая улица"}}, {"type": "Feature", "geometry": {"type": "Point", "coordinates": [37.6640216, 55.72433]}, "properties": {"kind": "stop", "route": 12, "direction": 0, "seq": 43, "osm_id": 476913291, "name": "Шарикоподшипниковская улица"}}, {"type": "Feature", "geometry": {"type": "Point", "coordinates": [37.6685871, 55.7219704]}, "properties": {"kind": "stop", "route": 12, "direction": 0, "seq": 44, "osm_id": 253063603, "name": "ЦНИИТМАШ"}}, {"type": "Feature", "geometry": {"type": "Point", "coordinates": [37.6738955, 55.7209155]}, "properties": {"kind": "stop", "route": 12, "direction": 0, "seq": 45, "osm_id": 60672874, "name": "Новоостаповская улица"}}, {"type": "Feature", "geometry": {"type": "Point", "coordinates": [37.6762027, 55.7181284]}, "properties": {"kind": "stop", "route": 12, "direction": 0, "seq": 46, "osm_id": 736360073, "name": "Метро «Дубровка»"}}, {"type": "Feature", "geometry": {"type": "Point", "coordinates": [37.6782884, 55.7154054]}, "properties": {"kind": "stop", "route": 12, "direction": 0, "seq": 47, "osm_id": 476913292, "name": "МЦК Дубровка"}}, {"type": "Feature", "geometry": {"type": "LineString", "coordinates": [[37.678471, 55.715241], [37.678095, 55.715741], [37.678029, 55.715826], [37.677974, 55.715896], [37.677902, 55.715988], [37.676839, 55.717388], [37.67653, 55.717795], [37.67651, 55.717821], [37.676083, 55.718394], [37.675749, 55.718842], [37.674533, 55.720475], [37.674437, 55.720607], [37.674314, 55.720753], [37.674276, 55.720786], [37.674236, 55.720817], [37.674199, 55.720842], [37.674154, 55.720868], [37.674095, 55.720894], [37.67402, 55.720918], [37.673917, 55.720944], [37.673312, 55.721064], [37.673254, 55.721075], [37.672907, 55.721147], [37.672731, 55.721182], [37.671914, 55.721348], [37.669126, 55.721902], [37.668263, 55.722068], [37.665894, 55.722536], [37.665377, 55.722639], [37.664989, 55.722715], [37.664501, 55.722812], [37.664384, 55.722835], [37.664232, 55.722875], [37.664191, 55.722899], [37.664157, 55.722936], [37.664122, 55.722997], [37.664112, 55.723046], [37.664108, 55.723147], [37.664109, 55.723628], [37.664111, 55.723956], [37.664075, 55.72433], [37.664043, 55.724654], [37.663993, 55.724874], [37.663899, 55.725282], [37.663819, 55.725603], [37.66375, 55.725915], [37.6637, 55.726115], [37.663636, 55.726311], [37.663554, 55.726528], [37.663486, 55.726697], [37.663401, 55.726901], [37.663335, 55.727045], [37.663237, 55.727257], [37.663167, 55.727407], [37.663094, 55.727556], [37.662928, 55.727852], [37.662735, 55.728143], [37.662541, 55.728452], [37.662148, 55.729071], [37.661539, 55.730028], [37.661265, 55.730437], [37.66118, 55.730585], [37.66116, 55.730635], [37.661161, 55.730689], [37.661202, 55.730737], [37.661226, 55.73076], [37.661264, 55.730784], [37.661353, 55.730821], [37.661393, 55.73083], [37.664068, 55.731409], [37.664208, 55.731437], [37.66443, 55.731482], [37.664836, 55.731563], [37.665171, 55.731633], [37.666159, 55.731774], [37.666801, 55.731878], [37.666968, 55.731928], [37.667099, 55.731993], [37.667351, 55.732196], [37.66749, 55.732336], [37.667614, 55.732453], [37.667972, 55.732749], [37.668233, 55.732993], [37.668536, 55.733284], [37.668641, 55.733388], [37.668743, 55.733487], [37.668829, 55.733571], [37.668967, 55.733696], [37.669084, 55.733804], [37.669549, 55.734197], [37.670142, 55.734751], [37.670473, 55.73503], [37.670579, 55.735129], [37.670718, 55.735318], [37.670909, 55.735631], [37.671015, 55.735824], [37.671106, 55.73595], [37.671379, 55.736322], [37.671475, 55.736462], [37.672216, 55.737522], [37.67224, 55.737556], [37.672618, 55.738114], [37.672658, 55.738171], [37.672714, 55.73825], [37.672812, 55.738406], [37.672862, 55.738484], [37.672899, 55.738543], [37.673038, 55.738763], [37.673128, 55.738898], [37.673197, 55.739065], [37.673214, 55.739108], [37.673264, 55.739228], [37.6737, 55.739771], [37.67392, 55.740026], [37.674068, 55.740169], [37.675108, 55.741279], [37.675429, 55.741603], [37.675772, 55.741984], [37.676418, 55.742672], [37.676994, 55.743275], [37.677064, 55.74336], [37.677297, 55.743605], [37.677496, 55.743807], [37.677926, 55.744273], [37.67817, 55.744519], [37.678489, 55.744802], [37.678568, 55.744871], [37.67895, 55.745203], [37.679128, 55.745356], [37.679364, 55.745611], [37.679606, 55.745903], [37.679826, 55.746161], [37.679919, 55.746264], [37.680092, 55.746456], [37.680158, 55.746527], [37.680263, 55.746661], [37.680342, 55.746763], [37.68037, 55.746793], [37.680399, 55.746823], [37.680445, 55.746859], [37.680506, 55.746886], [37.680569, 55.746904], [37.680698, 55.746914], [37.680816, 55.746897], [37.680964, 55.746867], [37.681136, 55.746834], [37.681181, 55.746832], [37.681245, 55.746828], [37.681317, 55.746825], [37.681395, 55.746825], [37.681948, 55.746866], [37.682938, 55.746944], [37.684596, 55.747074], [37.686449, 55.747228], [37.688395, 55.747352], [37.688632, 55.747367], [37.692776, 55.747672], [37.694574, 55.747831], [37.694885, 55.747861], [37.696034, 55.747935], [37.69644, 55.74795], [37.696952, 55.747972], [37.698292, 55.748079], [37.698995, 55.748155], [37.699655, 55.748292], [37.699926, 55.748363], [37.700047, 55.748395], [37.700121, 55.748415], [37.700306, 55.748463], [37.700876, 55.748564], [37.701175, 55.748618], [37.702102, 55.748795], [37.702518, 55.748874], [37.702916, 55.748938], [37.703417, 55.74901], [37.703851, 55.749091], [37.70465, 55.749234], [37.705376, 55.749376], [37.706026, 55.749502], [37.707873, 55.749865], [37.708849, 55.75005], [37.708981, 55.750075], [37.710481, 55.750365], [37.710708, 55.750413], [37.712926, 55.75085], [37.71307, 55.750881], [37.71325, 55.750919], [37.713328, 55.750934], [37.713527, 55.750982], [37.713637, 55.751011], [37.714025, 55.751083], [37.714711, 55.751209], [37.714848, 55.751238], [37.714955, 55.751263], [37.715066, 55.751296], [37.715366, 55.751385], [37.715497, 55.751422], [37.715607, 55.751449], [37.715749, 55.75148], [37.716145, 55.751555], [37.716506, 55.751621], [37.716637, 55.751643], [37.71673, 55.751658], [37.716836, 55.75167], [37.717077, 55.751696], [37.717122, 55.751701], [37.717172, 55.751707], [37.717252, 55.751718], [37.71735, 55.751734], [37.717576, 55.751774], [37.717734, 55.75181], [37.719074, 55.752083], [37.719449, 55.752156], [37.720326, 55.752327], [37.721527, 55.752562], [37.72176, 55.752606], [37.721998, 55.752651], [37.723767, 55.752988], [37.7263, 55.753484], [37.72702, 55.753621], [37.727999, 55.753806], [37.732327, 55.754649], [37.734133, 55.755006], [37.736576, 55.755503], [37.737774, 55.755743], [37.738357, 55.755867], [37.740159, 55.756251], [37.74029, 55.756291], [37.740371, 55.756331], [37.740441, 55.756387], [37.740472, 55.756425], [37.74049, 55.756443], [37.740512, 55.756493], [37.740529, 55.756538], [37.740529, 55.756562], [37.74051, 55.756616], [37.740331, 55.756819], [37.739971, 55.757225], [37.739906, 55.757298], [37.736894, 55.760591], [37.736808, 55.760687], [37.736707, 55.760794], [37.7363, 55.761229], [37.73484, 55.762791], [37.7347, 55.762942], [37.734601, 55.763044], [37.734434, 55.76324], [37.734333, 55.763356], [37.732408, 55.765433], [37.732195, 55.765655], [37.731323, 55.76662], [37.730763, 55.767239], [37.730306, 55.767745], [37.730035, 55.768032], [37.728192, 55.770062], [37.728135, 55.770124], [37.727895, 55.770389], [37.726058, 55.77242], [37.725998, 55.772487], [37.725907, 55.772587], [37.725094, 55.773486], [37.724945, 55.773651], [37.723712, 55.775009], [37.722959, 55.775836], [37.721473, 55.77747], [37.721, 55.777975], [37.720931, 55.778053], [37.72082, 55.77818], [37.720764, 55.778258], [37.72071, 55.778337], [37.720678, 55.778398], [37.72066, 55.778453], [37.720651, 55.778521], [37.720646, 55.778595], [37.720651, 55.778689], [37.720652, 55.778739], [37.720653, 55.778756], [37.720655, 55.778839], [37.720659, 55.778926], [37.72068, 55.779496], [37.720681, 55.779507], [37.720678, 55.779534], [37.720676, 55.779569], [37.720673, 55.779582], [37.720664, 55.779615], [37.720643, 55.779654], [37.720614, 55.779685], [37.72056, 55.779722], [37.72051, 55.779747], [37.720452, 55.779767], [37.720379, 55.779784], [37.720315, 55.779794], [37.720215, 55.779807], [37.71938, 55.779919], [37.719051, 55.779963], [37.718918, 55.779983], [37.718771, 55.78001], [37.71864, 55.780038], [37.718535, 55.780065], [37.718451, 55.780091], [37.718373, 55.780126], [37.718323, 55.780164], [37.718289, 55.780206], [37.718281, 55.780217], [37.718267, 55.780268], [37.718269, 55.780333], [37.718286, 55.780404], [37.718318, 55.780495], [37.718618, 55.781348], [37.718764, 55.781785], [37.718798, 55.781874], [37.718838, 55.781948], [37.718895, 55.782017], [37.718909, 55.782027], [37.718953, 55.782057], [37.719017, 55.782095], [37.719064, 55.782117], [37.719077, 55.782123], [37.719141, 55.782149], [37.719265, 55.782191], [37.719349, 55.782205], [37.719453, 55.782217], [37.719457, 55.782217], [37.720354, 55.782256], [37.72115, 55.782283], [37.721348, 55.78229], [37.722265, 55.782325], [37.722511, 55.782336], [37.722682, 55.782344], [37.724985, 55.782437], [37.725265, 55.782448], [37.726284, 55.782483], [37.727843, 55.782544], [37.728716, 55.782578], [37.729754, 55.782619], [37.730508, 55.782649], [37.730616, 55.782653], [37.730664, 55.782654], [37.730891, 55.782664], [37.733607, 55.782774], [37.733818, 55.782783], [37.7356, 55.782857], [37.737533, 55.782937], [37.738427, 55.782967], [37.738636, 55.782975], [37.738812, 55.782982], [37.738968, 55.782987], [37.742442, 55.783117], [37.74266, 55.783124], [37.745172, 55.783203], [37.745374, 55.783215], [37.745548, 55.783243], [37.745637, 55.783269], [37.74571, 55.783295], [37.745788, 55.78334], [37.745859, 55.783394], [37.745917, 55.783451], [37.745981, 55.783545], [37.746015, 55.783653], [37.745951, 55.783973], [37.745926, 55.784121], [37.745699, 55.785283], [37.745704, 55.785405], [37.745738, 55.785468], [37.745848, 55.785583], [37.746028, 55.785695], [37.747272, 55.786373], [37.7475, 55.786471], [37.74761, 55.786484], [37.747712, 55.786496], [37.747948, 55.786501], [37.748009, 55.786502], [37.750645, 55.786558], [37.7509, 55.786562], [37.751084, 55.786564], [37.751298, 55.786567], [37.754686, 55.786598], [37.758506, 55.786679], [37.759577, 55.786707], [37.761682, 55.786769], [37.761758, 55.786772], [37.762242, 55.786788], [37.762396, 55.786815], [37.762516, 55.786865], [37.762526, 55.78687], [37.7626, 55.786946], [37.762605, 55.786951], [37.762639, 55.787039], [37.762617, 55.78712], [37.762597, 55.787199], [37.762481, 55.787659], [37.762473, 55.78769], [37.762386, 55.788036], [37.762352, 55.788173], [37.762354, 55.78819], [37.762362, 55.788253], [37.762381, 55.788273], [37.76242, 55.788311], [37.762516, 55.788356], [37.762543, 55.788366], [37.762631, 55.788397], [37.762737, 55.788413], [37.762923, 55.78843], [37.763318, 55.788463], [37.763794, 55.788511], [37.764328, 55.788573], [37.764895, 55.788647], [37.765566, 55.788759], [37.766175, 55.788869], [37.76678, 55.788995], [37.767367, 55.789135], [37.767954, 55.789282], [37.768482, 55.789434], [37.769756, 55.78982], [37.770335, 55.789989], [37.770593, 55.790067], [37.771396, 55.790309], [37.771507, 55.790343], [37.77169, 55.790401], [37.772187, 55.79055], [37.772746, 55.79072], [37.774353, 55.791204], [37.774412, 55.791222], [37.775161, 55.791447], [37.775375, 55.791511], [37.775564, 55.791566], [37.776068, 55.791716], [37.776908, 55.79196], [37.777078, 55.791997], [37.77726, 55.792028], [37.777423, 55.792054], [37.777547, 55.792071], [37.778545, 55.79221], [37.778731, 55.792235], [37.779708, 55.792371], [37.77986, 55.792392], [37.780091, 55.792427], [37.780948, 55.792547], [37.781507, 55.792631], [37.781757, 55.792667], [37.782486, 55.79277], [37.782837, 55.792817], [37.783012, 55.792835], [37.783158, 55.792849], [37.783537, 55.792878], [37.783977, 55.792914], [37.784112, 55.792926], [37.784166, 55.792931], [37.784827, 55.792981], [37.785079, 55.79299], [37.785754, 55.793003], [37.785872, 55.793005], [37.787147, 55.793026], [37.787584, 55.793031], [37.788036, 55.79304], [37.788251, 55.793043], [37.788423, 55.793046], [37.789137, 55.793059], [37.789388, 55.793065], [37.790306, 55.793106], [37.790588, 55.793116], [37.790788, 55.793124], [37.791034, 55.793131], [37.792832, 55.793168], [37.793532, 55.793182], [37.793878, 55.793188], [37.794039, 55.793192], [37.794181, 55.793194], [37.79488, 55.793205], [37.79497, 55.793206], [37.795068, 55.793209], [37.796084, 55.79323], [37.796586, 55.793241], [37.796741, 55.793243], [37.796848, 55.793245], [37.797226, 55.79325], [37.797552, 55.793247], [37.797971, 55.793238], [37.798026, 55.793237], [37.798701, 55.793227], [37.799228, 55.793232], [37.799455, 55.793231], [37.799751, 55.793232], [37.800666, 55.793251], [37.80093, 55.793256], [37.801423, 55.793266], [37.802451, 55.793282], [37.803362, 55.793297], [37.803452, 55.793298], [37.804298, 55.793312], [37.80519, 55.793327], [37.805422, 55.79333], [37.805578, 55.793333], [37.805757, 55.793337], [37.806576, 55.793352], [37.806847, 55.793357], [37.807811, 55.793375], [37.808789, 55.793392], [37.809458, 55.793404], [37.810141, 55.793417], [37.810266, 55.79342], [37.810486, 55.793425], [37.811512, 55.793443], [37.81228, 55.793456], [37.81253, 55.793461], [37.81264, 55.793463], [37.812808, 55.793466], [37.813074, 55.793471], [37.813382, 55.793477], [37.81379, 55.793485], [37.814631, 55.793501], [37.814745, 55.793502], [37.815552, 55.793513], [37.8165, 55.79353], [37.817226, 55.79354], [37.817988, 55.79355], [37.819038, 55.793567], [37.819212, 55.79357], [37.819361, 55.793572], [37.82023, 55.793588]]}, "properties": {"kind": "track", "route": 12, "direction": 1, "osm_id": 14258875, "from": "МЦК Дубровка", "to": "15-я Парковая улица"}}, {"type": "Feature", "geometry": {"type": "Point", "coordinates": [37.6784707, 55.7152408]}, "properties": {"kind": "stop", "route": 12, "direction": 1, "seq": 1, "osm_id": 316393162, "name": "МЦК Дубровка"}}, {"type": "Feature", "geometry": {"type": "Point", "coordinates": [37.6765102, 55.7178206]}, "properties": {"kind": "stop", "route": 12, "direction": 1, "seq": 2, "osm_id": 316393161, "name": "Метро «Дубровка»"}}, {"type": "Feature", "geometry": {"type": "Point", "coordinates": [37.6745329, 55.7204753]}, "properties": {"kind": "stop", "route": 12, "direction": 1, "seq": 3, "osm_id": 736521267, "name": "Новоостаповская улица"}}, {"type": "Feature", "geometry": {"type": "Point", "coordinates": [37.6691258, 55.7219023]}, "properties": {"kind": "stop", "route": 12, "direction": 1, "seq": 4, "osm_id": 736521262, "name": "ЦНИИТМАШ"}}, {"type": "Feature", "geometry": {"type": "Point", "coordinates": [37.6641088, 55.7236276]}, "properties": {"kind": "stop", "route": 12, "direction": 1, "seq": 5, "osm_id": 60672869, "name": "Шарикоподшипниковская улица"}}, {"type": "Feature", "geometry": {"type": "Point", "coordinates": [37.6634006, 55.7269009]}, "properties": {"kind": "stop", "route": 12, "direction": 1, "seq": 6, "osm_id": 252906073, "name": "Арбатецкая улица"}}, {"type": "Feature", "geometry": {"type": "Point", "coordinates": [37.6615391, 55.7300282]}, "properties": {"kind": "stop", "route": 12, "direction": 1, "seq": 7, "osm_id": 476913289, "name": "Динамовская улица"}}, {"type": "Feature", "geometry": {"type": "Point", "coordinates": [37.6640683, 55.7314086]}, "properties": {"kind": "stop", "route": 12, "direction": 1, "seq": 8, "osm_id": 1377604239, "name": "Метро «Пролетарская»"}}, {"type": "Feature", "geometry": {"type": "Point", "coordinates": [37.6701423, 55.7347509]}, "properties": {"kind": "stop", "route": 12, "direction": 1, "seq": 9, "osm_id": 476918452, "name": "Кинотеатр «Победа»"}}, {"type": "Feature", "geometry": {"type": "Point", "coordinates": [37.6726175, 55.7381139]}, "properties": {"kind": "stop", "route": 12, "direction": 1, "seq": 10, "osm_id": 477335826, "name": "Абельмановская Застава"}}, {"type": "Feature", "geometry": {"type": "Point", "coordinates": [37.6772973, 55.7436048]}, "properties": {"kind": "stop", "route": 12, "direction": 1, "seq": 11, "osm_id": 801201701, "name": "Новорогожская улица"}}, {"type": "Feature", "geometry": {"type": "Point", "coordinates": [37.6789495, 55.7452034]}, "properties": {"kind": "stop", "route": 12, "direction": 1, "seq": 12, "osm_id": 472373349, "name": "Библиотечная улица"}}, {"type": "Feature", "geometry": {"type": "Point", "coordinates": [37.6819477, 55.746866]}, "properties": {"kind": "stop", "route": 12, "direction": 1, "seq": 13, "osm_id": 846185163, "name": "Метро «Площадь Ильича»"}}, {"type": "Feature", "geometry": {"type": "Point", "coordinates": [37.6883945, 55.7473516]}, "properties": {"kind": "stop", "route": 12, "direction": 1, "seq": 14, "osm_id": 846185156, "name": "МЦД Москва-Товарная"}}, {"type": "Feature", "geometry": {"type": "Point", "coordinates": [37.6927756, 55.7476718]}, "properties": {"kind": "stop", "route": 12, "direction": 1, "seq": 15, "osm_id": 846185158, "name": "Старообрядческая улица"}}, {"type": "Feature", "geometry": {"type": "Point", "coordinates": [37.7021017, 55.7487951]}, "properties": {"kind": "stop", "route": 12, "direction": 1, "seq": 16, "osm_id": 471763710, "name": "Душинская улица"}}, {"type": "Feature", "geometry": {"type": "Point", "coordinates": [37.7088491, 55.7500504]}, "properties": {"kind": "stop", "route": 12, "direction": 1, "seq": 17, "osm_id": 12255909526, "name": "Горбатый путепровод"}}, {"type": "Feature", "geometry": {"type": "Point", "coordinates": [37.7161454, 55.7515552]}, "properties": {"kind": "stop", "route": 12, "direction": 1, "seq": 18, "osm_id": 250722843, "name": "Метро «Авиамоторная»"}}, {"type": "Feature", "geometry": {"type": "Point", "coordinates": [37.7203255, 55.7523273]}, "properties": {"kind": "stop", "route": 12, "direction": 1, "seq": 19, "osm_id": 7618078828, "name": "Метро «Авиамоторная»"}}, {"type": "Feature", "geometry": {"type": "Point", "coordinates": [37.7237671, 55.7529882]}, "properties": {"kind": "stop", "route": 12, "direction": 1, "seq": 20, "osm_id": 695081254, "name": "Дом культуры «Компрессор»"}}, {"type": "Feature", "geometry": {"type": "Point", "coordinates": [37.7377743, 55.7557426]}, "properties": {"kind": "stop", "route": 12, "direction": 1, "seq": 21, "osm_id": 4886738300, "name": "Улица Буракова"}}, {"type": "Feature", "geometry": {"type": "Point", "coordinates": [37.7399065, 55.7572985]}, "properties": {"kind": "stop", "route": 12, "direction": 1, "seq": 22, "osm_id": 695657534, "name": "Гаражная улица"}}, {"type": "Feature", "geometry": {"type": "Point", "coordinates": [37.7368945, 55.7605909]}, "properties": {"kind": "stop", "route": 12, "direction": 1, "seq": 23, "osm_id": 695657531, "name": "3-я улица Соколиной Горы"}}, {"type": "Feature", "geometry": {"type": "Point", "coordinates": [37.7348404, 55.7627908]}, "properties": {"kind": "stop", "route": 12, "direction": 1, "seq": 24, "osm_id": 695657533, "name": "5-я улица Соколиной Горы"}}, {"type": "Feature", "geometry": {"type": "Point", "coordinates": [37.7324078, 55.7654326]}, "properties": {"kind": "stop", "route": 12, "direction": 1, "seq": 25, "osm_id": 695657532, "name": "Проспект Будённого, 24"}}, {"type": "Feature", "geometry": {"type": "Point", "coordinates": [37.7300351, 55.7680317]}, "properties": {"kind": "stop", "route": 12, "direction": 1, "seq": 26, "osm_id": 695657541, "name": "8-я улица Соколиной Горы"}}, {"type": "Feature", "geometry": {"type": "Point", "coordinates": [37.7281916, 55.7700618]}, "properties": {"kind": "stop", "route": 12, "direction": 1, "seq": 27, "osm_id": 695657542, "name": "9-я улица Соколиной Горы"}}, {"type": "Feature", "geometry": {"type": "Point", "coordinates": [37.7250942, 55.7734858]}, "properties": {"kind": "stop", "route": 12, "direction": 1, "seq": 28, "osm_id": 695657539, "name": "Стадион «Крылья Советов»"}}, {"type": "Feature", "geometry": {"type": "Point", "coordinates": [37.7214732, 55.7774701]}, "properties": {"kind": "stop", "route": 12, "direction": 1, "seq": 29, "osm_id": 695657538, "name": "Кирпичная улица"}}, {"type": "Feature", "geometry": {"type": "Point", "coordinates": [37.7203543, 55.7822559]}, "properties": {"kind": "stop", "route": 12, "direction": 1, "seq": 30, "osm_id": 1475230084, "name": "Метро «Семёновская»"}}, {"type": "Feature", "geometry": {"type": "Point", "coordinates": [37.7297544, 55.782619]}, "properties": {"kind": "stop", "route": 12, "direction": 1, "seq": 31, "osm_id": 1475230072, "name": "Улица Ибрагимова"}}, {"type": "Feature", "geometry": {"type": "Point", "coordinates": [37.7384266, 55.782967]}, "properties": {"kind": "stop", "route": 12, "direction": 1, "seq": 32, "osm_id": 1475230089, "name": "Фортунатовская улица"}}, {"type": "Feature", "geometry": {"type": "Point", "coordinates": [37.745951, 55.7839731]}, "properties": {"kind": "stop", "route": 12, "direction": 1, "seq": 33, "osm_id": 1478068143, "name": "Мост Окружной железной дороги"}}, {"type": "Feature", "geometry": {"type": "Point", "coordinates": [37.7506449, 55.7865575]}, "properties": {"kind": "stop", "route": 12, "direction": 1, "seq": 34, "osm_id": 275634389, "name": "Метро «Партизанская»"}}, {"type": "Feature", "geometry": {"type": "Point", "coordinates": [37.7616821, 55.7867695]}, "properties": {"kind": "stop", "route": 12, "direction": 1, "seq": 35, "osm_id": 728258096, "name": "Главная аллея"}}, {"type": "Feature", "geometry": {"type": "Point", "coordinates": [37.771396, 55.7903089]}, "properties": {"kind": "stop", "route": 12, "direction": 1, "seq": 36, "osm_id": 13910949174, "name": "Галерея «Измайлово»"}}, {"type": "Feature", "geometry": {"type": "Point", "coordinates": [37.778545, 55.7922097]}, "properties": {"kind": "stop", "route": 12, "direction": 1, "seq": 37, "osm_id": 1468321457, "name": "Измайловская площадь"}}, {"type": "Feature", "geometry": {"type": "Point", "coordinates": [37.7839766, 55.7929143]}, "properties": {"kind": "stop", "route": 12, "direction": 1, "seq": 38, "osm_id": 1468322504, "name": "3-я Парковая улица"}}, {"type": "Feature", "geometry": {"type": "Point", "coordinates": [37.7891373, 55.7930591]}, "properties": {"kind": "stop", "route": 12, "direction": 1, "seq": 39, "osm_id": 1468322520, "name": "5-я Парковая улица"}}, {"type": "Feature", "geometry": {"type": "Point", "coordinates": [37.7948796, 55.7932051]}, "properties": {"kind": "stop", "route": 12, "direction": 1, "seq": 40, "osm_id": 1468322522, "name": "7-я Парковая улица"}}, {"type": "Feature", "geometry": {"type": "Point", "coordinates": [37.800666, 55.7932507]}, "properties": {"kind": "stop", "route": 12, "direction": 1, "seq": 41, "osm_id": 1468321514, "name": "Метро «Первомайская»"}}, {"type": "Feature", "geometry": {"type": "Point", "coordinates": [37.8065758, 55.7933523]}, "properties": {"kind": "stop", "route": 12, "direction": 1, "seq": 42, "osm_id": 1468321473, "name": "Районный центр «Первомайский»"}}, {"type": "Feature", "geometry": {"type": "Point", "coordinates": [37.8133823, 55.7934768]}, "properties": {"kind": "stop", "route": 12, "direction": 1, "seq": 43, "osm_id": 1468322481, "name": "13-я Парковая улица"}}, {"type": "Feature", "geometry": {"type": "Point", "coordinates": [37.8202296, 55.7935885]}, "properties": {"kind": "stop", "route": 12, "direction": 1, "seq": 44, "osm_id": 1468322487, "name": "15-я Парковая улица"}}, {"type": "Feature", "geometry": {"type": "LineString", "coordinates": [[37.615778, 55.82359], [37.616102, 55.823405], [37.616129, 55.823371], [37.61615, 55.823334], [37.616162, 55.823294], [37.616164, 55.823251], [37.616159, 55.822992], [37.616161, 55.822978], [37.616164, 55.822963], [37.616168, 55.82295], [37.616172, 55.822936], [37.616178, 55.822922], [37.616184, 55.82291], [37.616194, 55.822896], [37.616203, 55.822882], [37.616214, 55.822869], [37.616226, 55.822855], [37.616238, 55.822844], [37.61625, 55.822833], [37.616268, 55.822821], [37.616284, 55.822811], [37.616303, 55.822801], [37.616324, 55.822792], [37.616346, 55.822784], [37.616369, 55.822777], [37.616389, 55.822772], [37.616409, 55.822767], [37.616429, 55.822762], [37.616448, 55.822758], [37.616468, 55.822754], [37.61649, 55.82275], [37.616511, 55.822747], [37.616532, 55.822745], [37.616572, 55.822741], [37.616611, 55.822739], [37.616758, 55.82273], [37.616911, 55.822722], [37.618445, 55.822646], [37.618799, 55.822627], [37.618831, 55.822625], [37.61886, 55.822622], [37.61889, 55.822618], [37.618919, 55.822613], [37.618947, 55.822607], [37.618974, 55.822598], [37.618998, 55.822589], [37.619018, 55.822578], [37.619036, 55.822567], [37.619053, 55.822555], [37.619065, 55.822541], [37.619073, 55.822527], [37.61908, 55.822512], [37.619087, 55.822495], [37.619092, 55.822479], [37.619096, 55.822462], [37.619098, 55.822443], [37.6191, 55.822424], [37.619102, 55.822405], [37.619103, 55.822386], [37.619111, 55.82213], [37.619112, 55.822116], [37.619112, 55.822101], [37.619114, 55.822086], [37.619117, 55.82207], [37.619123, 55.822055], [37.619129, 55.822038], [37.619137, 55.822022], [37.619148, 55.822005], [37.619164, 55.82199], [37.619182, 55.821976], [37.619199, 55.821963], [37.61922, 55.82195], [37.619238, 55.821939], [37.619258, 55.821928], [37.619279, 55.821917], [37.619301, 55.821908], [37.619329, 55.821898], [37.619355, 55.821891], [37.619382, 55.821884], [37.619414, 55.821878], [37.619444, 55.821873], [37.619474, 55.82187], [37.619504, 55.821867], [37.619533, 55.821865], [37.619562, 55.821863], [37.61959, 55.821862], [37.619641, 55.821861], [37.619721, 55.82186], [37.61996, 55.82186], [37.621339, 55.82186], [37.621649, 55.821858], [37.622575, 55.821853], [37.623231, 55.82185], [37.624877, 55.821838], [37.625132, 55.821836], [37.625742, 55.821836], [37.628137, 55.821823], [37.628395, 55.821822], [37.628617, 55.821821], [37.629317, 55.821818], [37.629756, 55.821874], [37.630843, 55.822084], [37.630915, 55.822099], [37.630973, 55.82211], [37.631359, 55.822138], [37.632213, 55.822125], [37.633691, 55.822074], [37.634174, 55.82206], [37.634611, 55.822049], [37.634851, 55.82204], [37.63491, 55.82204], [37.634965, 55.822041], [37.635057, 55.822063], [37.635096, 55.822075], [37.635195, 55.82212], [37.635287, 55.822168], [37.635298, 55.822173], [37.635402, 55.822227], [37.635555, 55.822322], [37.635867, 55.822502], [37.636252, 55.822716], [37.636525, 55.822866], [37.636812, 55.823017], [37.637617, 55.823421], [37.637816, 55.82353], [37.637865, 55.823555], [37.637986, 55.823616], [37.63874, 55.824007], [37.639353, 55.824317], [37.6395, 55.824395], [37.640992, 55.825164], [37.642268, 55.82583], [37.642505, 55.825945], [37.643934, 55.826663], [37.644912, 55.827178], [37.645016, 55.827233], [37.645134, 55.827297], [37.645173, 55.827318], [37.645213, 55.827335], [37.645249, 55.827348], [37.64529, 55.827358], [37.645331, 55.827363], [37.645369, 55.827366], [37.645408, 55.827366], [37.645445, 55.827366], [37.645489, 55.827364], [37.645533, 55.82736], [37.645573, 55.827355], [37.645611, 55.827348], [37.645691, 55.827329], [37.645764, 55.827308], [37.645889, 55.82727], [37.646071, 55.827215], [37.646509, 55.827085], [37.646617, 55.827067], [37.64672, 55.82706], [37.646807, 55.827064], [37.646881, 55.827078], [37.646934, 55.827098], [37.646949, 55.827106], [37.646978, 55.827119], [37.647019, 55.827153], [37.647332, 55.827464], [37.647818, 55.827959], [37.648357, 55.828503], [37.648842, 55.828982], [37.648972, 55.82912], [37.649071, 55.829211], [37.649226, 55.829366], [37.649312, 55.829454], [37.649411, 55.829543], [37.649671, 55.829781], [37.651081, 55.831094], [37.651359, 55.831283], [37.651502, 55.831361], [37.651638, 55.83147], [37.651964, 55.831821], [37.65211, 55.831967], [37.652195, 55.832051], [37.652672, 55.832537], [37.653409, 55.83326], [37.653537, 55.833382], [37.653604, 55.833451], [37.653698, 55.833534], [37.653967, 55.833787], [37.653988, 55.833806], [37.65434, 55.834112], [37.654889, 55.834636], [37.655072, 55.834822], [37.655656, 55.835412], [37.65569, 55.835446], [37.655729, 55.835485], [37.656163, 55.835922], [37.656222, 55.835979], [37.656301, 55.836057], [37.656392, 55.836126], [37.656509, 55.836195], [37.656652, 55.836267], [37.657123, 55.836434], [37.657431, 55.836539], [37.657583, 55.836602], [37.657724, 55.836668], [37.657852, 55.836765], [37.658222, 55.837047], [37.65842, 55.837194], [37.658755, 55.837444], [37.659031, 55.837644], [37.659148, 55.837731], [37.66057, 55.838804], [37.661666, 55.839626], [37.662371, 55.840208], [37.662628, 55.840418], [37.662779, 55.84054], [37.663575, 55.841162], [37.664007, 55.841524], [37.664206, 55.841684], [37.664378, 55.841843], [37.664507, 55.841975], [37.664542, 55.842047], [37.664551, 55.842116], [37.664562, 55.842291], [37.664576, 55.84236], [37.664601, 55.842421], [37.664635, 55.84247], [37.66468, 55.842514], [37.664803, 55.842613], [37.665247, 55.842943], [37.665333, 55.843008], [37.665448, 55.843096], [37.665652, 55.843238], [37.665778, 55.843331], [37.665853, 55.843393], [37.665913, 55.84344], [37.665955, 55.843468], [37.66603, 55.843522], [37.666083, 55.843561], [37.666173, 55.843615], [37.666463, 55.84378], [37.666724, 55.843939], [37.666842, 55.844031], [37.668379, 55.845164], [37.668507, 55.845257], [37.668545, 55.845283], [37.668577, 55.845306], [37.66903, 55.845639], [37.669222, 55.845779], [37.669496, 55.845982], [37.669643, 55.846088], [37.669738, 55.846169], [37.669806, 55.846228], [37.669873, 55.846293], [37.669927, 55.846355], [37.669976, 55.846418], [37.670043, 55.846511], [37.670085, 55.84658], [37.670124, 55.846646], [37.670128, 55.846658], [37.670178, 55.846765], [37.670333, 55.847216], [37.670627, 55.847849], [37.670742, 55.848159], [37.670801, 55.848422], [37.670853, 55.848661], [37.670884, 55.849157], [37.67084, 55.849533], [37.670781, 55.849874], [37.670749, 55.850013], [37.670681, 55.850349], [37.670606, 55.850768], [37.670584, 55.85083], [37.670556, 55.850904], [37.670446, 55.851055], [37.670259, 55.851199], [37.669815, 55.851491], [37.668001, 55.852683], [37.666984, 55.853334], [37.666253, 55.853804], [37.665263, 55.854436], [37.664729, 55.854776], [37.664637, 55.854831], [37.664437, 55.85495], [37.66422, 55.855084], [37.664088, 55.855167], [37.662823, 55.855989], [37.662296, 55.856412], [37.661905, 55.856726], [37.66184, 55.856784], [37.661719, 55.85689], [37.661381, 55.857232], [37.66108, 55.857602], [37.660809, 55.858017], [37.660551, 55.858502], [37.660529, 55.858543], [37.660312, 55.85908], [37.660209, 55.859454], [37.660179, 55.859564], [37.660157, 55.85965], [37.660119, 55.859825], [37.660111, 55.859862], [37.66007, 55.860166], [37.66006, 55.86042], [37.660077, 55.860764], [37.660116, 55.861032], [37.660282, 55.861652], [37.660684, 55.862539], [37.660933, 55.863055], [37.660969, 55.86313], [37.660994, 55.863182], [37.661324, 55.863854], [37.661697, 55.864596], [37.661738, 55.864675], [37.661743, 55.864686], [37.661794, 55.86478], [37.663016, 55.86716], [37.663058, 55.867244], [37.663579, 55.868288], [37.663601, 55.868339], [37.663804, 55.868754], [37.663822, 55.868789], [37.66384, 55.868833], [37.663846, 55.868881], [37.663846, 55.868906], [37.663844, 55.868971], [37.663812, 55.869086], [37.66379, 55.869119], [37.663768, 55.869161], [37.663738, 55.869211], [37.66373, 55.869232], [37.66368, 55.869286], [37.663648, 55.869323], [37.663528, 55.869437], [37.663452, 55.869495], [37.663372, 55.869547], [37.663209, 55.869637], [37.663085, 55.869688], [37.662995, 55.869719], [37.662922, 55.869741], [37.662832, 55.869766], [37.662746, 55.869788], [37.66262, 55.869816], [37.662489, 55.869842], [37.662366, 55.869864], [37.662214, 55.869891], [37.659618, 55.870295], [37.65871, 55.870439], [37.657109, 55.870694], [37.656909, 55.870726], [37.65565, 55.870925], [37.655497, 55.870949], [37.654085, 55.871166], [37.652471, 55.871395], [37.652315, 55.871412], [37.652187, 55.871426], [37.651741, 55.871475], [37.650602, 55.8716], [37.650522, 55.871605], [37.649395, 55.871676], [37.649303, 55.871677], [37.648859, 55.87168], [37.648131, 55.871685], [37.64778, 55.871687], [37.647098, 55.871657], [37.646946, 55.871646], [37.646735, 55.871631], [37.646464, 55.87161], [37.646391, 55.871604], [37.645127, 55.871486], [37.644553, 55.871432], [37.642003, 55.87119], [37.639337, 55.870936], [37.638902, 55.870892], [37.638791, 55.870893], [37.638631, 55.870896], [37.638506, 55.87092], [37.638406, 55.87094], [37.638385, 55.870946], [37.638307, 55.870976], [37.638201, 55.871026], [37.638077, 55.871111], [37.638028, 55.871195], [37.638019, 55.871209], [37.637879, 55.871696], [37.63786, 55.871759], [37.637445, 55.873157], [37.637082, 55.874366], [37.637067, 55.874417], [37.636673, 55.875772], [37.636043, 55.877941], [37.636013, 55.878037], [37.635961, 55.878208], [37.635958, 55.878228], [37.635952, 55.878378], [37.636017, 55.878549], [37.63608, 55.878638], [37.636123, 55.878697], [37.636156, 55.878737], [37.636263, 55.878839], [37.638894, 55.881574], [37.638995, 55.881679], [37.639389, 55.882075], [37.641209, 55.883997], [37.641376, 55.884174], [37.641866, 55.884693], [37.642734, 55.885607], [37.643012, 55.885902], [37.643023, 55.885914], [37.643211, 55.886106], [37.643392, 55.886297], [37.644012, 55.886934], [37.644198, 55.887144], [37.644195, 55.887244], [37.644107, 55.887327], [37.644083, 55.887349], [37.64388, 55.887413], [37.642979, 55.887505]]}, "properties": {"kind": "track", "route": 17, "direction": 0, "osm_id": 540033, "from": "Усадьба Останкино", "to": "Медведково"}}, {"type": "Feature", "geometry": {"type": "Point", "coordinates": [37.6157775, 55.8235904]}, "properties": {"kind": "stop", "route": 17, "direction": 0, "seq": 1, "osm_id": 444863659, "name": "Усадьба Останкино"}}, {"type": "Feature", "geometry": {"type": "Point", "coordinates": [37.6213391, 55.8218598]}, "properties": {"kind": "stop", "route": 17, "direction": 0, "seq": 2, "osm_id": 535844745, "name": "Аргуновская улица"}}, {"type": "Feature", "geometry": {"type": "Point", "coordinates": [37.628137, 55.821823]}, "properties": {"kind": "stop", "route": 17, "direction": 0, "seq": 3, "osm_id": 639572174, "name": "Улица Цандера"}}, {"type": "Feature", "geometry": {"type": "Point", "coordinates": [37.6336906, 55.8220741]}, "properties": {"kind": "stop", "route": 17, "direction": 0, "seq": 4, "osm_id": 535844754, "name": "ВДНХ (южный вход)"}}, {"type": "Feature", "geometry": {"type": "Point", "coordinates": [37.6387399, 55.8240069]}, "properties": {"kind": "stop", "route": 17, "direction": 0, "seq": 5, "osm_id": 535844761, "name": "Метро «ВДНХ»"}}, {"type": "Feature", "geometry": {"type": "Point", "coordinates": [37.6460711, 55.8272146]}, "properties": {"kind": "stop", "route": 17, "direction": 0, "seq": 6, "osm_id": 243894862, "name": "ВДНХ (северный вход)"}}, {"type": "Feature", "geometry": {"type": "Point", "coordinates": [37.6488419, 55.8289817]}, "properties": {"kind": "stop", "route": 17, "direction": 0, "seq": 7, "osm_id": 535844764, "name": "Улица Сергея Эйзенштейна"}}, {"type": "Feature", "geometry": {"type": "Point", "coordinates": [37.6519639, 55.8318212]}, "properties": {"kind": "stop", "route": 17, "direction": 0, "seq": 8, "osm_id": 535844768, "name": "Сельскохозяйственная улица"}}, {"type": "Feature", "geometry": {"type": "Point", "coordinates": [37.6582215, 55.8370466]}, "properties": {"kind": "stop", "route": 17, "direction": 0, "seq": 9, "osm_id": 273091182, "name": "Улица Докукина"}}, {"type": "Feature", "geometry": {"type": "Point", "coordinates": [37.6652471, 55.842943]}, "properties": {"kind": "stop", "route": 17, "direction": 0, "seq": 10, "osm_id": 243896132, "name": "МЦК Ростокино"}}, {"type": "Feature", "geometry": {"type": "Point", "coordinates": [37.6694964, 55.8459816]}, "properties": {"kind": "stop", "route": 17, "direction": 0, "seq": 11, "osm_id": 535844771, "name": "Северянинский путепровод"}}, {"type": "Feature", "geometry": {"type": "Point", "coordinates": [37.6706063, 55.8507675]}, "properties": {"kind": "stop", "route": 17, "direction": 0, "seq": 12, "osm_id": 535844774, "name": "Социальный фонд России"}}, {"type": "Feature", "geometry": {"type": "Point", "coordinates": [37.6647293, 55.8547765]}, "properties": {"kind": "stop", "route": 17, "direction": 0, "seq": 13, "osm_id": 535844813, "name": "Берингов проезд"}}, {"type": "Feature", "geometry": {"type": "Point", "coordinates": [37.6619052, 55.8567262]}, "properties": {"kind": "stop", "route": 17, "direction": 0, "seq": 14, "osm_id": 535844810, "name": "Верхоянская улица"}}, {"type": "Feature", "geometry": {"type": "Point", "coordinates": [37.6602088, 55.8594542]}, "properties": {"kind": "stop", "route": 17, "direction": 0, "seq": 15, "osm_id": 535844779, "name": "Радужная улица"}}, {"type": "Feature", "geometry": {"type": "Point", "coordinates": [37.6616972, 55.8645961]}, "properties": {"kind": "stop", "route": 17, "direction": 0, "seq": 16, "osm_id": 535844816, "name": "Печорская улица"}}, {"type": "Feature", "geometry": {"type": "Point", "coordinates": [37.6635791, 55.8682878]}, "properties": {"kind": "stop", "route": 17, "direction": 0, "seq": 17, "osm_id": 535844818, "name": "Метро «Бабушкинская»"}}, {"type": "Feature", "geometry": {"type": "Point", "coordinates": [37.6596176, 55.8702948]}, "properties": {"kind": "stop", "route": 17, "direction": 0, "seq": 18, "osm_id": 535844784, "name": "Олонецкий проезд"}}, {"type": "Feature", "geometry": {"type": "Point", "coordinates": [37.6523153, 55.8714122]}, "properties": {"kind": "stop", "route": 17, "direction": 0, "seq": 19, "osm_id": 535844788, "name": "Сухонская улица"}}, {"type": "Feature", "geometry": {"type": "Point", "coordinates": [37.6481314, 55.8716849]}, "properties": {"kind": "stop", "route": 17, "direction": 0, "seq": 20, "osm_id": 535844782, "name": "Проезд Шокальского"}}, {"type": "Feature", "geometry": {"type": "Point", "coordinates": [37.6378787, 55.8716961]}, "properties": {"kind": "stop", "route": 17, "direction": 0, "seq": 21, "osm_id": 534957374, "name": "МФЦ «Южное Медведково»"}}, {"type": "Feature", "geometry": {"type": "Point", "coordinates": [37.6370817, 55.8743664]}, "properties": {"kind": "stop", "route": 17, "direction": 0, "seq": 22, "osm_id": 535844777, "name": "Культурно-досуговый центр"}}, {"type": "Feature", "geometry": {"type": "Point", "coordinates": [37.6360426, 55.8779406]}, "properties": {"kind": "stop", "route": 17, "direction": 0, "seq": 23, "osm_id": 535844790, "name": "Улица Молодцова"}}, {"type": "Feature", "geometry": {"type": "Point", "coordinates": [37.6388938, 55.8815736]}, "properties": {"kind": "stop", "route": 17, "direction": 0, "seq": 24, "osm_id": 1098654108, "name": "Поликлиника"}}, {"type": "Feature", "geometry": {"type": "Point", "coordinates": [37.6430233, 55.8859136]}, "properties": {"kind": "stop", "route": 17, "direction": 0, "seq": 25, "osm_id": 679923004, "name": "Улица Тихомирова"}}, {"type": "Feature", "geometry": {"type": "Point", "coordinates": [37.6429789, 55.8875052]}, "properties": {"kind": "stop", "route": 17, "direction": 0, "seq": 26, "osm_id": 535844808, "name": "Медведково"}}, {"type": "Feature", "geometry": {"type": "LineString", "coordinates": [[37.642955, 55.886558], [37.643044, 55.886462], [37.643174, 55.886323], [37.643198, 55.886237], [37.643185, 55.886167], [37.643174, 55.88615], [37.643149, 55.886113], [37.642965, 55.885917], [37.642674, 55.885625], [37.64181, 55.884705], [37.641315, 55.884181], [37.641159, 55.884016], [37.639322, 55.882091], [37.639022, 55.881785], [37.63894, 55.881697], [37.636213, 55.878851], [37.636105, 55.878744], [37.636072, 55.87871], [37.636026, 55.878644], [37.635963, 55.878552], [37.635901, 55.878378], [37.635895, 55.878234], [37.635899, 55.878207], [37.635946, 55.878034], [37.635971, 55.87794], [37.636614, 55.875766], [37.636997, 55.874471], [37.637015, 55.874412], [37.63739, 55.873151], [37.637782, 55.871842], [37.637807, 55.871755], [37.637969, 55.871201], [37.637975, 55.87119], [37.638025, 55.871102], [37.63813, 55.871018], [37.638255, 55.870951], [37.638308, 55.87093], [37.638365, 55.870907], [37.638399, 55.8709], [37.638487, 55.870879], [37.638624, 55.870864], [37.638749, 55.870864], [37.63891, 55.870863], [37.639361, 55.870915], [37.642013, 55.871164], [37.644566, 55.871403], [37.645161, 55.871461], [37.64624, 55.871563], [37.646475, 55.871584], [37.646741, 55.871607], [37.646949, 55.871622], [37.647102, 55.871633], [37.647779, 55.87166], [37.648857, 55.87165], [37.6493, 55.871646], [37.649391, 55.871645], [37.650517, 55.871573], [37.650589, 55.871569], [37.651596, 55.871463], [37.652177, 55.871397], [37.652462, 55.871365], [37.654027, 55.871139], [37.655433, 55.870922], [37.655596, 55.8709], [37.656901, 55.870694], [37.657113, 55.87066], [37.658635, 55.870417], [37.658697, 55.870407], [37.6622, 55.869863], [37.662343, 55.86984], [37.662461, 55.869818], [37.662588, 55.869791], [37.662708, 55.869765], [37.662821, 55.869736], [37.662898, 55.869714], [37.662923, 55.869707], [37.663039, 55.869668], [37.663177, 55.869614], [37.663267, 55.869566], [37.663346, 55.869517], [37.663417, 55.869471], [37.663481, 55.869421], [37.663606, 55.869304], [37.663656, 55.869245], [37.66369, 55.8692], [37.663724, 55.869136], [37.663748, 55.869096], [37.663768, 55.869052], [37.663799, 55.868936], [37.663802, 55.868892], [37.663799, 55.868845], [37.663782, 55.868795], [37.66367, 55.868552], [37.663569, 55.868344], [37.663503, 55.86821], [37.663426, 55.868048], [37.663018, 55.867252], [37.662973, 55.867165], [37.661749, 55.864787], [37.6617, 55.864693], [37.661694, 55.864683], [37.661653, 55.864603], [37.66147, 55.864242], [37.661282, 55.863859], [37.660961, 55.863186], [37.660935, 55.863134], [37.660899, 55.86306], [37.66064, 55.862549], [37.660234, 55.861653], [37.660075, 55.861046], [37.660028, 55.860764], [37.660021, 55.860423], [37.660025, 55.860166], [37.660068, 55.859861], [37.660077, 55.859821], [37.660115, 55.859649], [37.660138, 55.859562], [37.660166, 55.85945], [37.660275, 55.859075], [37.660486, 55.85854], [37.660509, 55.858497], [37.660766, 55.858009], [37.661041, 55.857596], [37.661334, 55.857225], [37.661486, 55.857058], [37.661673, 55.856879], [37.661781, 55.856777], [37.661861, 55.85671], [37.662261, 55.856394], [37.662797, 55.855972], [37.664076, 55.85513], [37.664183, 55.855066], [37.664362, 55.854957], [37.664552, 55.854843], [37.664695, 55.854758], [37.665097, 55.854502], [37.665229, 55.854417], [37.666207, 55.853789], [37.666868, 55.853362], [37.66785, 55.852727], [37.669762, 55.851467], [37.670398, 55.851048], [37.67051, 55.850902], [37.670541, 55.85081], [37.670554, 55.850767], [37.670591, 55.850549], [37.670625, 55.850348], [37.670695, 55.850013], [37.670723, 55.84987], [37.670788, 55.849526], [37.670828, 55.849154], [37.670792, 55.848665], [37.67075, 55.848422], [37.670682, 55.848159], [37.670575, 55.847863], [37.670282, 55.84722], [37.670127, 55.846772], [37.670088, 55.846686], [37.67007, 55.846655], [37.670033, 55.84659], [37.669995, 55.846521], [37.669927, 55.846431], [37.669876, 55.846368], [37.669822, 55.846306], [37.669758, 55.846244], [37.669691, 55.846186], [37.669598, 55.846108], [37.669177, 55.845799], [37.669054, 55.845714], [37.668988, 55.845658], [37.668534, 55.845324], [37.668465, 55.845275], [37.668339, 55.845181], [37.666801, 55.844047], [37.666682, 55.843957], [37.666423, 55.843801], [37.666133, 55.843635], [37.666041, 55.84358], [37.665988, 55.843542], [37.665913, 55.843485], [37.665873, 55.843455], [37.665813, 55.843408], [37.665734, 55.843347], [37.66563, 55.843269], [37.665288, 55.843027], [37.66523, 55.842984], [37.664762, 55.84263], [37.664644, 55.842527], [37.664598, 55.842481], [37.66456, 55.84243], [37.66453, 55.842367], [37.664514, 55.842293], [37.664501, 55.842117], [37.66449, 55.84205], [37.664457, 55.841984], [37.664327, 55.841861], [37.664165, 55.841702], [37.663961, 55.841542], [37.663524, 55.841177], [37.662724, 55.840556], [37.662578, 55.840435], [37.662324, 55.840226], [37.661621, 55.839642], [37.660529, 55.838822], [37.659103, 55.837749], [37.658988, 55.837663], [37.658712, 55.837464], [37.658378, 55.837212], [37.657987, 55.83692], [37.657807, 55.836783], [37.657684, 55.836691], [37.657549, 55.836628], [37.657399, 55.836571], [37.657094, 55.836463], [37.656628, 55.836295], [37.656478, 55.836222], [37.656361, 55.836155], [37.65626, 55.836072], [37.656176, 55.835994], [37.656117, 55.835936], [37.655683, 55.8355], [37.655643, 55.835461], [37.655607, 55.835427], [37.655025, 55.834839], [37.65484, 55.834653], [37.654298, 55.834122], [37.653955, 55.833833], [37.653934, 55.833812], [37.65366, 55.833562], [37.653559, 55.833467], [37.653461, 55.833372], [37.653369, 55.83328], [37.652816, 55.832729], [37.65263, 55.832551], [37.652549, 55.832465], [37.65221, 55.832129], [37.652071, 55.831983], [37.651583, 55.831485], [37.651465, 55.831379], [37.651317, 55.83129], [37.65104, 55.831113], [37.650959, 55.831037], [37.649484, 55.829641], [37.649389, 55.829554], [37.649218, 55.829402], [37.649042, 55.829221], [37.648946, 55.829131], [37.64893, 55.829106], [37.648322, 55.828513], [37.647771, 55.827973], [37.647281, 55.827481], [37.646976, 55.827169], [37.64694, 55.827138], [37.646905, 55.82712], [37.64686, 55.827103], [37.646797, 55.827092], [37.646711, 55.82709], [37.646625, 55.827096], [37.646543, 55.827111], [37.646097, 55.827242], [37.645915, 55.827298], [37.64579, 55.827335], [37.645715, 55.827357], [37.64563, 55.827377], [37.645587, 55.827385], [37.645544, 55.82739], [37.645496, 55.827395], [37.645447, 55.827397], [37.645407, 55.827397], [37.645366, 55.827397], [37.645322, 55.827394], [37.645272, 55.827388], [37.645223, 55.827376], [37.645181, 55.82736], [37.645159, 55.827351], [37.645138, 55.827341], [37.645082, 55.827313], [37.644961, 55.827249], [37.644863, 55.827197], [37.64389, 55.826683], [37.642467, 55.825969], [37.642265, 55.825873], [37.640954, 55.825188], [37.639461, 55.82442], [37.639315, 55.82434], [37.638272, 55.823805], [37.637949, 55.823639], [37.637827, 55.823577], [37.637776, 55.823552], [37.637581, 55.823444], [37.636783, 55.823038], [37.636499, 55.822889], [37.636227, 55.822737], [37.635841, 55.82252], [37.635531, 55.822341], [37.635382, 55.822248], [37.635278, 55.822193], [37.63527, 55.822189], [37.635175, 55.822141], [37.635079, 55.822093], [37.635039, 55.822078], [37.634954, 55.82206], [37.634895, 55.822061], [37.634842, 55.822063], [37.634609, 55.82207], [37.63417, 55.822084], [37.633908, 55.822092], [37.632263, 55.822142], [37.631442, 55.822168], [37.631184, 55.822158], [37.630943, 55.822128], [37.630911, 55.822122], [37.63084, 55.822109], [37.629749, 55.821898], [37.62929, 55.821837], [37.628605, 55.821841], [37.628395, 55.821843], [37.625707, 55.821857], [37.625132, 55.821858], [37.624879, 55.821861], [37.623221, 55.821881], [37.622575, 55.821884], [37.622128, 55.821886], [37.62165, 55.821888], [37.61996, 55.821889], [37.619723, 55.821889], [37.619642, 55.821891], [37.619593, 55.821891], [37.619565, 55.821892], [37.619538, 55.821893], [37.61951, 55.821895], [37.619483, 55.821897], [37.619454, 55.8219], [37.619427, 55.821904], [37.619401, 55.821909], [37.619377, 55.821916], [37.619353, 55.821922], [37.61933, 55.821931], [37.619308, 55.821939], [37.61929, 55.821947], [37.619271, 55.821957], [37.619253, 55.821967], [37.619236, 55.821979], [37.619222, 55.821992], [37.619208, 55.822004], [37.619199, 55.822017], [37.619189, 55.822031], [37.619181, 55.822046], [37.619175, 55.82206], [37.61917, 55.822075], [37.619168, 55.822089], [37.619166, 55.822103], [37.619166, 55.822117], [37.619165, 55.82213], [37.619154, 55.822387], [37.619153, 55.822406], [37.619151, 55.822425], [37.619149, 55.822445], [37.619146, 55.822466], [37.619143, 55.822483], [37.619136, 55.822502], [37.61913, 55.822519], [37.619122, 55.822536], [37.619111, 55.822553], [37.619096, 55.822569], [37.619078, 55.822585], [37.619056, 55.8226], [37.619029, 55.822612], [37.619, 55.822623], [37.61897, 55.822632], [37.618937, 55.822641], [37.618904, 55.822647], [37.618872, 55.822651], [37.618839, 55.822654], [37.618807, 55.822657], [37.618451, 55.822676], [37.617843, 55.822707], [37.617229, 55.822737]]}, "properties": {"kind": "track", "route": 17, "direction": 1, "osm_id": 540139, "from": "Медведково", "to": "Усадьба Останкино"}}, {"type": "Feature", "geometry": {"type": "Point", "coordinates": [37.6429552, 55.8865575]}, "properties": {"kind": "stop", "route": 17, "direction": 1, "seq": 1, "osm_id": 534957385, "name": "Медведково"}}, {"type": "Feature", "geometry": {"type": "Point", "coordinates": [37.6418096, 55.8847048]}, "properties": {"kind": "stop", "route": 17, "direction": 1, "seq": 2, "osm_id": 534957384, "name": "Улица Тихомирова"}}, {"type": "Feature", "geometry": {"type": "Point", "coordinates": [37.6390216, 55.8817849]}, "properties": {"kind": "stop", "route": 17, "direction": 1, "seq": 3, "osm_id": 534957383, "name": "Поликлиника"}}, {"type": "Feature", "geometry": {"type": "Point", "coordinates": [37.636213, 55.8788513]}, "properties": {"kind": "stop", "route": 17, "direction": 1, "seq": 4, "osm_id": 534957382, "name": "Улица Молодцова"}}, {"type": "Feature", "geometry": {"type": "Point", "coordinates": [37.6369974, 55.8744708]}, "properties": {"kind": "stop", "route": 17, "direction": 1, "seq": 5, "osm_id": 534957377, "name": "Культурно-досуговый центр"}}, {"type": "Feature", "geometry": {"type": "Point", "coordinates": [37.6377818, 55.8718418]}, "properties": {"kind": "stop", "route": 17, "direction": 1, "seq": 6, "osm_id": 1098591539, "name": "МФЦ «Южное Медведково»"}}, {"type": "Feature", "geometry": {"type": "Point", "coordinates": [37.6462401, 55.8715629]}, "properties": {"kind": "stop", "route": 17, "direction": 1, "seq": 7, "osm_id": 534957378, "name": "Проезд Шокальского"}}, {"type": "Feature", "geometry": {"type": "Point", "coordinates": [37.6515958, 55.8714629]}, "properties": {"kind": "stop", "route": 17, "direction": 1, "seq": 8, "osm_id": 534957381, "name": "Сухонская улица"}}, {"type": "Feature", "geometry": {"type": "Point", "coordinates": [37.6586348, 55.8704168]}, "properties": {"kind": "stop", "route": 17, "direction": 1, "seq": 9, "osm_id": 534957379, "name": "Олонецкий проезд"}}, {"type": "Feature", "geometry": {"type": "Point", "coordinates": [37.663503, 55.8682098]}, "properties": {"kind": "stop", "route": 17, "direction": 1, "seq": 10, "osm_id": 534957387, "name": "Метро «Бабушкинская»"}}, {"type": "Feature", "geometry": {"type": "Point", "coordinates": [37.66147, 55.8642419]}, "properties": {"kind": "stop", "route": 17, "direction": 1, "seq": 11, "osm_id": 534957386, "name": "Печорская улица"}}, {"type": "Feature", "geometry": {"type": "Point", "coordinates": [37.6600682, 55.859861]}, "properties": {"kind": "stop", "route": 17, "direction": 1, "seq": 12, "osm_id": 535516946, "name": "Радужная улица"}}, {"type": "Feature", "geometry": {"type": "Point", "coordinates": [37.6614864, 55.857058]}, "properties": {"kind": "stop", "route": 17, "direction": 1, "seq": 13, "osm_id": 535516949, "name": "Верхоянская улица"}}, {"type": "Feature", "geometry": {"type": "Point", "coordinates": [37.6650967, 55.8545022]}, "properties": {"kind": "stop", "route": 17, "direction": 1, "seq": 14, "osm_id": 535516954, "name": "Берингов проезд"}}, {"type": "Feature", "geometry": {"type": "Point", "coordinates": [37.670591, 55.8505492]}, "properties": {"kind": "stop", "route": 17, "direction": 1, "seq": 15, "osm_id": 535516942, "name": "Социальный фонд России"}}, {"type": "Feature", "geometry": {"type": "Point", "coordinates": [37.6690538, 55.8457135]}, "properties": {"kind": "stop", "route": 17, "direction": 1, "seq": 16, "osm_id": 535516937, "name": "Северянинский путепровод"}}, {"type": "Feature", "geometry": {"type": "Point", "coordinates": [37.6652301, 55.8429843]}, "properties": {"kind": "stop", "route": 17, "direction": 1, "seq": 17, "osm_id": 535516930, "name": "МЦК Ростокино"}}, {"type": "Feature", "geometry": {"type": "Point", "coordinates": [37.657987, 55.8369197]}, "properties": {"kind": "stop", "route": 17, "direction": 1, "seq": 18, "osm_id": 535516927, "name": "Улица Докукина"}}, {"type": "Feature", "geometry": {"type": "Point", "coordinates": [37.6528158, 55.8327291]}, "properties": {"kind": "stop", "route": 17, "direction": 1, "seq": 19, "osm_id": 535516922, "name": "Сельскохозяйственная улица"}}, {"type": "Feature", "geometry": {"type": "Point", "coordinates": [37.6494839, 55.8296408]}, "properties": {"kind": "stop", "route": 17, "direction": 1, "seq": 20, "osm_id": 535516918, "name": "Улица Сергея Эйзенштейна"}}, {"type": "Feature", "geometry": {"type": "Point", "coordinates": [37.6460967, 55.8272421]}, "properties": {"kind": "stop", "route": 17, "direction": 1, "seq": 21, "osm_id": 535516914, "name": "ВДНХ (северный вход)"}}, {"type": "Feature", "geometry": {"type": "Point", "coordinates": [37.6382716, 55.8238048]}, "properties": {"kind": "stop", "route": 17, "direction": 1, "seq": 22, "osm_id": 535516842, "name": "Метро «ВДНХ»"}}, {"type": "Feature", "geometry": {"type": "Point", "coordinates": [37.6339085, 55.822092]}, "properties": {"kind": "stop", "route": 17, "direction": 1, "seq": 23, "osm_id": 1046562062, "name": "ВДНХ (южный вход)"}}, {"type": "Feature", "geometry": {"type": "Point", "coordinates": [37.6286054, 55.8218406]}, "properties": {"kind": "stop", "route": 17, "direction": 1, "seq": 24, "osm_id": 1046561946, "name": "Улица Цандера"}}, {"type": "Feature", "geometry": {"type": "Point", "coordinates": [37.6221282, 55.8218859]}, "properties": {"kind": "stop", "route": 17, "direction": 1, "seq": 25, "osm_id": 535516828, "name": "Аргуновская улица"}}, {"type": "Feature", "geometry": {"type": "Point", "coordinates": [37.6172291, 55.8227374]}, "properties": {"kind": "stop", "route": 17, "direction": 1, "seq": 26, "osm_id": 3236023227, "name": "Усадьба Останкино"}}, {"type": "Feature", "geometry": {"type": "LineString", "coordinates": [[37.615778, 55.82359], [37.616102, 55.823405], [37.616129, 55.823371], [37.61615, 55.823334], [37.616162, 55.823294], [37.616164, 55.823251], [37.616159, 55.822992], [37.616161, 55.822978], [37.616164, 55.822963], [37.616168, 55.82295], [37.616172, 55.822936], [37.616178, 55.822922], [37.616184, 55.82291], [37.616194, 55.822896], [37.616203, 55.822882], [37.616214, 55.822869], [37.616226, 55.822855], [37.616238, 55.822844], [37.61625, 55.822833], [37.616268, 55.822821], [37.616284, 55.822811], [37.616303, 55.822801], [37.616324, 55.822792], [37.616346, 55.822784], [37.616369, 55.822777], [37.616389, 55.822772], [37.616409, 55.822767], [37.616429, 55.822762], [37.616448, 55.822758], [37.616468, 55.822754], [37.61649, 55.82275], [37.616511, 55.822747], [37.616532, 55.822745], [37.616572, 55.822741], [37.616611, 55.822739], [37.616758, 55.82273], [37.616911, 55.822722], [37.618445, 55.822646], [37.618799, 55.822627], [37.618831, 55.822625], [37.61886, 55.822622], [37.61889, 55.822618], [37.618919, 55.822613], [37.618947, 55.822607], [37.618974, 55.822598], [37.618998, 55.822589], [37.619018, 55.822578], [37.619036, 55.822567], [37.619053, 55.822555], [37.619065, 55.822541], [37.619073, 55.822527], [37.61908, 55.822512], [37.619087, 55.822495], [37.619092, 55.822479], [37.619096, 55.822462], [37.619098, 55.822443], [37.6191, 55.822424], [37.619102, 55.822405], [37.619103, 55.822386], [37.619111, 55.82213], [37.619112, 55.822116], [37.619112, 55.822101], [37.619114, 55.822086], [37.619117, 55.82207], [37.619123, 55.822055], [37.619129, 55.822038], [37.619137, 55.822022], [37.619148, 55.822005], [37.619164, 55.82199], [37.619182, 55.821976], [37.619199, 55.821963], [37.61922, 55.82195], [37.619238, 55.821939], [37.619258, 55.821928], [37.619279, 55.821917], [37.619301, 55.821908], [37.619329, 55.821898], [37.619355, 55.821891], [37.619382, 55.821884], [37.619414, 55.821878], [37.619444, 55.821873], [37.619474, 55.82187], [37.619504, 55.821867], [37.619533, 55.821865], [37.619562, 55.821863], [37.61959, 55.821862], [37.619641, 55.821861], [37.619721, 55.82186], [37.61996, 55.82186], [37.621339, 55.82186], [37.621649, 55.821858], [37.622575, 55.821853], [37.623231, 55.82185], [37.624877, 55.821838], [37.625132, 55.821836], [37.625742, 55.821836], [37.628137, 55.821823], [37.628395, 55.821822], [37.628617, 55.821821], [37.629317, 55.821818], [37.629756, 55.821874], [37.630843, 55.822084], [37.630915, 55.822099], [37.630973, 55.82211], [37.631359, 55.822138], [37.632213, 55.822125], [37.633691, 55.822074], [37.634174, 55.82206], [37.634611, 55.822049], [37.634851, 55.82204], [37.63491, 55.82204], [37.634965, 55.822041], [37.635057, 55.822063], [37.635096, 55.822075], [37.635195, 55.82212], [37.635287, 55.822168], [37.635298, 55.822173], [37.635402, 55.822227], [37.635555, 55.822322], [37.635867, 55.822502], [37.636252, 55.822716], [37.636525, 55.822866], [37.636812, 55.823017], [37.637617, 55.823421], [37.637816, 55.82353], [37.637865, 55.823555], [37.637986, 55.823616], [37.63874, 55.824007], [37.639353, 55.824317], [37.6395, 55.824395], [37.640992, 55.825164], [37.642268, 55.82583], [37.642505, 55.825945], [37.643934, 55.826663], [37.644912, 55.827178], [37.645016, 55.827233], [37.645134, 55.827297], [37.645173, 55.827318], [37.645213, 55.827335], [37.645249, 55.827348], [37.64529, 55.827358], [37.645331, 55.827363], [37.645369, 55.827366], [37.645408, 55.827366], [37.645445, 55.827366], [37.645489, 55.827364], [37.645533, 55.82736], [37.645573, 55.827355], [37.645611, 55.827348], [37.645691, 55.827329], [37.645764, 55.827308], [37.645889, 55.82727], [37.646071, 55.827215], [37.646509, 55.827085], [37.647215, 55.826869], [37.647845, 55.826656], [37.648082, 55.826578], [37.649281, 55.826172], [37.651056, 55.825581], [37.65122, 55.825515], [37.651465, 55.825396], [37.651555, 55.825344], [37.651711, 55.82525], [37.65188, 55.825158], [37.652157, 55.825015], [37.652278, 55.824971], [37.652891, 55.824752], [37.653179, 55.824654], [37.653498, 55.82454], [37.654676, 55.824137], [37.654867, 55.824072], [37.655147, 55.823977], [37.655671, 55.823799], [37.65605, 55.823674], [37.656781, 55.823425], [37.657077, 55.823325], [37.657532, 55.823168], [37.65768, 55.823119], [37.657771, 55.82309], [37.658602, 55.822841], [37.658756, 55.822794], [37.660134, 55.822372], [37.660219, 55.822344], [37.660372, 55.822298], [37.661491, 55.82196], [37.66236, 55.821692], [37.663041, 55.82148], [37.663732, 55.821279], [37.66392, 55.821225], [37.664362, 55.821097], [37.664808, 55.82097], [37.666235, 55.820566], [37.667531, 55.820179], [37.668319, 55.819959], [37.670295, 55.819377], [37.670851, 55.819213], [37.671284, 55.819088], [37.67177, 55.818953], [37.675201, 55.817984], [37.675557, 55.8179], [37.675745, 55.817866], [37.676993, 55.817643], [37.677383, 55.817576], [37.677927, 55.817489], [37.678024, 55.817472], [37.67815, 55.817451], [37.678192, 55.817446], [37.678796, 55.817341], [37.678996, 55.817307], [37.67909, 55.817294], [37.679358, 55.81724], [37.679541, 55.817201], [37.67979, 55.817106], [37.680166, 55.816925], [37.680225, 55.816897], [37.681003, 55.816529], [37.682221, 55.815959], [37.682682, 55.815745], [37.682968, 55.815639], [37.68322, 55.815567], [37.683408, 55.815535], [37.684005, 55.815434], [37.684311, 55.815388], [37.68482, 55.815317], [37.685068, 55.815261], [37.68516, 55.815223], [37.68528, 55.81516], [37.685379, 55.815088], [37.686517, 55.814262], [37.686693, 55.814134], [37.686742, 55.814092], [37.686772, 55.81405], [37.686793, 55.814009], [37.686797, 55.813998], [37.686809, 55.81396], [37.686815, 55.813894], [37.686815, 55.813838], [37.686801, 55.813794], [37.686782, 55.813747], [37.686751, 55.813708], [37.686254, 55.813069], [37.685725, 55.812402], [37.685305, 55.811841], [37.684799, 55.811182], [37.684764, 55.81113], [37.684749, 55.811098], [37.684746, 55.811068], [37.684751, 55.811038], [37.684775, 55.810992], [37.684805, 55.810955], [37.684852, 55.810913], [37.685398, 55.810502], [37.687708, 55.808762], [37.688001, 55.808542], [37.689492, 55.807419], [37.689527, 55.807393], [37.690176, 55.806904], [37.691552, 55.805868], [37.691719, 55.805743], [37.691732, 55.805734], [37.691764, 55.805696], [37.691773, 55.805649], [37.69177, 55.805612], [37.691755, 55.805581], [37.691735, 55.805552], [37.691709, 55.805523], [37.691675, 55.805489], [37.690615, 55.804539], [37.690143, 55.80411], [37.688813, 55.802898], [37.688727, 55.802818], [37.688491, 55.802619], [37.688189, 55.802343], [37.688157, 55.802313], [37.687957, 55.802049], [37.687814, 55.801831], [37.687729, 55.801683], [37.687498, 55.801282], [37.687464, 55.801225], [37.686974, 55.800424], [37.686847, 55.800215], [37.686617, 55.799943], [37.686175, 55.799548], [37.686128, 55.799505], [37.686048, 55.79944], [37.685989, 55.799386], [37.685913, 55.79931], [37.685614, 55.799026], [37.685245, 55.798675], [37.684991, 55.798396], [37.683278, 55.796515], [37.683128, 55.79635], [37.683067, 55.796252], [37.683032, 55.796194], [37.682957, 55.796028], [37.682894, 55.795868], [37.682297, 55.794388], [37.681727, 55.792981], [37.681696, 55.792904], [37.681679, 55.792882], [37.681655, 55.792862], [37.681626, 55.792844], [37.681601, 55.792833], [37.681591, 55.792829], [37.681553, 55.792818], [37.681475, 55.7928], [37.680722, 55.792629], [37.680539, 55.792586], [37.680446, 55.792565], [37.680406, 55.792548], [37.680377, 55.792532], [37.680341, 55.792505], [37.68034, 55.792504], [37.680319, 55.79248], [37.680305, 55.792453], [37.680299, 55.792429], [37.680299, 55.792397], [37.68031, 55.792363], [37.680344, 55.792312], [37.680777, 55.791632], [37.680783, 55.791591], [37.680776, 55.791554], [37.680758, 55.791524], [37.680732, 55.791496], [37.680697, 55.791471], [37.680655, 55.791449], [37.680606, 55.791435], [37.680553, 55.791424], [37.680499, 55.791413], [37.680456, 55.791405], [37.679951, 55.791302], [37.679925, 55.791301], [37.6799, 55.791303], [37.679875, 55.791307], [37.679852, 55.791313], [37.679831, 55.791321], [37.679812, 55.791332], [37.679797, 55.791343], [37.679785, 55.791356], [37.679777, 55.79137], [37.679659, 55.791553], [37.679466, 55.791853]]}, "properties": {"kind": "track", "route": 25, "direction": 0, "osm_id": 3186264, "from": "Усадьба Останкино", "to": "Метро «Сокольники»"}}, {"type": "Feature", "geometry": {"type": "Point", "coordinates": [37.6157775, 55.8235904]}, "properties": {"kind": "stop", "route": 25, "direction": 0, "seq": 1, "osm_id": 444863659, "name": "Усадьба Останкино"}}, {"type": "Feature", "geometry": {"type": "Point", "coordinates": [37.6213391, 55.8218598]}, "properties": {"kind": "stop", "route": 25, "direction": 0, "seq": 2, "osm_id": 535844745, "name": "Аргуновская улица"}}, {"type": "Feature", "geometry": {"type": "Point", "coordinates": [37.628137, 55.821823]}, "properties": {"kind": "stop", "route": 25, "direction": 0, "seq": 3, "osm_id": 639572174, "name": "Улица Цандера"}}, {"type": "Feature", "geometry": {"type": "Point", "coordinates": [37.6336906, 55.8220741]}, "properties": {"kind": "stop", "route": 25, "direction": 0, "seq": 4, "osm_id": 535844754, "name": "ВДНХ (южный вход)"}}, {"type": "Feature", "geometry": {"type": "Point", "coordinates": [37.6387399, 55.8240069]}, "properties": {"kind": "stop", "route": 25, "direction": 0, "seq": 5, "osm_id": 535844761, "name": "Метро «ВДНХ»"}}, {"type": "Feature", "geometry": {"type": "Point", "coordinates": [37.6460711, 55.8272146]}, "properties": {"kind": "stop", "route": 25, "direction": 0, "seq": 6, "osm_id": 243894862, "name": "ВДНХ (северный вход)"}}, {"type": "Feature", "geometry": {"type": "Point", "coordinates": [37.6522783, 55.8249706]}, "properties": {"kind": "stop", "route": 25, "direction": 0, "seq": 7, "osm_id": 1677617756, "name": "Ярославская улица"}}, {"type": "Feature", "geometry": {"type": "Point", "coordinates": [37.6586016, 55.8228406]}, "properties": {"kind": "stop", "route": 25, "direction": 0, "seq": 8, "osm_id": 1677617737, "name": "улица Бориса Галушкина, 17"}}, {"type": "Feature", "geometry": {"type": "Point", "coordinates": [37.6614911, 55.8219602]}, "properties": {"kind": "stop", "route": 25, "direction": 0, "seq": 9, "osm_id": 1677617709, "name": "Площадь Академика Люльки"}}, {"type": "Feature", "geometry": {"type": "Point", "coordinates": [37.6712839, 55.8190883]}, "properties": {"kind": "stop", "route": 25, "direction": 0, "seq": 10, "osm_id": 2447720025, "name": "Станция юных натуралистов"}}, {"type": "Feature", "geometry": {"type": "Point", "coordinates": [37.678796, 55.8173411]}, "properties": {"kind": "stop", "route": 25, "direction": 0, "seq": 11, "osm_id": 287393729, "name": "Лингвистический университет"}}, {"type": "Feature", "geometry": {"type": "Point", "coordinates": [37.6840045, 55.8154337]}, "properties": {"kind": "stop", "route": 25, "direction": 0, "seq": 12, "osm_id": 287393738, "name": "Ростокинский проезд"}}, {"type": "Feature", "geometry": {"type": "Point", "coordinates": [37.6853975, 55.810502]}, "properties": {"kind": "stop", "route": 25, "direction": 0, "seq": 13, "osm_id": 1992955354, "name": "Большая Ширяевская улица"}}, {"type": "Feature", "geometry": {"type": "Point", "coordinates": [37.6877084, 55.8087622]}, "properties": {"kind": "stop", "route": 25, "direction": 0, "seq": 14, "osm_id": 1992955357, "name": "2-й Ширяевский переулок"}}, {"type": "Feature", "geometry": {"type": "Point", "coordinates": [37.6915524, 55.8058679]}, "properties": {"kind": "stop", "route": 25, "direction": 0, "seq": 15, "osm_id": 1992955352, "name": "Большая Оленья улица"}}, {"type": "Feature", "geometry": {"type": "Point", "coordinates": [37.6884912, 55.8026189]}, "properties": {"kind": "stop", "route": 25, "direction": 0, "seq": 16, "osm_id": 1992955358, "name": "Майский просек"}}, {"type": "Feature", "geometry": {"type": "Point", "coordinates": [37.6861749, 55.7995479]}, "properties": {"kind": "stop", "route": 25, "direction": 0, "seq": 17, "osm_id": 1992955363, "name": "Улица Короленко"}}, {"type": "Feature", "geometry": {"type": "Point", "coordinates": [37.6828937, 55.7958677]}, "properties": {"kind": "stop", "route": 25, "direction": 0, "seq": 18, "osm_id": 1992955361, "name": "Охотничья улица"}}, {"type": "Feature", "geometry": {"type": "Point", "coordinates": [37.6807219, 55.792629]}, "properties": {"kind": "stop", "route": 25, "direction": 0, "seq": 19, "osm_id": 826381884, "name": "ПКиО Сокольники"}}, {"type": "Feature", "geometry": {"type": "Point", "coordinates": [37.6794659, 55.7918534]}, "properties": {"kind": "stop", "route": 25, "direction": 0, "seq": 20, "osm_id": 473133164, "name": "Метро «Сокольники»"}}, {"type": "Feature", "geometry": {"type": "LineString", "coordinates": [[37.679466, 55.791853], [37.679337, 55.792046], [37.679322, 55.792075], [37.679317, 55.79209], [37.679313, 55.792103], [37.67931, 55.792128], [37.679313, 55.792155], [37.67933, 55.792199], [37.679371, 55.792248], [37.679427, 55.79229], [37.679501, 55.792324], [37.680027, 55.792436], [37.68034, 55.792504], [37.680392, 55.792515], [37.680485, 55.792541], [37.681146, 55.792694], [37.68151, 55.792778], [37.681609, 55.792801], [37.681647, 55.792815], [37.681675, 55.792829], [37.68168, 55.792832], [37.681708, 55.792852], [37.68173, 55.792874], [37.681746, 55.792897], [37.681776, 55.792972], [37.682347, 55.79437], [37.682949, 55.795855], [37.683009, 55.796011], [37.683088, 55.796187], [37.683133, 55.796265], [37.683183, 55.796339], [37.683328, 55.796498], [37.684083, 55.797326], [37.684659, 55.797958], [37.685299, 55.798662], [37.685967, 55.799291], [37.686036, 55.79936], [37.686044, 55.799368], [37.686091, 55.799416], [37.686169, 55.79948], [37.686222, 55.799524], [37.686397, 55.799668], [37.686673, 55.799929], [37.686897, 55.800199], [37.687026, 55.800412], [37.687536, 55.801254], [37.687778, 55.801675], [37.687862, 55.801822], [37.688011, 55.802047], [37.688235, 55.802325], [37.688544, 55.802602], [37.688773, 55.802804], [37.688782, 55.802812], [37.688862, 55.802883], [37.690202, 55.80409], [37.690695, 55.804537], [37.69172, 55.805476], [37.69176, 55.805519], [37.691802, 55.805567], [37.691827, 55.805616], [37.691828, 55.805633], [37.69183, 55.805661], [37.691817, 55.805703], [37.691779, 55.805747], [37.691754, 55.805769], [37.69159, 55.805893], [37.690216, 55.806927], [37.689571, 55.807413], [37.689535, 55.80744], [37.688312, 55.808361], [37.688044, 55.808563], [37.685442, 55.810522], [37.684878, 55.810947], [37.684842, 55.810978], [37.684819, 55.811004], [37.684799, 55.811038], [37.684796, 55.811061], [37.684794, 55.811077], [37.684816, 55.811131], [37.684841, 55.81117], [37.685342, 55.811831], [37.685758, 55.812377], [37.686301, 55.813058], [37.686792, 55.813696], [37.686824, 55.813739], [37.686849, 55.813788], [37.68686, 55.813836], [37.686866, 55.813894], [37.686859, 55.813952], [37.686858, 55.813962], [37.686841, 55.814015], [37.686819, 55.81406], [37.686785, 55.814107], [37.686736, 55.814152], [37.686559, 55.814279], [37.685421, 55.815103], [37.685318, 55.815177], [37.6851, 55.815286], [37.684826, 55.815348], [37.684496, 55.815395], [37.684298, 55.815419], [37.684019, 55.81546], [37.683416, 55.815562], [37.683241, 55.815592], [37.683, 55.815663], [37.682715, 55.81577], [37.68225, 55.815977], [37.681032, 55.816548], [37.680255, 55.816918], [37.680194, 55.816947], [37.679817, 55.817128], [37.679561, 55.817225], [37.679379, 55.817268], [37.679196, 55.817305], [37.679104, 55.817321], [37.678668, 55.817394], [37.67825, 55.817464], [37.678206, 55.817472], [37.678166, 55.817477], [37.678051, 55.817497], [37.677941, 55.817516], [37.677391, 55.817604], [37.677008, 55.817669], [37.675755, 55.817893], [37.675575, 55.817925], [37.67522, 55.81801], [37.671795, 55.818984], [37.671324, 55.81912], [37.670881, 55.819244], [37.670322, 55.819406], [37.66834, 55.819982], [37.667552, 55.820202], [37.666971, 55.820375], [37.666255, 55.820587], [37.664375, 55.821121], [37.663941, 55.821247], [37.663833, 55.821279], [37.663061, 55.821503], [37.662383, 55.821716], [37.662139, 55.821792], [37.660394, 55.822323], [37.660243, 55.822369], [37.660157, 55.822395], [37.658775, 55.822813], [37.658004, 55.823052], [37.657705, 55.823142], [37.657553, 55.823189], [37.657098, 55.823347], [37.656802, 55.823446], [37.656071, 55.823691], [37.655694, 55.823819], [37.655169, 55.823997], [37.654888, 55.824093], [37.654698, 55.824157], [37.653518, 55.824559], [37.653198, 55.824672], [37.652912, 55.82477], [37.652386, 55.824959], [37.652179, 55.825033], [37.651902, 55.825176], [37.651731, 55.825271], [37.65158, 55.825362], [37.651494, 55.825413], [37.651241, 55.825539], [37.651086, 55.825602], [37.649303, 55.826195], [37.648725, 55.82639], [37.648106, 55.826601], [37.647881, 55.826674], [37.647868, 55.826678], [37.647242, 55.826896], [37.647011, 55.82697], [37.64672, 55.82706], [37.646543, 55.827111], [37.646097, 55.827242], [37.645915, 55.827298], [37.64579, 55.827335], [37.645715, 55.827357], [37.64563, 55.827377], [37.645587, 55.827385], [37.645544, 55.82739], [37.645496, 55.827395], [37.645447, 55.827397], [37.645407, 55.827397], [37.645366, 55.827397], [37.645322, 55.827394], [37.645272, 55.827388], [37.645223, 55.827376], [37.645181, 55.82736], [37.645159, 55.827351], [37.645138, 55.827341], [37.645082, 55.827313], [37.644961, 55.827249], [37.644863, 55.827197], [37.64389, 55.826683], [37.642467, 55.825969], [37.642265, 55.825873], [37.640954, 55.825188], [37.639461, 55.82442], [37.639315, 55.82434], [37.638272, 55.823805], [37.637949, 55.823639], [37.637827, 55.823577], [37.637776, 55.823552], [37.637581, 55.823444], [37.636783, 55.823038], [37.636499, 55.822889], [37.636227, 55.822737], [37.635841, 55.82252], [37.635531, 55.822341], [37.635382, 55.822248], [37.635278, 55.822193], [37.63527, 55.822189], [37.635175, 55.822141], [37.635079, 55.822093], [37.635039, 55.822078], [37.634954, 55.82206], [37.634895, 55.822061], [37.634842, 55.822063], [37.634609, 55.82207], [37.63417, 55.822084], [37.633908, 55.822092], [37.632263, 55.822142], [37.631442, 55.822168], [37.631184, 55.822158], [37.630943, 55.822128], [37.630911, 55.822122], [37.63084, 55.822109], [37.629749, 55.821898], [37.62929, 55.821837], [37.628605, 55.821841], [37.628395, 55.821843], [37.625707, 55.821857], [37.625132, 55.821858], [37.624879, 55.821861], [37.623221, 55.821881], [37.622575, 55.821884], [37.622128, 55.821886], [37.62165, 55.821888], [37.61996, 55.821889], [37.619723, 55.821889], [37.619642, 55.821891], [37.619593, 55.821891], [37.619565, 55.821892], [37.619538, 55.821893], [37.61951, 55.821895], [37.619483, 55.821897], [37.619454, 55.8219], [37.619427, 55.821904], [37.619401, 55.821909], [37.619377, 55.821916], [37.619353, 55.821922], [37.61933, 55.821931], [37.619308, 55.821939], [37.61929, 55.821947], [37.619271, 55.821957], [37.619253, 55.821967], [37.619236, 55.821979], [37.619222, 55.821992], [37.619208, 55.822004], [37.619199, 55.822017], [37.619189, 55.822031], [37.619181, 55.822046], [37.619175, 55.82206], [37.61917, 55.822075], [37.619168, 55.822089], [37.619166, 55.822103], [37.619166, 55.822117], [37.619165, 55.82213], [37.619154, 55.822387], [37.619153, 55.822406], [37.619151, 55.822425], [37.619149, 55.822445], [37.619146, 55.822466], [37.619143, 55.822483], [37.619136, 55.822502], [37.61913, 55.822519], [37.619122, 55.822536], [37.619111, 55.822553], [37.619096, 55.822569], [37.619078, 55.822585], [37.619056, 55.8226], [37.619029, 55.822612], [37.619, 55.822623], [37.61897, 55.822632], [37.618937, 55.822641], [37.618904, 55.822647], [37.618872, 55.822651], [37.618839, 55.822654], [37.618807, 55.822657], [37.618451, 55.822676], [37.617843, 55.822707], [37.617229, 55.822737]]}, "properties": {"kind": "track", "route": 25, "direction": 1, "osm_id": 3186265, "from": "Метро «Сокольники»", "to": "Усадьба Останкино"}}, {"type": "Feature", "geometry": {"type": "Point", "coordinates": [37.6794659, 55.7918534]}, "properties": {"kind": "stop", "route": 25, "direction": 1, "seq": 1, "osm_id": 473133164, "name": "Метро «Сокольники»"}}, {"type": "Feature", "geometry": {"type": "Point", "coordinates": [37.681146, 55.7926944]}, "properties": {"kind": "stop", "route": 25, "direction": 1, "seq": 2, "osm_id": 1984517983, "name": "ПКиО Сокольники"}}, {"type": "Feature", "geometry": {"type": "Point", "coordinates": [37.6829494, 55.7958552]}, "properties": {"kind": "stop", "route": 25, "direction": 1, "seq": 3, "osm_id": 1992955360, "name": "Охотничья улица"}}, {"type": "Feature", "geometry": {"type": "Point", "coordinates": [37.6859668, 55.7992914]}, "properties": {"kind": "stop", "route": 25, "direction": 1, "seq": 4, "osm_id": 1992955362, "name": "Улица Короленко"}}, {"type": "Feature", "geometry": {"type": "Point", "coordinates": [37.6888615, 55.8028831]}, "properties": {"kind": "stop", "route": 25, "direction": 1, "seq": 5, "osm_id": 1992955359, "name": "Майский просек"}}, {"type": "Feature", "geometry": {"type": "Point", "coordinates": [37.6917199, 55.8054757]}, "properties": {"kind": "stop", "route": 25, "direction": 1, "seq": 6, "osm_id": 1992955355, "name": "Большая Оленья улица"}}, {"type": "Feature", "geometry": {"type": "Point", "coordinates": [37.6883116, 55.8083611]}, "properties": {"kind": "stop", "route": 25, "direction": 1, "seq": 7, "osm_id": 1992955356, "name": "2-й Ширяевский переулок"}}, {"type": "Feature", "geometry": {"type": "Point", "coordinates": [37.6854418, 55.8105218]}, "properties": {"kind": "stop", "route": 25, "direction": 1, "seq": 8, "osm_id": 1992955353, "name": "Большая Ширяевская улица"}}, {"type": "Feature", "geometry": {"type": "Point", "coordinates": [37.6854207, 55.8151031]}, "properties": {"kind": "stop", "route": 25, "direction": 1, "seq": 9, "osm_id": 1642815217, "name": "Ростокинский проезд"}}, {"type": "Feature", "geometry": {"type": "Point", "coordinates": [37.6786682, 55.8173939]}, "properties": {"kind": "stop", "route": 25, "direction": 1, "seq": 10, "osm_id": 718450763, "name": "Лингвистический университет"}}, {"type": "Feature", "geometry": {"type": "Point", "coordinates": [37.6713237, 55.8191196]}, "properties": {"kind": "stop", "route": 25, "direction": 1, "seq": 11, "osm_id": 287393722, "name": "Станция юных натуралистов"}}, {"type": "Feature", "geometry": {"type": "Point", "coordinates": [37.6621394, 55.8217922]}, "properties": {"kind": "stop", "route": 25, "direction": 1, "seq": 12, "osm_id": 1677617703, "name": "Площадь Академика Люльки"}}, {"type": "Feature", "geometry": {"type": "Point", "coordinates": [37.658004, 55.8230517]}, "properties": {"kind": "stop", "route": 25, "direction": 1, "seq": 13, "osm_id": 1677617745, "name": "улица Бориса Галушкина, 17"}}, {"type": "Feature", "geometry": {"type": "Point", "coordinates": [37.6523865, 55.8249588]}, "properties": {"kind": "stop", "route": 25, "direction": 1, "seq": 14, "osm_id": 1677617750, "name": "Ярославская улица"}}, {"type": "Feature", "geometry": {"type": "Point", "coordinates": [37.6487246, 55.8263898]}, "properties": {"kind": "stop", "route": 25, "direction": 1, "seq": 15, "osm_id": 1677617714, "name": "Проспект Мира"}}, {"type": "Feature", "geometry": {"type": "Point", "coordinates": [37.6460967, 55.8272421]}, "properties": {"kind": "stop", "route": 25, "direction": 1, "seq": 16, "osm_id": 535516914, "name": "ВДНХ (северный вход)"}}, {"type": "Feature", "geometry": {"type": "Point", "coordinates": [37.6382716, 55.8238048]}, "properties": {"kind": "stop", "route": 25, "direction": 1, "seq": 17, "osm_id": 535516842, "name": "Метро «ВДНХ»"}}, {"type": "Feature", "geometry": {"type": "Point", "coordinates": [37.6339085, 55.822092]}, "properties": {"kind": "stop", "route": 25, "direction": 1, "seq": 18, "osm_id": 1046562062, "name": "ВДНХ (южный вход)"}}, {"type": "Feature", "geometry": {"type": "Point", "coordinates": [37.6286054, 55.8218406]}, "properties": {"kind": "stop", "route": 25, "direction": 1, "seq": 19, "osm_id": 1046561946, "name": "Улица Цандера"}}, {"type": "Feature", "geometry": {"type": "Point", "coordinates": [37.6221282, 55.8218859]}, "properties": {"kind": "stop", "route": 25, "direction": 1, "seq": 20, "osm_id": 535516828, "name": "Аргуновская улица"}}, {"type": "Feature", "geometry": {"type": "Point", "coordinates": [37.6172291, 55.8227374]}, "properties": {"kind": "stop", "route": 25, "direction": 1, "seq": 21, "osm_id": 3236023227, "name": "Усадьба Останкино"}}, {"type": "Feature", "geometry": {"type": "LineString", "coordinates": [[37.537714, 55.692111], [37.538165, 55.691855], [37.539406, 55.69115], [37.539615, 55.691031], [37.539699, 55.690982], [37.539709, 55.690977], [37.540032, 55.690794], [37.540165, 55.690718], [37.540425, 55.690566], [37.54265, 55.689296], [37.542774, 55.689219], [37.543785, 55.688645], [37.543946, 55.688555], [37.544228, 55.688393], [37.544451, 55.688266], [37.544705, 55.688122], [37.544804, 55.688062], [37.545015, 55.687952], [37.545246, 55.687815], [37.545447, 55.687702], [37.54548, 55.687682], [37.545496, 55.687674], [37.545662, 55.687577], [37.547159, 55.686679], [37.547551, 55.686455], [37.54768, 55.686382], [37.547944, 55.686231], [37.55006, 55.685023], [37.550889, 55.68454], [37.551391, 55.684247], [37.551509, 55.684186], [37.551536, 55.684174], [37.55162, 55.684145], [37.551746, 55.684112], [37.551831, 55.684102], [37.551893, 55.6841], [37.551956, 55.684099], [37.552024, 55.6841], [37.552152, 55.684117], [37.552181, 55.684123], [37.552226, 55.684134], [37.552263, 55.684142], [37.552375, 55.684187], [37.552464, 55.684235], [37.552469, 55.684238], [37.552581, 55.684332], [37.552628, 55.684371], [37.553935, 55.685435], [37.553989, 55.685453], [37.554047, 55.685466], [37.554077, 55.685471], [37.554112, 55.685477], [37.554163, 55.685482], [37.55418, 55.685483], [37.554296, 55.685477], [37.554369, 55.685464], [37.55444, 55.685448], [37.554482, 55.685432], [37.55554, 55.685068], [37.556712, 55.684661], [37.557791, 55.684297], [37.559269, 55.683786], [37.559637, 55.683658], [37.56001, 55.683529], [37.563477, 55.682338], [37.563709, 55.682259], [37.565847, 55.681531], [37.566412, 55.681333], [37.566709, 55.681238], [37.566956, 55.681152], [37.567017, 55.681131], [37.567146, 55.681088], [37.57127, 55.679658], [37.571889, 55.679445], [37.572009, 55.679404], [37.57226, 55.679318], [37.574168, 55.678665], [37.574445, 55.678568], [37.574602, 55.678513], [37.576144, 55.677982], [37.578369, 55.677209], [37.578547, 55.677146], [37.578754, 55.677076], [37.579089, 55.676985], [37.579151, 55.676977], [37.579226, 55.67697], [37.579278, 55.676967], [37.579443, 55.676972], [37.57963, 55.677013], [37.580018, 55.677141], [37.580609, 55.677344], [37.580963, 55.677466], [37.581787, 55.677748], [37.583031, 55.678176], [37.583654, 55.678389], [37.583933, 55.678485], [37.584052, 55.678567], [37.584078, 55.678598], [37.584099, 55.67866], [37.584111, 55.678701], [37.584108, 55.678741], [37.58408, 55.678799], [37.583712, 55.67914], [37.583689, 55.679184], [37.583676, 55.67923], [37.583694, 55.679276], [37.583727, 55.679322], [37.583781, 55.679355], [37.583852, 55.679389], [37.583988, 55.67944], [37.584386, 55.679589], [37.58492, 55.679788], [37.585077, 55.679836], [37.585218, 55.679857], [37.585348, 55.679861], [37.585501, 55.679847], [37.585676, 55.679829], [37.58578, 55.679811], [37.585915, 55.679786], [37.586098, 55.679786], [37.586232, 55.679809], [37.586326, 55.679853], [37.586502, 55.680022], [37.586683, 55.680172], [37.586805, 55.680236], [37.586928, 55.680301], [37.58709, 55.680388], [37.587286, 55.680499], [37.587345, 55.680538], [37.587497, 55.680637], [37.587642, 55.680765], [37.587915, 55.681005], [37.588324, 55.681379], [37.588711, 55.681734], [37.58907, 55.682064], [37.589206, 55.682188], [37.589397, 55.682363], [37.589803, 55.682735], [37.58999, 55.682907], [37.590919, 55.683761], [37.591075, 55.683905], [37.591109, 55.683936], [37.591291, 55.684103], [37.592097, 55.684845], [37.592968, 55.685641], [37.593393, 55.68603], [37.593493, 55.686124], [37.593518, 55.686146], [37.593858, 55.686464], [37.594535, 55.687097], [37.595239, 55.687755], [37.595521, 55.688019], [37.595597, 55.688089], [37.59572, 55.688213], [37.595879, 55.688395], [37.595959, 55.688484], [37.596059, 55.688594], [37.596212, 55.68872], [37.596343, 55.688836], [37.596449, 55.688936], [37.596565, 55.68905], [37.597396, 55.689805], [37.597686, 55.690031], [37.597734, 55.690063], [37.597848, 55.690138], [37.598087, 55.690282], [37.598343, 55.69042], [37.5992, 55.690773], [37.599348, 55.690834], [37.599796, 55.691009], [37.600535, 55.691292], [37.600775, 55.691385], [37.601883, 55.691811], [37.601993, 55.691854], [37.602074, 55.691886], [37.602613, 55.692078], [37.602867, 55.692172], [37.603684, 55.692475], [37.60471, 55.692854], [37.604773, 55.692878], [37.605037, 55.692979], [37.607541, 55.693947], [37.607641, 55.693986], [37.608194, 55.694199], [37.608327, 55.694248], [37.608776, 55.694413], [37.609053, 55.694544], [37.609417, 55.694738], [37.609616, 55.694869], [37.609726, 55.694957], [37.610019, 55.695252], [37.611075, 55.696407], [37.611666, 55.697052], [37.612053, 55.697472], [37.612254, 55.697691], [37.614314, 55.699915], [37.614472, 55.700084], [37.614661, 55.700287], [37.614928, 55.700602], [37.615091, 55.700776], [37.61512, 55.700832], [37.615141, 55.700887], [37.615156, 55.701005], [37.615152, 55.701059], [37.615136, 55.701108], [37.615042, 55.701226], [37.614873, 55.70141], [37.61466, 55.701635], [37.614606, 55.701691], [37.61458, 55.701732], [37.614457, 55.702227], [37.614384, 55.702328], [37.614274, 55.702481], [37.614198, 55.702558], [37.612525, 55.704239], [37.612276, 55.7045], [37.612042, 55.704778], [37.610983, 55.705932], [37.610748, 55.706198], [37.610642, 55.706317], [37.610585, 55.706442], [37.610551, 55.706565], [37.610554, 55.706713], [37.610613, 55.707863], [37.610618, 55.708066], [37.610628, 55.708225], [37.610628, 55.708272], [37.61062, 55.708322], [37.610592, 55.708372], [37.610526, 55.708422], [37.61045, 55.708449], [37.610381, 55.70846], [37.610302, 55.708467], [37.610221, 55.708469], [37.610115, 55.708467], [37.609906, 55.708443], [37.609398, 55.708385], [37.609158, 55.708372], [37.608988, 55.708362], [37.608427, 55.708333], [37.607893, 55.708305], [37.607544, 55.708274], [37.60734, 55.708255], [37.60729, 55.708253], [37.607242, 55.708259], [37.607199, 55.708273], [37.607165, 55.708293], [37.607084, 55.708425], [37.606892, 55.70874], [37.606753, 55.708967], [37.60662, 55.70921], [37.606446, 55.709527], [37.60639, 55.709675], [37.606365, 55.709785], [37.606242, 55.710329], [37.606198, 55.710525], [37.606181, 55.710662], [37.606162, 55.710819], [37.606159, 55.710872], [37.606159, 55.710968], [37.606177, 55.711064], [37.606193, 55.711106], [37.606209, 55.711148], [37.606238, 55.711223], [37.606316, 55.711399], [37.606347, 55.711483], [37.606381, 55.711572], [37.606415, 55.711668], [37.606447, 55.711759], [37.606506, 55.711928], [37.606537, 55.712015], [37.606601, 55.712197], [37.606683, 55.712432], [37.606703, 55.71249], [37.606795, 55.712735], [37.607036, 55.713364], [37.607296, 55.714044], [37.607461, 55.714494], [37.607516, 55.714634], [37.607863, 55.715519], [37.607901, 55.71562], [37.607943, 55.715734], [37.608088, 55.716123], [37.608238, 55.716526], [37.608298, 55.716687], [37.608319, 55.716742], [37.608352, 55.716826], [37.608613, 55.717495], [37.608729, 55.717796], [37.609007, 55.718539], [37.609141, 55.718907], [37.609174, 55.718989], [37.609335, 55.719415], [37.609417, 55.719632], [37.609681, 55.720299], [37.609915, 55.720893], [37.610019, 55.721159], [37.61012, 55.721424], [37.6103, 55.721904], [37.610335, 55.722], [37.610487, 55.722411], [37.610549, 55.722583], [37.610673, 55.722918], [37.61071, 55.723019], [37.61078, 55.723212], [37.610868, 55.723456], [37.61094, 55.723696], [37.610968, 55.723792], [37.611013, 55.72395], [37.61104, 55.724044], [37.61112, 55.724319], [37.611204, 55.724602], [37.611279, 55.724885], [37.611331, 55.725109], [37.611342, 55.725158], [37.611348, 55.725181], [37.61136, 55.72524], [37.611378, 55.725316], [37.611393, 55.725392], [37.61142, 55.725508], [37.611455, 55.725665], [37.611465, 55.72571], [37.611485, 55.725805], [37.611504, 55.725889], [37.611521, 55.725968], [37.611538, 55.726047], [37.611549, 55.726093], [37.6116, 55.726319], [37.611629, 55.726449], [37.61166, 55.726583]]}, "properties": {"kind": "track", "route": 26, "direction": 0, "osm_id": 1689026, "from": "Метро «Университет»", "to": "Метро «Октябрьская»"}}, {"type": "Feature", "geometry": {"type": "Point", "coordinates": [37.5377142, 55.6921111]}, "properties": {"kind": "stop", "route": 26, "direction": 0, "seq": 1, "osm_id": 1376488524, "name": "Метро «Университет»"}}, {"type": "Feature", "geometry": {"type": "Point", "coordinates": [37.539406, 55.6911502]}, "properties": {"kind": "stop", "route": 26, "direction": 0, "seq": 2, "osm_id": 1376488519, "name": "Драмтеатр"}}, {"type": "Feature", "geometry": {"type": "Point", "coordinates": [37.5437852, 55.6886447]}, "properties": {"kind": "stop", "route": 26, "direction": 0, "seq": 3, "osm_id": 1376488523, "name": "Ленинский проспект"}}, {"type": "Feature", "geometry": {"type": "Point", "coordinates": [37.5479437, 55.6862314]}, "properties": {"kind": "stop", "route": 26, "direction": 0, "seq": 4, "osm_id": 1376488521, "name": "Центр здоровья детей"}}, {"type": "Feature", "geometry": {"type": "Point", "coordinates": [37.5513913, 55.6842467]}, "properties": {"kind": "stop", "route": 26, "direction": 0, "seq": 5, "osm_id": 1376488538, "name": "Черёмушкинский рынок"}}, {"type": "Feature", "geometry": {"type": "Point", "coordinates": [37.5555395, 55.6850675]}, "properties": {"kind": "stop", "route": 26, "direction": 0, "seq": 6, "osm_id": 1376488529, "name": "Улица Вавилова"}}, {"type": "Feature", "geometry": {"type": "Point", "coordinates": [37.5592693, 55.6837857]}, "properties": {"kind": "stop", "route": 26, "direction": 0, "seq": 7, "osm_id": 1376488760, "name": "Улица Ивана Бабушкина"}}, {"type": "Feature", "geometry": {"type": "Point", "coordinates": [37.5658475, 55.6815307]}, "properties": {"kind": "stop", "route": 26, "direction": 0, "seq": 8, "osm_id": 1376488528, "name": "Профсоюзная улица"}}, {"type": "Feature", "geometry": {"type": "Point", "coordinates": [37.5741684, 55.678665]}, "properties": {"kind": "stop", "route": 26, "direction": 0, "seq": 9, "osm_id": 1376488526, "name": "Новочерёмушкинская улица"}}, {"type": "Feature", "geometry": {"type": "Point", "coordinates": [37.5783688, 55.6772089]}, "properties": {"kind": "stop", "route": 26, "direction": 0, "seq": 10, "osm_id": 1376488532, "name": "Центр детского творчества"}}, {"type": "Feature", "geometry": {"type": "Point", "coordinates": [37.5843858, 55.6795889]}, "properties": {"kind": "stop", "route": 26, "direction": 0, "seq": 11, "osm_id": 1376488536, "name": "Черёмушки"}}, {"type": "Feature", "geometry": {"type": "Point", "coordinates": [37.5899901, 55.6829072]}, "properties": {"kind": "stop", "route": 26, "direction": 0, "seq": 12, "osm_id": 1376500685, "name": "Улица Дмитрия Ульянова"}}, {"type": "Feature", "geometry": {"type": "Point", "coordinates": [37.5938583, 55.6864645]}, "properties": {"kind": "stop", "route": 26, "direction": 0, "seq": 13, "osm_id": 1376500650, "name": "Улица Винокурова"}}, {"type": "Feature", "geometry": {"type": "Point", "coordinates": [37.5960594, 55.6885939]}, "properties": {"kind": "stop", "route": 26, "direction": 0, "seq": 14, "osm_id": 1376500843, "name": "Улица Шверника"}}, {"type": "Feature", "geometry": {"type": "Point", "coordinates": [37.6026133, 55.6920783]}, "properties": {"kind": "stop", "route": 26, "direction": 0, "seq": 15, "osm_id": 10735066095, "name": "Загородное шоссе"}}, {"type": "Feature", "geometry": {"type": "Point", "coordinates": [37.6075406, 55.6939474]}, "properties": {"kind": "stop", "route": 26, "direction": 0, "seq": 16, "osm_id": 1376500701, "name": "Севастопольский проспект, 1"}}, {"type": "Feature", "geometry": {"type": "Point", "coordinates": [37.6116657, 55.6970517]}, "properties": {"kind": "stop", "route": 26, "direction": 0, "seq": 17, "osm_id": 1376500632, "name": "Больница имени Алексеева"}}, {"type": "Feature", "geometry": {"type": "Point", "coordinates": [37.6143137, 55.6999147]}, "properties": {"kind": "stop", "route": 26, "direction": 0, "seq": 18, "osm_id": 1376500706, "name": "Спортивная школа «Тринта»"}}, {"type": "Feature", "geometry": {"type": "Point", "coordinates": [37.6125254, 55.7042387]}, "properties": {"kind": "stop", "route": 26, "direction": 0, "seq": 19, "osm_id": 1376500694, "name": "Духовской переулок"}}, {"type": "Feature", "geometry": {"type": "Point", "coordinates": [37.6106132, 55.7078634]}, "properties": {"kind": "stop", "route": 26, "direction": 0, "seq": 20, "osm_id": 1376500849, "name": "3-я Рощинская улица"}}, {"type": "Feature", "geometry": {"type": "Point", "coordinates": [37.606892, 55.7087395]}, "properties": {"kind": "stop", "route": 26, "direction": 0, "seq": 21, "osm_id": 1376500847, "name": "3-й Верхний Михайловский проезд"}}, {"type": "Feature", "geometry": {"type": "Point", "coordinates": [37.6067033, 55.7124896]}, "properties": {"kind": "stop", "route": 26, "direction": 0, "seq": 22, "osm_id": 1376510977, "name": "Серпуховский Вал"}}, {"type": "Feature", "geometry": {"type": "Point", "coordinates": [37.6080883, 55.7161231]}, "properties": {"kind": "stop", "route": 26, "direction": 0, "seq": 23, "osm_id": 1376510975, "name": "Улица Лестева"}}, {"type": "Feature", "geometry": {"type": "Point", "coordinates": [37.6091413, 55.7189065]}, "properties": {"kind": "stop", "route": 26, "direction": 0, "seq": 24, "osm_id": 4370973807, "name": "Метро «Шаболовская»"}}, {"type": "Feature", "geometry": {"type": "Point", "coordinates": [37.6106726, 55.7229183]}, "properties": {"kind": "stop", "route": 26, "direction": 0, "seq": 25, "osm_id": 1376510980, "name": "Фабрика «Ударница»"}}, {"type": "Feature", "geometry": {"type": "Point", "coordinates": [37.6116597, 55.7265831]}, "properties": {"kind": "stop", "route": 26, "direction": 0, "seq": 26, "osm_id": 10871512070, "name": "Метро «Октябрьская»"}}, {"type": "Feature", "geometry": {"type": "LineString", "coordinates": [[37.611671, 55.726893], [37.611658, 55.726834], [37.611609, 55.726614], [37.611595, 55.726554], [37.611587, 55.726516], [37.611483, 55.726042], [37.611467, 55.725973], [37.611455, 55.725915], [37.611445, 55.72587], [37.611429, 55.725799], [37.611425, 55.725779], [37.611409, 55.725707], [37.611382, 55.725585], [37.611309, 55.72526], [37.611294, 55.725192], [37.611277, 55.725113], [37.611225, 55.72489], [37.611149, 55.724607], [37.611066, 55.724324], [37.610987, 55.724051], [37.610959, 55.723955], [37.610912, 55.723796], [37.610883, 55.723699], [37.610811, 55.72346], [37.610726, 55.723217], [37.610656, 55.723025], [37.610528, 55.72268], [37.610433, 55.722418], [37.610279, 55.722003], [37.610246, 55.72191], [37.610071, 55.721429], [37.609966, 55.721166], [37.609862, 55.7209], [37.609627, 55.720306], [37.609364, 55.719638], [37.609281, 55.719422], [37.609121, 55.718996], [37.608985, 55.718631], [37.608954, 55.718545], [37.608677, 55.717802], [37.608559, 55.717501], [37.608298, 55.716831], [37.608241, 55.71668], [37.608184, 55.716531], [37.60789, 55.71574], [37.607846, 55.715623], [37.60781, 55.715525], [37.607469, 55.714667], [37.607409, 55.7145], [37.607274, 55.714141], [37.60724, 55.714051], [37.606979, 55.713371], [37.606737, 55.712742], [37.606625, 55.712438], [37.606536, 55.712199], [37.60648, 55.712017], [37.606427, 55.711841], [37.606404, 55.711776], [37.6064, 55.711764], [37.606378, 55.711704], [37.606364, 55.711664], [37.606334, 55.711577], [37.606316, 55.711529], [37.606301, 55.711488], [37.606287, 55.711457], [37.606252, 55.711375], [37.606157, 55.711149], [37.606145, 55.711111], [37.606133, 55.711071], [37.606118, 55.710995], [37.60611, 55.710912], [37.606114, 55.710818], [37.606134, 55.710658], [37.60615, 55.710523], [37.606188, 55.710322], [37.60629, 55.709778], [37.606311, 55.709668], [37.606369, 55.709516], [37.606546, 55.709193], [37.606676, 55.708955], [37.607008, 55.708412], [37.607088, 55.70828], [37.607123, 55.708248], [37.607173, 55.708224], [37.607234, 55.708209], [37.6073, 55.708206], [37.607563, 55.70823], [37.607906, 55.708261], [37.609178, 55.708329], [37.609401, 55.708343], [37.609923, 55.708415], [37.610121, 55.708442], [37.61022, 55.708445], [37.610294, 55.708442], [37.610369, 55.708432], [37.610425, 55.70842], [37.610478, 55.708397], [37.610532, 55.708359], [37.610556, 55.708314], [37.610566, 55.708271], [37.610568, 55.708225], [37.610562, 55.708065], [37.61055, 55.707862], [37.610467, 55.706716], [37.61047, 55.706559], [37.610507, 55.706431], [37.610564, 55.706305], [37.610675, 55.706179], [37.610912, 55.705912], [37.612045, 55.704668], [37.612206, 55.704478], [37.612457, 55.704216], [37.614124, 55.70254], [37.614199, 55.702465], [37.61432, 55.702299], [37.614379, 55.702217], [37.614496, 55.701723], [37.614539, 55.701672], [37.614594, 55.701614], [37.614803, 55.701393], [37.614983, 55.701212], [37.615039, 55.701155], [37.615082, 55.701099], [37.615098, 55.701055], [37.615097, 55.701005], [37.615086, 55.700891], [37.615067, 55.700839], [37.615039, 55.700787], [37.614872, 55.70061], [37.614591, 55.70031], [37.6144, 55.700105], [37.614242, 55.699935], [37.612183, 55.697712], [37.611983, 55.697493], [37.611743, 55.697231], [37.611004, 55.696428], [37.609972, 55.69527], [37.609669, 55.694974], [37.609575, 55.694886], [37.609372, 55.694762], [37.609, 55.694577], [37.608736, 55.694443], [37.608292, 55.694278], [37.608158, 55.694228], [37.607604, 55.694014], [37.606674, 55.693659], [37.604994, 55.693016], [37.604729, 55.692915], [37.604664, 55.692891], [37.603644, 55.692507], [37.602832, 55.692201], [37.602187, 55.691958], [37.602039, 55.691907], [37.601953, 55.691877], [37.601848, 55.69184], [37.600741, 55.691413], [37.600502, 55.691318], [37.599772, 55.691027], [37.599322, 55.690854], [37.599172, 55.690793], [37.598313, 55.690445], [37.598051, 55.690302], [37.597838, 55.690175], [37.597699, 55.690085], [37.597594, 55.690016], [37.597356, 55.689827], [37.597141, 55.689631], [37.596551, 55.689095], [37.5964, 55.688952], [37.596295, 55.688852], [37.596165, 55.688735], [37.596051, 55.688646], [37.595821, 55.688401], [37.595683, 55.688248], [37.595544, 55.688111], [37.595468, 55.68804], [37.595186, 55.687774], [37.594485, 55.687114], [37.593587, 55.686268], [37.593473, 55.686161], [37.593442, 55.686131], [37.593349, 55.686046], [37.592924, 55.685656], [37.592053, 55.68486], [37.591237, 55.684117], [37.591057, 55.683951], [37.591025, 55.683922], [37.590863, 55.683774], [37.589751, 55.682755], [37.589352, 55.682389], [37.589163, 55.682215], [37.589022, 55.682085], [37.588661, 55.681753], [37.588631, 55.681726], [37.588271, 55.681395], [37.587864, 55.681021], [37.587594, 55.680786], [37.587442, 55.680655], [37.587293, 55.680554], [37.587232, 55.680513], [37.587056, 55.680407], [37.586884, 55.680318], [37.586758, 55.680278], [37.586676, 55.680268], [37.586513, 55.680264], [37.586409, 55.680276], [37.58624, 55.680313], [37.586158, 55.680339], [37.586069, 55.680371], [37.58596, 55.680398], [37.585814, 55.680417], [37.585686, 55.680415], [37.585584, 55.680398], [37.58548, 55.680361], [37.585368, 55.680298], [37.585235, 55.680175], [37.584896, 55.679879], [37.584784, 55.679793], [37.584332, 55.679623], [37.583939, 55.679477], [37.583795, 55.679423], [37.583742, 55.679403], [37.5837, 55.67938], [37.583638, 55.679336], [37.583613, 55.679295], [37.583605, 55.679253], [37.583614, 55.679187], [37.583639, 55.679122], [37.584003, 55.678785], [37.584035, 55.678725], [37.584034, 55.678666], [37.58402, 55.678653], [37.583985, 55.678591], [37.583875, 55.678517], [37.583617, 55.678424], [37.583002, 55.678201], [37.581756, 55.677775], [37.580934, 55.677494], [37.580579, 55.677373], [37.579993, 55.677172], [37.579603, 55.677045], [37.579431, 55.67701], [37.579288, 55.677012], [37.579239, 55.677015], [37.579179, 55.677019], [37.579124, 55.677026], [37.578792, 55.677115], [37.578587, 55.677185], [37.578409, 55.677248], [37.576186, 55.678021], [37.574644, 55.678551], [37.574489, 55.678606], [37.573975, 55.678781], [37.572301, 55.679357], [37.57205, 55.679443], [37.571929, 55.679485], [37.571312, 55.679697], [37.567439, 55.681039], [37.567058, 55.68117], [37.566997, 55.68119], [37.56675, 55.681276], [37.566452, 55.681372], [37.565732, 55.681617], [37.563756, 55.682295], [37.563518, 55.682377], [37.560052, 55.683567], [37.559678, 55.683697], [37.559311, 55.683824], [37.557723, 55.684366], [37.556882, 55.684643], [37.554754, 55.685378], [37.554512, 55.685461], [37.554465, 55.685478], [37.554392, 55.6855], [37.554307, 55.685516], [37.554282, 55.685517], [37.554176, 55.685522], [37.554132, 55.685517], [37.554094, 55.685513], [37.554081, 55.685512], [37.55403, 55.685505], [37.554014, 55.6855], [37.553955, 55.685484], [37.553885, 55.685459], [37.552582, 55.684387], [37.552542, 55.684353], [37.552451, 55.68428], [37.552421, 55.684256], [37.552328, 55.684209], [37.552248, 55.684184], [37.552232, 55.684179], [37.552169, 55.684165], [37.55213, 55.684156], [37.552035, 55.684143], [37.551953, 55.68414], [37.551886, 55.684139], [37.551837, 55.684142], [37.551752, 55.684151], [37.551649, 55.684175], [37.551579, 55.684198], [37.551448, 55.684273], [37.550939, 55.684566], [37.550437, 55.684855], [37.550103, 55.685047], [37.547818, 55.686358], [37.547745, 55.686399], [37.547599, 55.686483], [37.547209, 55.686707], [37.545714, 55.687612], [37.54555, 55.687707], [37.545536, 55.687714], [37.545505, 55.687733], [37.545308, 55.687855], [37.545062, 55.687983], [37.544905, 55.688071], [37.544756, 55.688156], [37.544512, 55.688295], [37.544284, 55.688425], [37.543841, 55.688677], [37.542835, 55.689248], [37.542697, 55.689327], [37.540482, 55.690597], [37.540088, 55.690825], [37.539928, 55.690916], [37.539765, 55.691009], [37.539756, 55.691014], [37.539673, 55.691062], [37.539463, 55.691182], [37.538235, 55.691879], [37.537771, 55.692143], [37.537486, 55.692305], [37.537305, 55.692418], [37.536945, 55.692643]]}, "properties": {"kind": "track", "route": 26, "direction": 1, "osm_id": 1689064, "from": "Метро «Октябрьская»", "to": "Метро «Университет»"}}, {"type": "Feature", "geometry": {"type": "Point", "coordinates": [37.6116715, 55.7268934]}, "properties": {"kind": "stop", "route": 26, "direction": 1, "seq": 1, "osm_id": 1376510974, "name": "Метро «Октябрьская»"}}, {"type": "Feature", "geometry": {"type": "Point", "coordinates": [37.6105282, 55.7226797]}, "properties": {"kind": "stop", "route": 26, "direction": 1, "seq": 2, "osm_id": 1376510981, "name": "Фабрика «Ударница»"}}, {"type": "Feature", "geometry": {"type": "Point", "coordinates": [37.6089853, 55.7186311]}, "properties": {"kind": "stop", "route": 26, "direction": 1, "seq": 3, "osm_id": 1376510978, "name": "Метро «Шаболовская»"}}, {"type": "Feature", "geometry": {"type": "Point", "coordinates": [37.6072739, 55.7141415]}, "properties": {"kind": "stop", "route": 26, "direction": 1, "seq": 4, "osm_id": 1376510976, "name": "Улица Лестева"}}, {"type": "Feature", "geometry": {"type": "Point", "coordinates": [37.6061337, 55.7106575]}, "properties": {"kind": "stop", "route": 26, "direction": 1, "seq": 5, "osm_id": 1376500848, "name": "Серпуховский Вал"}}, {"type": "Feature", "geometry": {"type": "Point", "coordinates": [37.6091785, 55.7083293]}, "properties": {"kind": "stop", "route": 26, "direction": 1, "seq": 6, "osm_id": 1376500850, "name": "3-я Рощинская улица"}}, {"type": "Feature", "geometry": {"type": "Point", "coordinates": [37.6120453, 55.7046676]}, "properties": {"kind": "stop", "route": 26, "direction": 1, "seq": 7, "osm_id": 1376500695, "name": "Духовской переулок"}}, {"type": "Feature", "geometry": {"type": "Point", "coordinates": [37.6145911, 55.7003102]}, "properties": {"kind": "stop", "route": 26, "direction": 1, "seq": 8, "osm_id": 1376500709, "name": "Спортивная школа «Тринта»"}}, {"type": "Feature", "geometry": {"type": "Point", "coordinates": [37.6121834, 55.6977119]}, "properties": {"kind": "stop", "route": 26, "direction": 1, "seq": 9, "osm_id": 1376500648, "name": "Больница имени Алексеева"}}, {"type": "Feature", "geometry": {"type": "Point", "coordinates": [37.6066745, 55.6936589]}, "properties": {"kind": "stop", "route": 26, "direction": 1, "seq": 10, "osm_id": 1376500704, "name": "Севастопольский проспект, 1"}}, {"type": "Feature", "geometry": {"type": "Point", "coordinates": [37.6021874, 55.6919581]}, "properties": {"kind": "stop", "route": 26, "direction": 1, "seq": 11, "osm_id": 1376500698, "name": "Загородное шоссе"}}, {"type": "Feature", "geometry": {"type": "Point", "coordinates": [37.5965512, 55.6890945]}, "properties": {"kind": "stop", "route": 26, "direction": 1, "seq": 12, "osm_id": 1376500846, "name": "Улица Шверника"}}, {"type": "Feature", "geometry": {"type": "Point", "coordinates": [37.593587, 55.6862682]}, "properties": {"kind": "stop", "route": 26, "direction": 1, "seq": 13, "osm_id": 1376500684, "name": "Улица Винокурова"}}, {"type": "Feature", "geometry": {"type": "Point", "coordinates": [37.589751, 55.6827554]}, "properties": {"kind": "stop", "route": 26, "direction": 1, "seq": 14, "osm_id": 1376500692, "name": "Улица Дмитрия Ульянова"}}, {"type": "Feature", "geometry": {"type": "Point", "coordinates": [37.585235, 55.6801747]}, "properties": {"kind": "stop", "route": 26, "direction": 1, "seq": 15, "osm_id": 1376492012, "name": "Черёмушки"}}, {"type": "Feature", "geometry": {"type": "Point", "coordinates": [37.5799934, 55.6771724]}, "properties": {"kind": "stop", "route": 26, "direction": 1, "seq": 16, "osm_id": 1376488531, "name": "Центр детского творчества"}}, {"type": "Feature", "geometry": {"type": "Point", "coordinates": [37.5739747, 55.6787811]}, "properties": {"kind": "stop", "route": 26, "direction": 1, "seq": 17, "osm_id": 1376488525, "name": "Новочерёмушкинская улица"}}, {"type": "Feature", "geometry": {"type": "Point", "coordinates": [37.5674395, 55.6810388]}, "properties": {"kind": "stop", "route": 26, "direction": 1, "seq": 18, "osm_id": 1376488527, "name": "Профсоюзная улица"}}, {"type": "Feature", "geometry": {"type": "Point", "coordinates": [37.560052, 55.6835674]}, "properties": {"kind": "stop", "route": 26, "direction": 1, "seq": 19, "osm_id": 1376488759, "name": "Улица Ивана Бабушкина"}}, {"type": "Feature", "geometry": {"type": "Point", "coordinates": [37.5547537, 55.685378]}, "properties": {"kind": "stop", "route": 26, "direction": 1, "seq": 20, "osm_id": 1376488530, "name": "Улица Вавилова"}}, {"type": "Feature", "geometry": {"type": "Point", "coordinates": [37.5504371, 55.6848546]}, "properties": {"kind": "stop", "route": 26, "direction": 1, "seq": 21, "osm_id": 1376488537, "name": "Черёмушкинский рынок"}}, {"type": "Feature", "geometry": {"type": "Point", "coordinates": [37.5478178, 55.6863576]}, "properties": {"kind": "stop", "route": 26, "direction": 1, "seq": 22, "osm_id": 1376488520, "name": "Центр здоровья детей"}}, {"type": "Feature", "geometry": {"type": "Point", "coordinates": [37.5438414, 55.6886766]}, "properties": {"kind": "stop", "route": 26, "direction": 1, "seq": 23, "osm_id": 1376488522, "name": "Ленинский проспект"}}, {"type": "Feature", "geometry": {"type": "Point", "coordinates": [37.5399283, 55.6909162]}, "properties": {"kind": "stop", "route": 26, "direction": 1, "seq": 24, "osm_id": 1376488518, "name": "Драмтеатр"}}, {"type": "Feature", "geometry": {"type": "Point", "coordinates": [37.5369453, 55.6926426]}, "properties": {"kind": "stop", "route": 26, "direction": 1, "seq": 25, "osm_id": 1376495190, "name": "Метро «Университет»"}}, {"type": "Feature", "geometry": {"type": "LineString", "coordinates": [[37.508698, 55.805802], [37.508876, 55.805703], [37.508956, 55.805667], [37.508986, 55.80566], [37.509135, 55.805626], [37.509249, 55.805587], [37.509373, 55.805507], [37.509449, 55.805477], [37.509503, 55.805468], [37.509532, 55.805463], [37.509565, 55.805458], [37.509598, 55.805455], [37.509632, 55.805453], [37.509666, 55.805453], [37.509699, 55.805454], [37.509733, 55.805458], [37.509766, 55.805462], [37.509797, 55.805469], [37.509828, 55.805477], [37.509858, 55.805486], [37.509885, 55.805497], [37.509912, 55.805509], [37.509936, 55.805522], [37.509958, 55.805536], [37.509977, 55.805552], [37.509995, 55.805568], [37.51001, 55.805585], [37.510022, 55.805603], [37.510031, 55.805621], [37.510037, 55.80564], [37.510041, 55.805659], [37.510041, 55.805678], [37.510039, 55.805697], [37.510034, 55.805716], [37.510026, 55.805734], [37.510015, 55.805752], [37.510001, 55.80577], [37.509985, 55.805786], [37.509966, 55.805802], [37.509945, 55.805817], [37.509922, 55.805831], [37.509897, 55.805843], [37.509869, 55.805855], [37.509841, 55.805865], [37.50981, 55.805873], [37.509711, 55.805902], [37.509587, 55.805926], [37.509504, 55.805939], [37.509439, 55.805946], [37.509374, 55.805951], [37.509309, 55.805952], [37.509103, 55.80595], [37.508937, 55.805946], [37.508828, 55.805953], [37.508713, 55.80597], [37.508357, 55.806049], [37.507865, 55.806169], [37.507435, 55.806272], [37.506348, 55.806533], [37.506178, 55.806574], [37.506111, 55.806589], [37.505913, 55.806626], [37.505296, 55.80675], [37.505127, 55.80678], [37.503928, 55.807017], [37.501755, 55.807426], [37.499908, 55.807761], [37.498835, 55.807965], [37.497455, 55.808233], [37.4959, 55.80855], [37.494935, 55.80876], [37.493901, 55.808982], [37.492833, 55.809216], [37.4927, 55.809246], [37.492123, 55.809375], [37.491979, 55.809408], [37.491777, 55.809449], [37.491394, 55.809523], [37.491313, 55.809536], [37.491228, 55.809541], [37.491144, 55.809538], [37.491062, 55.809526], [37.490985, 55.809507], [37.490949, 55.809496], [37.489599, 55.809145], [37.489582, 55.80914], [37.489522, 55.809126], [37.489445, 55.809115], [37.489368, 55.80911], [37.489294, 55.809112], [37.489213, 55.809121], [37.489132, 55.809136], [37.488776, 55.809227], [37.48725, 55.809665], [37.486421, 55.809936], [37.485552, 55.810235], [37.484715, 55.810526], [37.484502, 55.8106], [37.48441, 55.810625], [37.484295, 55.810647], [37.48417, 55.81066], [37.483987, 55.810673], [37.48383, 55.810676], [37.483571, 55.810669], [37.482577, 55.810639], [37.482357, 55.810632], [37.481072, 55.810585], [37.479807, 55.810536], [37.478641, 55.81049], [37.478142, 55.810472], [37.477443, 55.810446], [37.477055, 55.810432], [37.476263, 55.810406], [37.476165, 55.810402], [37.476013, 55.810398], [37.475894, 55.810397], [37.475553, 55.810387], [37.475415, 55.810383], [37.475138, 55.810375], [37.474903, 55.810368], [37.4747, 55.810362], [37.473831, 55.810337], [37.470394, 55.810231], [37.469761, 55.810212], [37.469623, 55.810207], [37.46953, 55.810204], [37.46838, 55.810166], [37.467523, 55.810137], [37.466973, 55.81012], [37.466187, 55.810097], [37.464053, 55.810021], [37.463133, 55.809988], [37.462484, 55.809969], [37.462291, 55.809957], [37.462097, 55.80994], [37.461938, 55.809904], [37.461794, 55.809861], [37.461629, 55.809779], [37.461474, 55.809667], [37.461463, 55.809657], [37.461332, 55.809533], [37.461288, 55.80948], [37.461208, 55.809414], [37.461126, 55.809351], [37.460979, 55.809229], [37.460402, 55.808774], [37.460317, 55.808708], [37.458153, 55.806844], [37.457913, 55.806668], [37.457739, 55.806556], [37.457616, 55.806484], [37.457443, 55.806395], [37.457005, 55.806211], [37.456743, 55.806122], [37.456462, 55.806043], [37.455988, 55.805932], [37.455529, 55.805847], [37.455228, 55.805796], [37.454785, 55.80575], [37.454202, 55.805702], [37.453599, 55.805654], [37.453431, 55.80564], [37.452736, 55.805584], [37.452286, 55.805551], [37.452152, 55.805525], [37.452058, 55.805499], [37.451962, 55.805463], [37.451879, 55.805423], [37.451737, 55.805348], [37.451703, 55.80533], [37.451669, 55.805312], [37.451431, 55.805187], [37.451315, 55.805125], [37.451208, 55.805069], [37.451108, 55.805016], [37.450901, 55.804884], [37.450743, 55.804758], [37.450634, 55.804642], [37.450559, 55.804522], [37.450493, 55.804363], [37.450464, 55.804212], [37.45046, 55.804122], [37.450451, 55.803905], [37.450432, 55.803593], [37.450414, 55.803325], [37.450412, 55.80328], [37.450413, 55.803233], [37.450401, 55.803095], [37.450397, 55.803033], [37.450293, 55.801301], [37.450292, 55.801208], [37.450293, 55.800242], [37.450295, 55.799087], [37.450298, 55.799039], [37.450313, 55.798829], [37.450351, 55.79868], [37.450416, 55.798524], [37.450522, 55.798357], [37.450653, 55.7982], [37.450778, 55.798096], [37.452208, 55.796906], [37.453131, 55.796138], [37.453233, 55.796059], [37.453512, 55.795828], [37.453606, 55.795749], [37.453781, 55.795587], [37.453902, 55.79545], [37.45392, 55.79543], [37.454035, 55.795272], [37.454143, 55.795118], [37.454238, 55.794925], [37.454329, 55.794668], [37.454383, 55.794413], [37.454387, 55.794098], [37.454388, 55.794027], [37.45438, 55.793199], [37.454376, 55.792863], [37.454365, 55.791797], [37.454358, 55.791718], [37.45419, 55.789757], [37.454156, 55.789354], [37.45415, 55.789237], [37.454148, 55.789113], [37.454147, 55.788969], [37.454144, 55.788799], [37.454101, 55.787724], [37.454117, 55.787162], [37.454158, 55.786874], [37.454241, 55.786549], [37.454468, 55.785984], [37.454673, 55.785601], [37.45491, 55.785234], [37.455187, 55.78482], [37.455222, 55.784771], [37.455253, 55.784727], [37.455505, 55.784351], [37.455524, 55.784323], [37.455837, 55.783873], [37.455985, 55.783658], [37.456058, 55.783551], [37.456098, 55.783478], [37.456125, 55.783414], [37.456148, 55.783303], [37.456149, 55.783174], [37.456092, 55.783001], [37.456059, 55.78293], [37.455641, 55.782034], [37.45553, 55.781794], [37.455151, 55.781004], [37.455032, 55.780744], [37.454981, 55.780675], [37.454927, 55.780638], [37.45487, 55.780617], [37.454797, 55.780602], [37.454701, 55.780593], [37.4546, 55.780598], [37.454466, 55.780615], [37.454328, 55.780618], [37.454235, 55.780608], [37.454143, 55.78059], [37.454093, 55.78057], [37.454055, 55.780548], [37.454019, 55.780519], [37.453998, 55.780486], [37.453893, 55.780239]]}, "properties": {"kind": "track", "route": 28, "direction": 0, "osm_id": 3184022, "from": "Метро «Сокол»", "to": "Проспект Маршала Жукова"}}, {"type": "Feature", "geometry": {"type": "Point", "coordinates": [37.5086983, 55.805802]}, "properties": {"kind": "stop", "route": 28, "direction": 0, "seq": 1, "osm_id": 2424418056, "name": "Метро «Сокол»"}}, {"type": "Feature", "geometry": {"type": "Point", "coordinates": [37.5052959, 55.8067505]}, "properties": {"kind": "stop", "route": 28, "direction": 0, "seq": 2, "osm_id": 2424327579, "name": "Гидропроект"}}, {"type": "Feature", "geometry": {"type": "Point", "coordinates": [37.4988346, 55.8079649]}, "properties": {"kind": "stop", "route": 28, "direction": 0, "seq": 3, "osm_id": 2424320147, "name": "Университет «РОСБИОТЕХ»"}}, {"type": "Feature", "geometry": {"type": "Point", "coordinates": [37.4939005, 55.8089822]}, "properties": {"kind": "stop", "route": 28, "direction": 0, "seq": 4, "osm_id": 2424317942, "name": "Улица Панфилова"}}, {"type": "Feature", "geometry": {"type": "Point", "coordinates": [37.4825773, 55.8106388]}, "properties": {"kind": "stop", "route": 28, "direction": 0, "seq": 5, "osm_id": 825877090, "name": "Пехотная улица"}}, {"type": "Feature", "geometry": {"type": "Point", "coordinates": [37.4762634, 55.8104056]}, "properties": {"kind": "stop", "route": 28, "direction": 0, "seq": 6, "osm_id": 798645928, "name": "Улица Академика Курчатова"}}, {"type": "Feature", "geometry": {"type": "Point", "coordinates": [37.4697611, 55.8102117]}, "properties": {"kind": "stop", "route": 28, "direction": 0, "seq": 7, "osm_id": 945438226, "name": "Диспансер"}}, {"type": "Feature", "geometry": {"type": "Point", "coordinates": [37.4631335, 55.8099877]}, "properties": {"kind": "stop", "route": 28, "direction": 0, "seq": 8, "osm_id": 303302468, "name": "Метро «Щукинская»"}}, {"type": "Feature", "geometry": {"type": "Point", "coordinates": [37.4581526, 55.8068443]}, "properties": {"kind": "stop", "route": 28, "direction": 0, "seq": 9, "osm_id": 711057604, "name": "Медицинский центр имени Бурназяна"}}, {"type": "Feature", "geometry": {"type": "Point", "coordinates": [37.4535993, 55.8056539]}, "properties": {"kind": "stop", "route": 28, "direction": 0, "seq": 10, "osm_id": 943820342, "name": "Детская поликлиника"}}, {"type": "Feature", "geometry": {"type": "Point", "coordinates": [37.4502931, 55.8013013]}, "properties": {"kind": "stop", "route": 28, "direction": 0, "seq": 11, "osm_id": 943820347, "name": "Улица Академика Зильбера"}}, {"type": "Feature", "geometry": {"type": "Point", "coordinates": [37.4543868, 55.7940982]}, "properties": {"kind": "stop", "route": 28, "direction": 0, "seq": 12, "osm_id": 943820345, "name": "Улица Рогова"}}, {"type": "Feature", "geometry": {"type": "Point", "coordinates": [37.4541559, 55.7893539]}, "properties": {"kind": "stop", "route": 28, "direction": 0, "seq": 13, "osm_id": 825976719, "name": "Бассейн"}}, {"type": "Feature", "geometry": {"type": "Point", "coordinates": [37.4551867, 55.7848201]}, "properties": {"kind": "stop", "route": 28, "direction": 0, "seq": 14, "osm_id": 943820332, "name": "Улица Маршала Тухачевского"}}, {"type": "Feature", "geometry": {"type": "Point", "coordinates": [37.4538925, 55.7802392]}, "properties": {"kind": "stop", "route": 28, "direction": 0, "seq": 15, "osm_id": 11126908381, "name": "Проспект Маршала Жукова"}}, {"type": "Feature", "geometry": {"type": "LineString", "coordinates": [[37.454943, 55.780425], [37.454977, 55.780502], [37.455079, 55.780739], [37.455201, 55.780999], [37.455571, 55.781787], [37.455688, 55.782026], [37.456105, 55.78292], [37.456141, 55.782995], [37.456197, 55.78317], [37.456198, 55.783313], [37.456174, 55.783419], [37.456147, 55.783483], [37.456104, 55.783561], [37.45603, 55.78367], [37.455886, 55.783883], [37.455572, 55.784335], [37.455553, 55.784363], [37.455349, 55.784664], [37.4553, 55.784737], [37.455269, 55.784782], [37.455155, 55.784944], [37.454958, 55.785241], [37.454718, 55.785612], [37.454513, 55.785993], [37.454283, 55.786557], [37.454207, 55.786873], [37.454163, 55.787166], [37.454145, 55.787726], [37.454193, 55.788883], [37.454195, 55.788968], [37.454195, 55.789114], [37.454201, 55.789237], [37.454205, 55.789352], [37.45424, 55.789755], [37.454409, 55.791717], [37.454416, 55.791797], [37.454427, 55.792862], [37.454431, 55.793199], [37.454439, 55.794026], [37.454438, 55.794096], [37.454436, 55.794318], [37.454435, 55.794411], [37.45438, 55.794672], [37.454296, 55.79493], [37.454193, 55.795126], [37.454086, 55.795288], [37.453974, 55.79544], [37.453952, 55.795465], [37.453829, 55.795605], [37.453657, 55.795764], [37.453565, 55.79584], [37.453285, 55.796072], [37.453277, 55.796079], [37.453177, 55.796157], [37.45225, 55.796924], [37.450815, 55.798113], [37.450694, 55.798212], [37.450566, 55.798369], [37.450465, 55.79853], [37.4504, 55.798685], [37.450365, 55.798834], [37.450352, 55.799039], [37.450349, 55.799087], [37.450348, 55.800242], [37.450348, 55.801148], [37.450349, 55.801208], [37.45035, 55.801356], [37.450449, 55.803036], [37.450454, 55.803118], [37.450461, 55.803223], [37.450463, 55.803281], [37.450466, 55.803323], [37.450487, 55.803593], [37.450506, 55.803901], [37.450519, 55.804123], [37.450524, 55.804214], [37.450553, 55.804358], [37.45062, 55.804518], [37.450687, 55.804631], [37.450789, 55.804742], [37.450943, 55.804865], [37.451151, 55.804996], [37.451359, 55.805107], [37.451693, 55.805283], [37.45173, 55.805303], [37.45182, 55.805351], [37.451857, 55.80537], [37.451969, 55.805428], [37.452032, 55.805455], [37.452166, 55.805497], [37.452284, 55.805519], [37.452743, 55.805552], [37.453237, 55.805591], [37.453438, 55.805608], [37.454031, 55.805655], [37.454212, 55.80567], [37.454799, 55.805718], [37.455241, 55.805766], [37.455548, 55.805816], [37.456004, 55.805907], [37.456488, 55.806022], [37.456765, 55.8061], [37.457032, 55.80619], [37.457474, 55.806372], [37.457646, 55.806462], [37.457779, 55.806538], [37.457948, 55.806649], [37.458188, 55.806827], [37.460366, 55.808689], [37.460448, 55.808754], [37.461023, 55.809212], [37.461205, 55.809365], [37.461247, 55.809401], [37.461342, 55.809475], [37.461382, 55.809507], [37.461512, 55.809622], [37.461668, 55.809739], [37.461827, 55.809819], [37.461965, 55.809864], [37.462112, 55.809894], [37.462229, 55.809904], [37.462511, 55.80992], [37.464067, 55.809976], [37.466192, 55.810053], [37.466982, 55.810078], [37.468387, 55.810122], [37.468997, 55.810142], [37.469537, 55.810161], [37.46963, 55.810165], [37.469861, 55.810174], [37.470397, 55.81019], [37.474384, 55.810311], [37.474707, 55.810323], [37.475164, 55.810336], [37.47557, 55.810347], [37.475899, 55.810356], [37.476018, 55.810357], [37.476173, 55.810361], [37.476915, 55.81039], [37.47706, 55.810395], [37.477192, 55.8104], [37.477803, 55.810423], [37.47865, 55.810453], [37.479812, 55.810498], [37.482362, 55.810596], [37.483145, 55.810618], [37.483576, 55.810633], [37.483834, 55.810641], [37.484235, 55.810618], [37.484388, 55.810592], [37.484589, 55.810529], [37.484677, 55.810499], [37.487136, 55.80965], [37.487406, 55.809568], [37.48881, 55.809157], [37.489113, 55.809086], [37.48921, 55.809069], [37.489297, 55.809062], [37.489376, 55.809061], [37.489457, 55.809066], [37.489544, 55.809078], [37.489607, 55.809091], [37.489638, 55.8091], [37.490975, 55.809465], [37.491001, 55.809473], [37.491074, 55.809491], [37.491152, 55.809502], [37.491231, 55.809505], [37.491311, 55.8095], [37.491388, 55.809488], [37.491765, 55.809417], [37.491929, 55.809383], [37.492064, 55.809354], [37.492164, 55.809332], [37.492479, 55.809264], [37.492686, 55.80922], [37.492815, 55.809191], [37.494283, 55.808871], [37.494883, 55.808743], [37.495869, 55.808522], [37.497431, 55.808196], [37.499614, 55.807787], [37.499895, 55.807735], [37.501741, 55.8074], [37.503903, 55.806978], [37.50488, 55.806794], [37.505109, 55.806751], [37.505277, 55.806718], [37.505916, 55.806593], [37.506119, 55.806553], [37.506334, 55.806502], [37.507417, 55.806246], [37.507856, 55.806143], [37.508207, 55.806059], [37.508353, 55.805997], [37.508698, 55.805802]]}, "properties": {"kind": "track", "route": 28, "direction": 1, "osm_id": 3184023, "from": "Проспект Маршала Жукова", "to": "Метро «Сокол»"}}, {"type": "Feature", "geometry": {"type": "Point", "coordinates": [37.4549434, 55.7804252]}, "properties": {"kind": "stop", "route": 28, "direction": 1, "seq": 1, "osm_id": 825879399, "name": "Проспект Маршала Жукова"}}, {"type": "Feature", "geometry": {"type": "Point", "coordinates": [37.4553494, 55.7846637]}, "properties": {"kind": "stop", "route": 28, "direction": 1, "seq": 2, "osm_id": 944176908, "name": "Улица Маршала Тухачевского"}}, {"type": "Feature", "geometry": {"type": "Point", "coordinates": [37.4541926, 55.788883]}, "properties": {"kind": "stop", "route": 28, "direction": 1, "seq": 3, "osm_id": 825953891, "name": "Бассейн"}}, {"type": "Feature", "geometry": {"type": "Point", "coordinates": [37.4544357, 55.794318]}, "properties": {"kind": "stop", "route": 28, "direction": 1, "seq": 4, "osm_id": 944176922, "name": "Улица Рогова"}}, {"type": "Feature", "geometry": {"type": "Point", "coordinates": [37.4503483, 55.8011484]}, "properties": {"kind": "stop", "route": 28, "direction": 1, "seq": 5, "osm_id": 944176905, "name": "Улица Академика Зильбера"}}, {"type": "Feature", "geometry": {"type": "Point", "coordinates": [37.4532373, 55.8055914]}, "properties": {"kind": "stop", "route": 28, "direction": 1, "seq": 6, "osm_id": 944176914, "name": "Детская поликлиника"}}, {"type": "Feature", "geometry": {"type": "Point", "coordinates": [37.4622295, 55.8099037]}, "properties": {"kind": "stop", "route": 28, "direction": 1, "seq": 7, "osm_id": 946177826, "name": "Метро «Щукинская»"}}, {"type": "Feature", "geometry": {"type": "Point", "coordinates": [37.4689969, 55.8101418]}, "properties": {"kind": "stop", "route": 28, "direction": 1, "seq": 8, "osm_id": 946177823, "name": "Диспансер"}}, {"type": "Feature", "geometry": {"type": "Point", "coordinates": [37.4743843, 55.8103108]}, "properties": {"kind": "stop", "route": 28, "direction": 1, "seq": 9, "osm_id": 6162356566, "name": "Покровское-Стрешнево"}}, {"type": "Feature", "geometry": {"type": "Point", "coordinates": [37.4769147, 55.8103898]}, "properties": {"kind": "stop", "route": 28, "direction": 1, "seq": 10, "osm_id": 943034221, "name": "Улица Академика Курчатова"}}, {"type": "Feature", "geometry": {"type": "Point", "coordinates": [37.4831449, 55.8106182]}, "properties": {"kind": "stop", "route": 28, "direction": 1, "seq": 11, "osm_id": 943034197, "name": "Пехотная улица"}}, {"type": "Feature", "geometry": {"type": "Point", "coordinates": [37.4942834, 55.8088711]}, "properties": {"kind": "stop", "route": 28, "direction": 1, "seq": 12, "osm_id": 2424317941, "name": "Улица Панфилова"}}, {"type": "Feature", "geometry": {"type": "Point", "coordinates": [37.4996145, 55.8077868]}, "properties": {"kind": "stop", "route": 28, "direction": 1, "seq": 13, "osm_id": 2424320142, "name": "Университет «РОСБИОТЕХ»"}}, {"type": "Feature", "geometry": {"type": "Point", "coordinates": [37.5048796, 55.8067939]}, "properties": {"kind": "stop", "route": 28, "direction": 1, "seq": 14, "osm_id": 2424327578, "name": "Гидропроект"}}, {"type": "Feature", "geometry": {"type": "Point", "coordinates": [37.5086983, 55.805802]}, "properties": {"kind": "stop", "route": 28, "direction": 1, "seq": 15, "osm_id": 2424418056, "name": "Метро «Сокол»"}}, {"type": "Feature", "geometry": {"type": "LineString", "coordinates": [[37.723873, 55.753049], [37.723748, 55.753025], [37.721992, 55.752673], [37.721736, 55.752626], [37.721512, 55.752586], [37.720598, 55.75241], [37.719419, 55.752183], [37.719056, 55.752112], [37.717724, 55.751833], [37.717573, 55.751798], [37.717386, 55.751766], [37.717337, 55.751758], [37.717241, 55.751742], [37.717164, 55.751731], [37.717108, 55.751725], [37.717069, 55.75172], [37.716828, 55.751695], [37.716721, 55.751681], [37.716625, 55.751667], [37.716493, 55.751644], [37.715733, 55.751503], [37.715589, 55.751472], [37.715476, 55.751444], [37.715357, 55.75141], [37.715043, 55.751317], [37.714933, 55.751287], [37.714831, 55.751261], [37.714696, 55.751232], [37.714013, 55.751103], [37.713665, 55.751036], [37.713497, 55.751034], [37.713472, 55.751041], [37.713416, 55.751053], [37.713321, 55.751098], [37.71326, 55.75114], [37.713195, 55.751185], [37.71313, 55.751319], [37.712877, 55.751728], [37.712828, 55.751808], [37.712462, 55.752411], [37.712235, 55.752809], [37.712178, 55.752908], [37.712148, 55.752955], [37.712117, 55.753006], [37.71209, 55.75303], [37.712076, 55.753042], [37.712064, 55.753053], [37.711973, 55.753097], [37.711896, 55.753128], [37.71179, 55.753165], [37.71161, 55.753217], [37.710677, 55.753538], [37.710448, 55.75362], [37.709413, 55.75399], [37.708717, 55.754228], [37.708186, 55.754411], [37.707999, 55.754474], [37.707757, 55.754556], [37.706893, 55.754857], [37.706587, 55.754958], [37.706188, 55.755089], [37.701705, 55.756572], [37.699418, 55.757314], [37.699275, 55.757361], [37.699085, 55.757425], [37.698755, 55.757533], [37.698579, 55.75759], [37.69574, 55.758533], [37.695683, 55.758552], [37.694289, 55.759022], [37.694003, 55.759118], [37.693836, 55.759176], [37.693255, 55.759374], [37.692983, 55.759467], [37.692807, 55.759527], [37.692414, 55.759668], [37.691388, 55.760034], [37.690159, 55.760477], [37.688475, 55.761075], [37.688022, 55.761236], [37.68784, 55.761303], [37.687183, 55.761547], [37.686939, 55.761635], [37.686832, 55.761673], [37.686637, 55.76174], [37.686278, 55.761871], [37.684498, 55.762509], [37.684189, 55.762615], [37.684048, 55.762657], [37.683899, 55.762689], [37.68374, 55.762715], [37.683623, 55.762732], [37.683571, 55.762739], [37.683405, 55.762758], [37.682302, 55.762849], [37.681885, 55.762884], [37.681082, 55.762953], [37.680433, 55.763007], [37.680378, 55.76302], [37.680331, 55.763035], [37.680285, 55.763055], [37.680239, 55.763083], [37.680195, 55.763119], [37.680174, 55.763151], [37.680166, 55.763179], [37.680163, 55.763213], [37.680167, 55.763262], [37.680296, 55.763752], [37.68032, 55.763933], [37.680316, 55.764036], [37.680306, 55.764116], [37.680274, 55.764358], [37.680264, 55.764438], [37.680152, 55.765234], [37.680115, 55.76545], [37.680098, 55.765548], [37.679971, 55.766361], [37.6799, 55.766695], [37.679864, 55.766857], [37.679839, 55.766972], [37.679804, 55.767155], [37.679664, 55.767898], [37.679623, 55.768105], [37.679537, 55.768547], [37.679522, 55.768624], [37.679498, 55.768735], [37.679442, 55.768999], [37.679232, 55.769872], [37.679218, 55.769929], [37.67914, 55.770247], [37.679056, 55.770588], [37.678984, 55.770883], [37.678923, 55.771097], [37.678875, 55.771264], [37.67876, 55.771766], [37.678661, 55.772195], [37.678628, 55.772336], [37.678464, 55.77304], [37.678445, 55.773122], [37.678426, 55.773185], [37.678413, 55.773227], [37.678117, 55.77424], [37.678074, 55.774394], [37.67799, 55.774703], [37.677941, 55.774868], [37.677864, 55.775174], [37.677847, 55.775234], [37.677812, 55.775356], [37.677787, 55.775417], [37.677751, 55.775463], [37.677699, 55.775503], [37.677625, 55.775545], [37.677515, 55.775605], [37.677196, 55.775783], [37.676987, 55.775885], [37.675715, 55.776508], [37.675404, 55.77666], [37.674805, 55.776953], [37.674465, 55.777119], [37.674161, 55.777267], [37.674094, 55.777294], [37.674087, 55.777297], [37.673985, 55.77732], [37.673894, 55.777318], [37.67381, 55.7773], [37.67374, 55.777268], [37.673727, 55.777261], [37.673496, 55.777135], [37.673422, 55.777094], [37.673399, 55.777082], [37.673139, 55.776955], [37.673044, 55.776912], [37.671537, 55.776243], [37.671271, 55.776127], [37.671182, 55.776087], [37.671111, 55.776077], [37.671071, 55.77607], [37.670945, 55.776071], [37.670859, 55.776087], [37.670822, 55.776094], [37.670785, 55.776104], [37.670731, 55.77613], [37.67067, 55.776176], [37.670382, 55.776394], [37.669975, 55.776702], [37.669693, 55.776926], [37.669605, 55.777011], [37.669446, 55.777164], [37.669361, 55.777251], [37.669278, 55.777329], [37.668892, 55.777646], [37.667901, 55.778405], [37.667757, 55.778497], [37.66752, 55.778643], [37.667225, 55.778826], [37.666832, 55.779076], [37.666504, 55.779289], [37.666473, 55.779305], [37.66644, 55.779319], [37.666401, 55.779333], [37.666367, 55.779344], [37.666305, 55.779359], [37.666247, 55.779371], [37.666202, 55.779378], [37.666134, 55.779385], [37.666092, 55.779387], [37.66605, 55.779386], [37.666008, 55.779384], [37.665996, 55.779382], [37.665926, 55.779373], [37.665886, 55.779365], [37.665848, 55.779354], [37.665812, 55.779342], [37.665777, 55.779329], [37.66576, 55.779321], [37.66462, 55.778863], [37.664026, 55.77863], [37.663762, 55.778526], [37.663159, 55.778267], [37.662937, 55.778163], [37.662618, 55.778014], [37.660545, 55.777063], [37.659136, 55.776411], [37.658813, 55.776271], [37.658615, 55.776186], [37.658547, 55.776157], [37.658234, 55.776047], [37.658205, 55.776037], [37.65815, 55.776018], [37.658028, 55.775977], [37.657161, 55.775692], [37.657006, 55.77564], [37.6569, 55.775606], [37.656795, 55.775573], [37.656676, 55.775545], [37.656308, 55.775462], [37.655945, 55.77539], [37.6555, 55.775303], [37.655137, 55.77523], [37.654532, 55.775108], [37.654411, 55.775084], [37.654036, 55.775005], [37.653674, 55.774916], [37.65354, 55.774883], [37.653365, 55.77484], [37.652774, 55.774686], [37.652603, 55.774641], [37.652491, 55.774614], [37.652431, 55.774613], [37.652371, 55.774619], [37.652336, 55.774625], [37.652308, 55.774632], [37.652274, 55.774644], [37.652222, 55.774666], [37.652031, 55.774746], [37.651611, 55.775], [37.651588, 55.775016], [37.650972, 55.775419], [37.650348, 55.775828], [37.650071, 55.775998], [37.650026, 55.776024], [37.649699, 55.776213], [37.64942, 55.776373], [37.649304, 55.776446], [37.649149, 55.776546], [37.649031, 55.776666], [37.648977, 55.776729], [37.648922, 55.776792], [37.648587, 55.777194], [37.648451, 55.77736], [37.648324, 55.777478], [37.647485, 55.778024], [37.646867, 55.778439], [37.646497, 55.77868], [37.646243, 55.778858], [37.645187, 55.779566], [37.645018, 55.779681], [37.644885, 55.779754], [37.644833, 55.779772], [37.64477, 55.779785], [37.644659, 55.779788], [37.644543, 55.779783], [37.644287, 55.779765], [37.64388, 55.779742], [37.643675, 55.779738], [37.642577, 55.779726], [37.641593, 55.779715], [37.641479, 55.779714], [37.641386, 55.779716], [37.641296, 55.779722], [37.641143, 55.779736], [37.641013, 55.779749], [37.639758, 55.779882], [37.639126, 55.779946], [37.638838, 55.779975], [37.637747, 55.780089], [37.637072, 55.780159], [37.635777, 55.780293], [37.6355, 55.780322], [37.634534, 55.780425], [37.634082, 55.780473], [37.633826, 55.780499], [37.63357, 55.780525], [37.63355, 55.780527], [37.633361, 55.780538], [37.633147, 55.780553], [37.632988, 55.780561], [37.632921, 55.780563], [37.632762, 55.78058], [37.632604, 55.780606], [37.632265, 55.780676], [37.631994, 55.780733], [37.631876, 55.780753], [37.631842, 55.780758], [37.631815, 55.780762], [37.63176, 55.780768], [37.631678, 55.780769], [37.631555, 55.780758], [37.63145, 55.780734], [37.631413, 55.780721], [37.631361, 55.780699], [37.631311, 55.780668], [37.631279, 55.780641], [37.631251, 55.780608], [37.631224, 55.780571], [37.631195, 55.780504], [37.631172, 55.780434], [37.631141, 55.780344], [37.6311, 55.780226], [37.63101, 55.779934], [37.630937, 55.779708], [37.630889, 55.779524], [37.630877, 55.779471], [37.630836, 55.779298], [37.6308, 55.779118], [37.630702, 55.778638], [37.630688, 55.778572], [37.630674, 55.778502], [37.630662, 55.778454], [37.630651, 55.778432], [37.630633, 55.778412], [37.630604, 55.77839], [37.630562, 55.778372], [37.6305, 55.778356], [37.630442, 55.778348], [37.630367, 55.778342], [37.630196, 55.778342], [37.629565, 55.778342], [37.629197, 55.778341], [37.629129, 55.778342], [37.629028, 55.778342], [37.628768, 55.778339], [37.628213, 55.778335], [37.628101, 55.778335], [37.627813, 55.778334], [37.627439, 55.778335], [37.627198, 55.778351], [37.626935, 55.778375], [37.626673, 55.778408], [37.626281, 55.778475], [37.62616, 55.7785], [37.625561, 55.778619], [37.624711, 55.778787], [37.624324, 55.778863], [37.624024, 55.778922], [37.623627, 55.779], [37.623197, 55.77909], [37.623016, 55.779127], [37.622802, 55.779173], [37.622663, 55.779214], [37.622635, 55.779224], [37.62248, 55.779271], [37.622416, 55.779291], [37.622326, 55.779319], [37.622149, 55.779375], [37.621888, 55.779458], [37.621777, 55.779493], [37.621659, 55.779536], [37.621573, 55.779567], [37.621432, 55.779622], [37.621372, 55.779646], [37.621232, 55.7797], [37.620837, 55.779854], [37.620753, 55.779887], [37.620703, 55.779903], [37.620682, 55.779907], [37.620652, 55.779914], [37.620596, 55.77992], [37.620543, 55.779922], [37.620486, 55.779919], [37.620428, 55.779911], [37.620379, 55.779902], [37.620331, 55.77989], [37.620301, 55.779879], [37.620286, 55.779873], [37.620252, 55.779857], [37.620212, 55.779835], [37.620174, 55.779809], [37.620094, 55.779753], [37.619713, 55.779486], [37.619234, 55.779149], [37.618585, 55.778694], [37.61852, 55.778648], [37.61849, 55.778631], [37.61845, 55.778611], [37.618413, 55.778595], [37.618373, 55.77858], [37.618335, 55.778569], [37.618289, 55.778558], [37.618242, 55.778548], [37.618192, 55.778542], [37.618066, 55.778528], [37.617985, 55.778519], [37.617786, 55.778497], [37.617649, 55.778483], [37.617608, 55.778478], [37.617563, 55.778476], [37.617522, 55.778473], [37.617478, 55.778473], [37.617434, 55.778475], [37.617392, 55.778479], [37.617348, 55.778484], [37.617303, 55.778492], [37.617003, 55.778544], [37.616843, 55.778572], [37.616583, 55.778617], [37.61631, 55.778665], [37.616219, 55.778681], [37.615476, 55.778818], [37.614668, 55.778966], [37.614265, 55.779039], [37.614194, 55.779052], [37.614037, 55.779081], [37.61363, 55.779199], [37.613546, 55.779229], [37.613419, 55.779275], [37.613376, 55.779296], [37.613304, 55.77933], [37.613223, 55.779373], [37.613141, 55.779419], [37.613096, 55.779444], [37.6128, 55.779607], [37.612754, 55.779632], [37.612555, 55.779719], [37.612533, 55.779726], [37.612354, 55.779784], [37.612255, 55.779805], [37.61206, 55.779845], [37.611882, 55.779882], [37.611435, 55.779974], [37.61073, 55.780114], [37.610395, 55.780181], [37.610371, 55.780186], [37.609803, 55.780305], [37.609681, 55.78033], [37.609412, 55.780394], [37.609336, 55.780426], [37.609242, 55.780476], [37.609091, 55.780558], [37.609014, 55.780608], [37.608975, 55.780636], [37.608908, 55.780711], [37.608896, 55.780737], [37.608896, 55.780756], [37.608896, 55.780777], [37.608925, 55.780819], [37.608956, 55.780846], [37.60898, 55.780868], [37.609058, 55.780942], [37.609136, 55.781015], [37.609167, 55.781046], [37.609225, 55.781102], [37.609615, 55.781483], [37.610037, 55.781892], [37.610555, 55.782382], [37.610848, 55.782657], [37.610939, 55.782742], [37.61103, 55.782827], [37.61105, 55.782851], [37.611058, 55.782872], [37.611063, 55.782893], [37.611064, 55.782916], [37.611063, 55.782931], [37.611053, 55.782964], [37.611018, 55.783], [37.610968, 55.783031], [37.610812, 55.78308], [37.610763, 55.783094], [37.610374, 55.78321], [37.610091, 55.783299], [37.609763, 55.783409], [37.609358, 55.78354], [37.608919, 55.78369], [37.608758, 55.783746], [37.608312, 55.783898], [37.608076, 55.78398], [37.607878, 55.784047], [37.607288, 55.78425], [37.607123, 55.784306], [37.607066, 55.784325], [37.606774, 55.784424], [37.606652, 55.784469], [37.606644, 55.784471], [37.60639, 55.784567], [37.60627, 55.784611], [37.606252, 55.784619], [37.606223, 55.784645], [37.606204, 55.784673], [37.606194, 55.784704], [37.606194, 55.784731], [37.606195, 55.784744], [37.606204, 55.784764], [37.606223, 55.784793], [37.606253, 55.784818], [37.606664, 55.785107], [37.606773, 55.785184], [37.606917, 55.785286], [37.607085, 55.785434], [37.607161, 55.785508], [37.607223, 55.785567], [37.60792, 55.786242], [37.608007, 55.786327], [37.608168, 55.786481], [37.608485, 55.786785], [37.608722, 55.787001], [37.60901, 55.787289], [37.609096, 55.787372], [37.609241, 55.787511], [37.609284, 55.787553], [37.609339, 55.787605], [37.609547, 55.787805], [37.609734, 55.787985], [37.609752, 55.788001], [37.609768, 55.788018], [37.609782, 55.788035], [37.609792, 55.788054], [37.609801, 55.788072], [37.609802, 55.788077], [37.609821, 55.788128], [37.60985, 55.788197], [37.60986, 55.788222], [37.609919, 55.788349], [37.609943, 55.788402], [37.609946, 55.788409], [37.609954, 55.78842], [37.609961, 55.788431], [37.609965, 55.788443], [37.609968, 55.788455], [37.609968, 55.788467], [37.609967, 55.788478], [37.609967, 55.788481], [37.609964, 55.78849], [37.609963, 55.788547], [37.60995, 55.788944], [37.609944, 55.789142], [37.609922, 55.789865], [37.60992, 55.78991], [37.609913, 55.789964], [37.609894, 55.789992], [37.609877, 55.790015], [37.609816, 55.790056], [37.609734, 55.790086], [37.609647, 55.790098], [37.609545, 55.790096], [37.609314, 55.790079], [37.608535, 55.790021], [37.608176, 55.789996], [37.607798, 55.789969], [37.607621, 55.789956], [37.607255, 55.78993], [37.606843, 55.789901], [37.606227, 55.789857], [37.60605, 55.789845], [37.604671, 55.789747], [37.604507, 55.789734], [37.60427, 55.789715], [37.604095, 55.789701], [37.603943, 55.789692], [37.603118, 55.789629], [37.60295, 55.789617], [37.601728, 55.789527], [37.601103, 55.789482], [37.600598, 55.789445], [37.600476, 55.789437], [37.600397, 55.789416], [37.600384, 55.789413], [37.600364, 55.789408], [37.600274, 55.789361], [37.600214, 55.789301], [37.600203, 55.789269], [37.60019, 55.789233], [37.600201, 55.789176], [37.600203, 55.789164], [37.600216, 55.789122], [37.600352, 55.788668], [37.600372, 55.7886], [37.600545, 55.788023], [37.600585, 55.787899], [37.600617, 55.7878], [37.600646, 55.787726], [37.600808, 55.787311], [37.600824, 55.787276], [37.601055, 55.78675], [37.601073, 55.786708], [37.601132, 55.786569], [37.601612, 55.785387], [37.60163, 55.785338], [37.601644, 55.785287], [37.60165, 55.785258], [37.601651, 55.785239], [37.601651, 55.785213], [37.601651, 55.785187], [37.601646, 55.785162], [37.601636, 55.785135], [37.601614, 55.785099], [37.601586, 55.785063], [37.601464, 55.78497], [37.601388, 55.784911], [37.601346, 55.784877], [37.601292, 55.784837], [37.601241, 55.784797], [37.601191, 55.784742], [37.601161, 55.784678], [37.601159, 55.784644], [37.601164, 55.78458], [37.60122, 55.784333], [37.601228, 55.784297], [37.601336, 55.783831], [37.601359, 55.783736], [37.601479, 55.783233], [37.601497, 55.783159], [37.601544, 55.782887], [37.601566, 55.782726], [37.60158, 55.782624], [37.601634, 55.782194], [37.601642, 55.782131], [37.601662, 55.781979], [37.601671, 55.781895], [37.601694, 55.781687], [37.601706, 55.781581], [37.60175, 55.78122], [37.601765, 55.781151], [37.601855, 55.78071], [37.602062, 55.78012], [37.602188, 55.779837], [37.602212, 55.779785], [37.602248, 55.779731], [37.602312, 55.779675], [37.602381, 55.77963], [37.602456, 55.779596], [37.602465, 55.779592], [37.602543, 55.779564], [37.602562, 55.779558], [37.602616, 55.779534], [37.602689, 55.779497], [37.602746, 55.779471], [37.602812, 55.779437], [37.602853, 55.779415], [37.602888, 55.779393], [37.602936, 55.779364], [37.603372, 55.779091], [37.603467, 55.779031], [37.603598, 55.778949], [37.603712, 55.778878], [37.603806, 55.778821], [37.603862, 55.778793], [37.603892, 55.778783], [37.603911, 55.778781], [37.603927, 55.77878], [37.603933, 55.77878], [37.603969, 55.778783], [37.604006, 55.778789], [37.604103, 55.778809], [37.604497, 55.778886]]}, "properties": {"kind": "track", "route": 50, "direction": 0, "osm_id": 1538169, "from": "Дом культуры «Компрессор»", "to": "Метро «Новослободская»"}}, {"type": "Feature", "geometry": {"type": "Point", "coordinates": [37.7238732, 55.7530488]}, "properties": {"kind": "stop", "route": 50, "direction": 0, "seq": 1, "osm_id": 800886899, "name": "Дом культуры «Компрессор»"}}, {"type": "Feature", "geometry": {"type": "Point", "coordinates": [37.7205977, 55.7524097]}, "properties": {"kind": "stop", "route": 50, "direction": 0, "seq": 2, "osm_id": 7618078829, "name": "Метро «Авиамоторная»"}}, {"type": "Feature", "geometry": {"type": "Point", "coordinates": [37.7157334, 55.7515035]}, "properties": {"kind": "stop", "route": 50, "direction": 0, "seq": 3, "osm_id": 800886916, "name": "Метро «Авиамоторная»"}}, {"type": "Feature", "geometry": {"type": "Point", "coordinates": [37.7087173, 55.7542282]}, "properties": {"kind": "stop", "route": 50, "direction": 0, "seq": 4, "osm_id": 1507754589, "name": "МЭИ"}}, {"type": "Feature", "geometry": {"type": "Point", "coordinates": [37.6987546, 55.7575325]}, "properties": {"kind": "stop", "route": 50, "direction": 0, "seq": 5, "osm_id": 1507754571, "name": "Улица Лефортовский Вал"}}, {"type": "Feature", "geometry": {"type": "Point", "coordinates": [37.6932552, 55.7593737]}, "properties": {"kind": "stop", "route": 50, "direction": 0, "seq": 6, "osm_id": 1507754852, "name": "1-й Краснокурсантский проезд"}}, {"type": "Feature", "geometry": {"type": "Point", "coordinates": [37.6880219, 55.7612358]}, "properties": {"kind": "stop", "route": 50, "direction": 0, "seq": 7, "osm_id": 1507754587, "name": "Лефортовский мост"}}, {"type": "Feature", "geometry": {"type": "Point", "coordinates": [37.682302, 55.7628491]}, "properties": {"kind": "stop", "route": 50, "direction": 0, "seq": 8, "osm_id": 2360761231, "name": "Лефортовская набережная"}}, {"type": "Feature", "geometry": {"type": "Point", "coordinates": [37.6801524, 55.7652335]}, "properties": {"kind": "stop", "route": 50, "direction": 0, "seq": 9, "osm_id": 2360708033, "name": "МГТУ имени Баумана"}}, {"type": "Feature", "geometry": {"type": "Point", "coordinates": [37.6798643, 55.7668566]}, "properties": {"kind": "stop", "route": 50, "direction": 0, "seq": 10, "osm_id": 13725188935, "name": "Денисовский переулок"}}, {"type": "Feature", "geometry": {"type": "Point", "coordinates": [37.6796233, 55.768105]}, "properties": {"kind": "stop", "route": 50, "direction": 0, "seq": 11, "osm_id": 2360708026, "name": "Аптекарский переулок"}}, {"type": "Feature", "geometry": {"type": "Point", "coordinates": [37.6786612, 55.772195]}, "properties": {"kind": "stop", "route": 50, "direction": 0, "seq": 12, "osm_id": 2360708034, "name": "Метро «Бауманская»"}}, {"type": "Feature", "geometry": {"type": "Point", "coordinates": [37.6778637, 55.7751735]}, "properties": {"kind": "stop", "route": 50, "direction": 0, "seq": 13, "osm_id": 2358271807, "name": "Басманный двор"}}, {"type": "Feature", "geometry": {"type": "Point", "coordinates": [37.6734216, 55.777094]}, "properties": {"kind": "stop", "route": 50, "direction": 0, "seq": 14, "osm_id": 2358271811, "name": "Поликлиника"}}, {"type": "Feature", "geometry": {"type": "Point", "coordinates": [37.6703821, 55.7763944]}, "properties": {"kind": "stop", "route": 50, "direction": 0, "seq": 15, "osm_id": 2358271809, "name": "Ольховская улица"}}, {"type": "Feature", "geometry": {"type": "Point", "coordinates": [37.6668325, 55.7790764]}, "properties": {"kind": "stop", "route": 50, "direction": 0, "seq": 16, "osm_id": 2358271813, "name": "Метро «Красносельская»"}}, {"type": "Feature", "geometry": {"type": "Point", "coordinates": [37.6563076, 55.7754616]}, "properties": {"kind": "stop", "route": 50, "direction": 0, "seq": 17, "osm_id": 387747233, "name": "Метро «Комсомольская»"}}, {"type": "Feature", "geometry": {"type": "Point", "coordinates": [37.6527737, 55.7746859]}, "properties": {"kind": "stop", "route": 50, "direction": 0, "seq": 18, "osm_id": 13134322142, "name": "МЦД Площадь трёх вокзалов"}}, {"type": "Feature", "geometry": {"type": "Point", "coordinates": [37.6496992, 55.7762135]}, "properties": {"kind": "stop", "route": 50, "direction": 0, "seq": 19, "osm_id": 2214943613, "name": "Каланчёвская улица"}}, {"type": "Feature", "geometry": {"type": "Point", "coordinates": [37.6451873, 55.7795661]}, "properties": {"kind": "stop", "route": 50, "direction": 0, "seq": 20, "osm_id": 697485006, "name": "Пантелеевская улица"}}, {"type": "Feature", "geometry": {"type": "Point", "coordinates": [37.6414789, 55.7797137]}, "properties": {"kind": "stop", "route": 50, "direction": 0, "seq": 21, "osm_id": 473120403, "name": "Астраханский переулок"}}, {"type": "Feature", "geometry": {"type": "Point", "coordinates": [37.6391258, 55.7799462]}, "properties": {"kind": "stop", "route": 50, "direction": 0, "seq": 22, "osm_id": 697485002, "name": "Ботанический переулок"}}, {"type": "Feature", "geometry": {"type": "Point", "coordinates": [37.6345339, 55.7804252]}, "properties": {"kind": "stop", "route": 50, "direction": 0, "seq": 23, "osm_id": 697485003, "name": "Метро «Проспект Мира»"}}, {"type": "Feature", "geometry": {"type": "Point", "coordinates": [37.6322647, 55.7806765]}, "properties": {"kind": "stop", "route": 50, "direction": 0, "seq": 24, "osm_id": 4656724436, "name": "Метро «Проспект Мира»"}}, {"type": "Feature", "geometry": {"type": "Point", "coordinates": [37.6295646, 55.7783415]}, "properties": {"kind": "stop", "route": 50, "direction": 0, "seq": 25, "osm_id": 1257401483, "name": "Улица Щепкина"}}, {"type": "Feature", "geometry": {"type": "Point", "coordinates": [37.6231966, 55.7790904]}, "properties": {"kind": "stop", "route": 50, "direction": 0, "seq": 26, "osm_id": 3016214907, "name": "Театр зверей имени Дурова"}}, {"type": "Feature", "geometry": {"type": "Point", "coordinates": [37.6168427, 55.7785719]}, "properties": {"kind": "stop", "route": 50, "direction": 0, "seq": 27, "osm_id": 3598834231, "name": "Самотёчная улица"}}, {"type": "Feature", "geometry": {"type": "Point", "coordinates": [37.6131408, 55.7794186]}, "properties": {"kind": "stop", "route": 50, "direction": 0, "seq": 28, "osm_id": 1257401477, "name": "4-й Самотёчный переулок"}}, {"type": "Feature", "geometry": {"type": "Point", "coordinates": [37.6090907, 55.7805585]}, "properties": {"kind": "stop", "route": 50, "direction": 0, "seq": 29, "osm_id": 3016716232, "name": "Селезнёвская улица"}}, {"type": "Feature", "geometry": {"type": "Point", "coordinates": [37.6108477, 55.7826567]}, "properties": {"kind": "stop", "route": 50, "direction": 0, "seq": 30, "osm_id": 1257401460, "name": "Улица Достоевского"}}, {"type": "Feature", "geometry": {"type": "Point", "coordinates": [37.6067729, 55.7851841]}, "properties": {"kind": "stop", "route": 50, "direction": 0, "seq": 31, "osm_id": 12464911097, "name": "Площадь Борьбы"}}, {"type": "Feature", "geometry": {"type": "Point", "coordinates": [37.6087215, 55.787001]}, "properties": {"kind": "stop", "route": 50, "direction": 0, "seq": 32, "osm_id": 2631470100, "name": "Главный корпус МИИТ"}}, {"type": "Feature", "geometry": {"type": "Point", "coordinates": [37.6099502, 55.7889435]}, "properties": {"kind": "stop", "route": 50, "direction": 0, "seq": 33, "osm_id": 13388798130, "name": "МИИТ"}}, {"type": "Feature", "geometry": {"type": "Point", "coordinates": [37.6093138, 55.790079]}, "properties": {"kind": "stop", "route": 50, "direction": 0, "seq": 34, "osm_id": 2631470114, "name": "Улица Образцова"}}, {"type": "Feature", "geometry": {"type": "Point", "coordinates": [37.6045073, 55.7897343]}, "properties": {"kind": "stop", "route": 50, "direction": 0, "seq": 35, "osm_id": 2631470097, "name": "Дворец культуры МИИТ"}}, {"type": "Feature", "geometry": {"type": "Point", "coordinates": [37.6011028, 55.7894817]}, "properties": {"kind": "stop", "route": 50, "direction": 0, "seq": 36, "osm_id": 2631470108, "name": "Минаевский переулок"}}, {"type": "Feature", "geometry": {"type": "Point", "coordinates": [37.6005454, 55.7880228]}, "properties": {"kind": "stop", "route": 50, "direction": 0, "seq": 37, "osm_id": 2631470112, "name": "Тихвинский переулок"}}, {"type": "Feature", "geometry": {"type": "Point", "coordinates": [37.6012202, 55.7843331]}, "properties": {"kind": "stop", "route": 50, "direction": 0, "seq": 38, "osm_id": 3007026870, "name": "Улица Палиха"}}, {"type": "Feature", "geometry": {"type": "Point", "coordinates": [37.6016624, 55.7819789]}, "properties": {"kind": "stop", "route": 50, "direction": 0, "seq": 39, "osm_id": 4291992589, "name": "Метро «Менделеевская»"}}, {"type": "Feature", "geometry": {"type": "Point", "coordinates": [37.6022115, 55.7797846]}, "properties": {"kind": "stop", "route": 50, "direction": 0, "seq": 40, "osm_id": 3016749921, "name": "Метро «Новослободская»"}}, {"type": "Feature", "geometry": {"type": "Point", "coordinates": [37.6044974, 55.7788865]}, "properties": {"kind": "stop", "route": 50, "direction": 0, "seq": 41, "osm_id": 3016750433, "name": "Метро «Новослободская»"}}, {"type": "Feature", "geometry": {"type": "LineString", "coordinates": [[37.604497, 55.778886], [37.604886, 55.778967], [37.60499, 55.778993], [37.605041, 55.779007], [37.605099, 55.779024], [37.605294, 55.779085], [37.605383, 55.779116], [37.605435, 55.779137], [37.605481, 55.779168], [37.605499, 55.779187], [37.605516, 55.779208], [37.605531, 55.779235], [37.605533, 55.77924], [37.605535, 55.779245], [37.605536, 55.779251], [37.605536, 55.779257], [37.605509, 55.779338], [37.605498, 55.77936], [37.605415, 55.779533], [37.605159, 55.780068], [37.605088, 55.780183], [37.605063, 55.780205], [37.605034, 55.780222], [37.604961, 55.780248], [37.604872, 55.780257], [37.604847, 55.780256], [37.604793, 55.780251], [37.604703, 55.780234], [37.604575, 55.780193], [37.603976, 55.780004], [37.603893, 55.779978], [37.602941, 55.779679], [37.602789, 55.779629], [37.602717, 55.779618], [37.602686, 55.779613], [37.602616, 55.779611], [37.602543, 55.779618], [37.60253, 55.779623], [37.602483, 55.779643], [37.602383, 55.779699], [37.602325, 55.77973], [37.602293, 55.779763], [37.602263, 55.779805], [37.602245, 55.779844], [37.602181, 55.779978], [37.602122, 55.780121], [37.602081, 55.780247], [37.601922, 55.780729], [37.601835, 55.781159], [37.601804, 55.781312], [37.601782, 55.781477], [37.601758, 55.781687], [37.601703, 55.782168], [37.601691, 55.782253], [37.601632, 55.782727], [37.601622, 55.78281], [37.601611, 55.782902], [37.601564, 55.783153], [37.601542, 55.78324], [37.601497, 55.783459], [37.601414, 55.78374], [37.601401, 55.783791], [37.601349, 55.78402], [37.6013, 55.784223], [37.601216, 55.784591], [37.601214, 55.784638], [37.601219, 55.784678], [37.601245, 55.78473], [37.60129, 55.784781], [37.601335, 55.784816], [37.601505, 55.784948], [37.60163, 55.785044], [37.601666, 55.785089], [37.601687, 55.785128], [37.601688, 55.785131], [37.601698, 55.785157], [37.601703, 55.785184], [37.601703, 55.785213], [37.601702, 55.785261], [37.601697, 55.78529], [37.601681, 55.78534], [37.601664, 55.785393], [37.601577, 55.785629], [37.601567, 55.785655], [37.601551, 55.785699], [37.601374, 55.786116], [37.601179, 55.786575], [37.601121, 55.786713], [37.601054, 55.786863], [37.600855, 55.787317], [37.600705, 55.787699], [37.600693, 55.787731], [37.600674, 55.787783], [37.600632, 55.787903], [37.600592, 55.788028], [37.600537, 55.788212], [37.60042, 55.788605], [37.600399, 55.788672], [37.600263, 55.789127], [37.600252, 55.789166], [37.60025, 55.789182], [37.600245, 55.789226], [37.60027, 55.789286], [37.600324, 55.789338], [37.600399, 55.789379], [37.600499, 55.789408], [37.600606, 55.789418], [37.600823, 55.789434], [37.601109, 55.789455], [37.60199, 55.789519], [37.602523, 55.789558], [37.602572, 55.789562], [37.603079, 55.789599], [37.603948, 55.789665], [37.604092, 55.789674], [37.604268, 55.789688], [37.604677, 55.789721], [37.604811, 55.78973], [37.605035, 55.789746], [37.605678, 55.789792], [37.605832, 55.7898], [37.606056, 55.789819], [37.608808, 55.790016], [37.609087, 55.790036], [37.60939, 55.790058], [37.609565, 55.79007], [37.609651, 55.790062], [37.609738, 55.790038], [37.609805, 55.790003], [37.609851, 55.789958], [37.609872, 55.789908], [37.609873, 55.78987], [37.609891, 55.78934], [37.609901, 55.789], [37.609907, 55.788827], [37.609915, 55.788596], [37.609918, 55.788498], [37.609918, 55.788493], [37.609919, 55.78848], [37.609921, 55.788469], [37.609921, 55.788458], [37.609919, 55.788447], [37.609915, 55.788437], [37.60991, 55.788426], [37.609903, 55.788416], [37.6099, 55.788408], [37.60982, 55.788233], [37.609775, 55.788134], [37.609749, 55.788072], [37.609738, 55.788051], [37.609726, 55.788033], [37.609716, 55.788021], [37.609706, 55.78801], [37.609687, 55.78799], [37.609252, 55.787575], [37.6092, 55.787525], [37.609054, 55.787385], [37.608968, 55.787302], [37.60877, 55.787112], [37.608719, 55.787064], [37.608444, 55.786799], [37.607966, 55.78634], [37.607879, 55.786255], [37.607688, 55.786069], [37.607355, 55.785748], [37.607183, 55.785582], [37.607045, 55.785449], [37.606877, 55.785304], [37.606621, 55.785128], [37.606203, 55.78484], [37.606178, 55.784821], [37.606154, 55.784802], [37.606139, 55.784779], [37.606133, 55.784771], [37.606123, 55.784742], [37.606119, 55.784715], [37.60612, 55.784699], [37.60612, 55.784688], [37.606129, 55.784661], [37.606141, 55.78464], [37.606159, 55.784617], [37.60618, 55.784596], [37.606242, 55.784572], [37.60635, 55.784535], [37.606785, 55.784381], [37.60691, 55.784338], [37.607033, 55.784295], [37.60709, 55.784275], [37.607255, 55.784217], [37.607845, 55.784014], [37.608043, 55.783947], [37.608278, 55.783865], [37.608722, 55.783711], [37.608882, 55.783655], [37.609314, 55.783505], [37.609727, 55.783373], [37.610062, 55.783271], [37.610444, 55.783144], [37.610732, 55.783048], [37.610768, 55.783036], [37.610878, 55.782999], [37.61093, 55.782975], [37.610964, 55.782948], [37.610976, 55.782936], [37.610987, 55.78291], [37.610992, 55.782874], [37.61096, 55.78283], [37.610911, 55.782784], [37.61088, 55.782755], [37.610498, 55.782401], [37.609977, 55.781913], [37.609915, 55.78185], [37.609547, 55.781503], [37.609191, 55.781166], [37.60915, 55.78113], [37.60908, 55.781069], [37.609037, 55.781031], [37.608959, 55.780963], [37.60881, 55.780831], [37.608808, 55.78083], [37.608794, 55.780808], [37.608786, 55.780773], [37.608789, 55.780745], [37.608792, 55.780714], [37.608825, 55.780672], [37.608859, 55.780634], [37.608902, 55.780585], [37.609007, 55.780513], [37.609268, 55.780376], [37.609308, 55.78036], [37.609355, 55.780343], [37.609646, 55.780268], [37.609766, 55.780243], [37.610146, 55.780161], [37.610357, 55.780119], [37.611051, 55.779978], [37.611714, 55.779853], [37.6119, 55.779818], [37.612038, 55.779793], [37.612227, 55.779758], [37.612297, 55.779746], [37.612324, 55.779738], [37.61236, 55.779728], [37.612424, 55.779707], [37.612673, 55.779609], [37.612735, 55.779572], [37.612856, 55.779501], [37.613155, 55.779343], [37.613248, 55.779293], [37.613319, 55.779261], [37.613443, 55.779205], [37.61345, 55.779202], [37.613598, 55.779157], [37.613634, 55.779146], [37.614024, 55.779057], [37.61418, 55.779029], [37.615037, 55.778872], [37.616205, 55.778658], [37.616284, 55.778643], [37.616295, 55.778641], [37.616987, 55.778521], [37.617291, 55.778468], [37.617333, 55.778461], [37.617382, 55.778455], [37.617428, 55.778451], [37.617476, 55.778448], [37.617485, 55.778448], [37.617523, 55.778449], [37.617568, 55.778451], [37.617615, 55.778454], [37.617657, 55.778458], [37.617795, 55.778473], [37.617994, 55.778495], [37.618078, 55.778504], [37.618201, 55.778517], [37.618255, 55.778525], [37.618305, 55.778535], [37.618355, 55.778548], [37.618394, 55.778559], [37.618438, 55.778575], [37.618478, 55.778592], [37.618521, 55.778614], [37.618551, 55.778631], [37.618619, 55.778679], [37.619267, 55.779133], [37.619743, 55.779468], [37.620127, 55.779737], [37.620206, 55.779793], [37.620244, 55.779818], [37.620281, 55.779838], [37.620313, 55.779854], [37.620352, 55.779868], [37.62036, 55.77987], [37.620394, 55.779879], [37.62044, 55.779888], [37.620493, 55.779895], [37.620543, 55.779898], [37.62059, 55.779896], [37.620638, 55.77989], [37.620655, 55.779887], [37.620685, 55.77988], [37.62073, 55.779867], [37.620813, 55.779834], [37.621206, 55.77968], [37.621343, 55.779627], [37.621411, 55.7796], [37.621548, 55.779547], [37.621638, 55.779515], [37.621755, 55.779473], [37.621866, 55.779437], [37.622127, 55.779353], [37.622307, 55.779297], [37.622384, 55.779273], [37.62246, 55.779249], [37.622612, 55.779198], [37.622674, 55.779178], [37.622777, 55.779144], [37.623293, 55.77904], [37.62361, 55.778973], [37.623723, 55.778951], [37.624007, 55.778897], [37.624309, 55.778838], [37.624697, 55.778763], [37.625548, 55.778597], [37.625978, 55.778513], [37.626148, 55.77848], [37.626656, 55.778382], [37.626924, 55.778349], [37.627192, 55.778325], [37.627438, 55.778308], [37.627811, 55.778302], [37.628097, 55.778304], [37.628228, 55.778306], [37.628768, 55.77831], [37.629038, 55.778312], [37.629139, 55.778315], [37.629198, 55.778313], [37.629579, 55.778313], [37.62981, 55.778313], [37.630198, 55.778314], [37.630372, 55.778315], [37.630453, 55.778319], [37.630498, 55.778321], [37.63055, 55.778328], [37.630607, 55.778344], [37.630684, 55.778381], [37.630715, 55.778415], [37.63073, 55.778453], [37.630742, 55.778504], [37.630755, 55.778573], [37.630778, 55.778706], [37.630905, 55.779295], [37.630955, 55.779524], [37.631008, 55.779709], [37.631028, 55.779778], [37.631071, 55.779928], [37.63115, 55.780178], [37.631211, 55.780374], [37.63123, 55.780432], [37.63129, 55.780567], [37.631305, 55.780595], [37.631324, 55.780622], [37.631357, 55.780652], [37.631393, 55.780672], [37.631426, 55.780688], [37.631479, 55.78071], [37.631564, 55.780727], [37.631669, 55.780739], [37.631757, 55.780736], [37.631818, 55.780728], [37.631855, 55.78072], [37.631968, 55.780694], [37.632375, 55.780614], [37.63258, 55.780573], [37.632663, 55.780556], [37.632764, 55.780541], [37.632906, 55.780524], [37.632979, 55.780521], [37.633134, 55.780513], [37.633349, 55.780504], [37.633562, 55.780494], [37.633809, 55.780467], [37.634028, 55.780444], [37.634384, 55.780406], [37.634589, 55.780384], [37.635491, 55.78029], [37.636094, 55.780226], [37.636662, 55.780166], [37.637306, 55.780097], [37.637735, 55.780053], [37.637883, 55.780038], [37.638649, 55.779958], [37.639392, 55.779881], [37.63998, 55.77982], [37.640142, 55.779803], [37.64101, 55.779716], [37.64113, 55.779704], [37.641281, 55.77969], [37.641378, 55.779683], [37.641477, 55.779681], [37.641594, 55.779682], [37.642043, 55.779685], [37.642573, 55.779688], [37.642768, 55.779689], [37.643203, 55.779692], [37.643674, 55.779697], [37.643852, 55.7797], [37.643881, 55.779703], [37.644297, 55.779726], [37.644647, 55.779756], [37.644718, 55.779755], [37.644787, 55.779745], [37.644853, 55.779725], [37.644975, 55.779655], [37.645109, 55.779566], [37.645425, 55.779353], [37.646203, 55.778839], [37.646819, 55.778416], [37.647456, 55.778005], [37.648282, 55.777464], [37.648399, 55.777344], [37.648534, 55.777185], [37.648877, 55.776783], [37.648938, 55.776709], [37.648984, 55.776653], [37.649116, 55.77653], [37.649268, 55.776428], [37.649467, 55.776316], [37.649943, 55.776035], [37.64999, 55.776005], [37.650312, 55.775798], [37.650931, 55.775398], [37.65155, 55.774998], [37.651572, 55.774984], [37.65169, 55.774915], [37.651949, 55.774752], [37.652022, 55.774708], [37.652082, 55.774664], [37.65215, 55.774626], [37.652245, 55.774581], [37.65237, 55.77454], [37.65243, 55.774521], [37.652463, 55.774512], [37.652505, 55.774506], [37.65256, 55.774503], [37.652599, 55.774502], [37.65264, 55.774502], [37.652679, 55.774507], [37.652706, 55.774513], [37.652764, 55.774526], [37.653156, 55.774632], [37.653471, 55.774717], [37.653541, 55.774738], [37.653574, 55.774747], [37.653597, 55.774755], [37.653635, 55.774767], [37.653674, 55.774783], [37.653753, 55.774816], [37.65415, 55.774972], [37.654246, 55.775007], [37.654327, 55.775033], [37.654429, 55.775059], [37.654532, 55.77508], [37.655516, 55.775277], [37.655963, 55.775365], [37.656326, 55.775437], [37.656694, 55.775519], [37.656815, 55.775549], [37.656926, 55.775583], [37.657029, 55.775617], [37.657182, 55.775668], [37.658048, 55.775953], [37.658174, 55.775994], [37.658224, 55.776012], [37.658265, 55.776027], [37.658575, 55.776135], [37.658635, 55.776161], [37.658842, 55.776249], [37.659166, 55.77639], [37.660574, 55.777042], [37.662651, 55.77799], [37.662973, 55.778139], [37.663188, 55.77824], [37.663799, 55.7785], [37.664054, 55.778602], [37.66466, 55.778844], [37.665607, 55.779227], [37.665788, 55.779299], [37.665806, 55.779307], [37.665846, 55.779319], [37.665888, 55.779329], [37.665931, 55.779337], [37.665975, 55.779342], [37.66602, 55.779346], [37.666065, 55.779347], [37.666133, 55.779346], [37.666175, 55.779342], [37.666218, 55.779336], [37.666266, 55.779328], [37.666327, 55.779313], [37.666356, 55.779307], [37.666397, 55.779296], [37.666435, 55.779283], [37.666472, 55.779268], [37.666907, 55.778986], [37.667245, 55.778766], [37.66748, 55.77862], [37.667714, 55.778475], [37.667851, 55.778385], [37.668841, 55.777625], [37.669239, 55.777313], [37.669323, 55.777236], [37.669405, 55.77715], [37.669654, 55.776912], [37.669935, 55.776686], [37.670632, 55.77616], [37.670692, 55.776114], [37.670752, 55.77608], [37.670803, 55.776061], [37.670873, 55.77604], [37.670982, 55.776029], [37.67105, 55.776032], [37.671109, 55.776039], [37.671143, 55.776047], [37.671197, 55.77606], [37.671292, 55.776102], [37.671566, 55.776222], [37.672899, 55.776812], [37.673074, 55.776891], [37.67317, 55.776934], [37.673431, 55.777062], [37.67354, 55.777121], [37.67376, 55.777241], [37.67384, 55.777271], [37.673933, 55.777284], [37.674056, 55.777277], [37.674064, 55.777274], [37.674132, 55.777246], [37.674431, 55.7771], [37.674774, 55.776933], [37.675372, 55.776639], [37.675496, 55.776578], [37.675683, 55.776487], [37.677164, 55.775762], [37.677483, 55.775585], [37.677592, 55.775525], [37.677662, 55.775486], [37.677709, 55.77545], [37.677741, 55.775409], [37.677765, 55.77535], [37.677796, 55.775227], [37.677854, 55.774995], [37.677885, 55.774891], [37.677894, 55.774862], [37.677973, 55.774536], [37.677995, 55.774463], [37.678017, 55.774389], [37.678066, 55.774206], [37.678146, 55.773943], [37.678262, 55.773578], [37.678364, 55.773216], [37.678376, 55.773173], [37.678395, 55.773109], [37.678416, 55.773028], [37.678456, 55.77287], [37.678527, 55.772562], [37.678581, 55.772332], [37.678662, 55.771987], [37.678709, 55.771786], [37.678818, 55.771289], [37.678845, 55.771179], [37.678867, 55.771095], [37.678877, 55.771057], [37.679108, 55.770161], [37.679184, 55.769869], [37.6792, 55.769805], [37.679203, 55.769795], [37.679293, 55.769419], [37.679359, 55.769139], [37.679392, 55.76899], [37.679448, 55.768732], [37.679472, 55.768621], [37.679489, 55.768545], [37.679616, 55.767895], [37.679757, 55.767152], [37.679791, 55.766971], [37.679866, 55.766607], [37.679904, 55.766408], [37.679908, 55.76638], [37.679978, 55.765956], [37.680023, 55.7657], [37.68005, 55.765545], [37.680068, 55.765448], [37.680215, 55.764443], [37.680226, 55.764357], [37.680257, 55.764114], [37.680267, 55.764033], [37.680271, 55.763927], [37.680248, 55.763753], [37.680114, 55.763269], [37.680103, 55.763197], [37.680102, 55.763172], [37.68011, 55.763146], [37.68011, 55.763145], [37.68013, 55.763105], [37.68015, 55.76308], [37.680178, 55.763054], [37.680219, 55.76303], [37.680279, 55.763006], [37.680369, 55.762982], [37.680407, 55.762973], [37.681067, 55.762918], [37.681541, 55.762878], [37.681875, 55.76285], [37.683355, 55.762723], [37.683546, 55.762704], [37.683744, 55.76268], [37.683806, 55.762669], [37.683892, 55.762654], [37.684001, 55.762634], [37.684112, 55.762606], [37.68447, 55.762485], [37.68625, 55.761847], [37.686613, 55.761717], [37.68671, 55.761685], [37.686821, 55.761647], [37.68704, 55.761574], [37.687157, 55.761535], [37.687815, 55.761281], [37.688202, 55.76114], [37.688449, 55.761052], [37.690132, 55.760452], [37.691359, 55.760009], [37.69278, 55.759499], [37.692953, 55.759441], [37.693808, 55.759149], [37.693975, 55.759093], [37.694259, 55.758997], [37.694839, 55.758801], [37.694923, 55.758773], [37.695655, 55.758528], [37.695714, 55.758508], [37.699059, 55.757399], [37.699247, 55.757336], [37.699389, 55.757288], [37.699614, 55.757213], [37.699958, 55.757097], [37.700035, 55.757073], [37.70167, 55.756537], [37.706164, 55.755066], [37.706566, 55.754932], [37.706873, 55.754829], [37.707971, 55.754451], [37.708165, 55.754393], [37.709384, 55.753965], [37.71042, 55.753593], [37.710646, 55.753512], [37.711587, 55.753196], [37.711767, 55.753146], [37.711911, 55.753084], [37.712001, 55.75304], [37.712049, 55.75299], [37.712089, 55.752945], [37.712121, 55.752899], [37.712182, 55.752799], [37.712403, 55.7524], [37.712777, 55.751797], [37.713002, 55.751429], [37.713076, 55.751308], [37.713146, 55.751179], [37.713206, 55.751129], [37.713218, 55.751119], [37.713279, 55.751083], [37.713345, 55.75105], [37.71343, 55.751022], [37.713512, 55.751008], [37.713541, 55.75101], [37.713637, 55.751011], [37.714025, 55.751083], [37.714711, 55.751209], [37.714848, 55.751238], [37.714955, 55.751263], [37.715066, 55.751296], [37.715366, 55.751385], [37.715497, 55.751422], [37.715607, 55.751449], [37.715749, 55.75148], [37.716145, 55.751555], [37.716506, 55.751621], [37.716637, 55.751643], [37.71673, 55.751658], [37.716836, 55.75167], [37.717077, 55.751696], [37.717122, 55.751701], [37.717172, 55.751707], [37.717252, 55.751718], [37.71735, 55.751734], [37.717576, 55.751774], [37.717734, 55.75181], [37.719074, 55.752083], [37.719449, 55.752156], [37.720326, 55.752327], [37.721527, 55.752562], [37.72176, 55.752606], [37.721998, 55.752651], [37.723767, 55.752988]]}, "properties": {"kind": "track", "route": 50, "direction": 1, "osm_id": 1538170, "from": "Метро «Новослободская»", "to": "Дом культуры «Компрессор»"}}, {"type": "Feature", "geometry": {"type": "Point", "coordinates": [37.6044974, 55.7788865]}, "properties": {"kind": "stop", "route": 50, "direction": 1, "seq": 1, "osm_id": 3016750433, "name": "Метро «Новослободская»"}}, {"type": "Feature", "geometry": {"type": "Point", "coordinates": [37.6021809, 55.7799775]}, "properties": {"kind": "stop", "route": 50, "direction": 1, "seq": 2, "osm_id": 3016750453, "name": "Метро «Новослободская»"}}, {"type": "Feature", "geometry": {"type": "Point", "coordinates": [37.6016908, 55.7822532]}, "properties": {"kind": "stop", "route": 50, "direction": 1, "seq": 3, "osm_id": 679350543, "name": "Метро «Менделеевская»"}}, {"type": "Feature", "geometry": {"type": "Point", "coordinates": [37.6015668, 55.7856552]}, "properties": {"kind": "stop", "route": 50, "direction": 1, "seq": 4, "osm_id": 2631470110, "name": "Улица Палиха"}}, {"type": "Feature", "geometry": {"type": "Point", "coordinates": [37.6007055, 55.7876989]}, "properties": {"kind": "stop", "route": 50, "direction": 1, "seq": 5, "osm_id": 2631470111, "name": "Тихвинский переулок"}}, {"type": "Feature", "geometry": {"type": "Point", "coordinates": [37.6025232, 55.7895582]}, "properties": {"kind": "stop", "route": 50, "direction": 1, "seq": 6, "osm_id": 4291992590, "name": "Минаевский переулок"}}, {"type": "Feature", "geometry": {"type": "Point", "coordinates": [37.6050345, 55.7897464]}, "properties": {"kind": "stop", "route": 50, "direction": 1, "seq": 7, "osm_id": 2631470095, "name": "Дворец культуры МИИТ"}}, {"type": "Feature", "geometry": {"type": "Point", "coordinates": [37.6088081, 55.7900162]}, "properties": {"kind": "stop", "route": 50, "direction": 1, "seq": 8, "osm_id": 2631470113, "name": "Улица Образцова"}}, {"type": "Feature", "geometry": {"type": "Point", "coordinates": [37.6099015, 55.7889999]}, "properties": {"kind": "stop", "route": 50, "direction": 1, "seq": 9, "osm_id": 13388798128, "name": "МИИТ"}}, {"type": "Feature", "geometry": {"type": "Point", "coordinates": [37.6090542, 55.7873851]}, "properties": {"kind": "stop", "route": 50, "direction": 1, "seq": 10, "osm_id": 2631470105, "name": "Главный корпус МИИТ"}}, {"type": "Feature", "geometry": {"type": "Point", "coordinates": [37.6069101, 55.7843377]}, "properties": {"kind": "stop", "route": 50, "direction": 1, "seq": 11, "osm_id": 12464935104, "name": "Площадь Борьбы"}}, {"type": "Feature", "geometry": {"type": "Point", "coordinates": [37.6104435, 55.783144]}, "properties": {"kind": "stop", "route": 50, "direction": 1, "seq": 12, "osm_id": 3007312924, "name": "Улица Достоевского"}}, {"type": "Feature", "geometry": {"type": "Point", "coordinates": [37.6091909, 55.7811663]}, "properties": {"kind": "stop", "route": 50, "direction": 1, "seq": 13, "osm_id": 3016721033, "name": "Селезнёвская улица"}}, {"type": "Feature", "geometry": {"type": "Point", "coordinates": [37.6128558, 55.7795009]}, "properties": {"kind": "stop", "route": 50, "direction": 1, "seq": 14, "osm_id": 473120396, "name": "4-й Самотёчный переулок"}}, {"type": "Feature", "geometry": {"type": "Point", "coordinates": [37.6169873, 55.778521]}, "properties": {"kind": "stop", "route": 50, "direction": 1, "seq": 15, "osm_id": 473120397, "name": "Самотёчная улица"}}, {"type": "Feature", "geometry": {"type": "Point", "coordinates": [37.6232933, 55.7790401]}, "properties": {"kind": "stop", "route": 50, "direction": 1, "seq": 16, "osm_id": 3016214896, "name": "Театр зверей имени Дурова"}}, {"type": "Feature", "geometry": {"type": "Point", "coordinates": [37.6298101, 55.7783133]}, "properties": {"kind": "stop", "route": 50, "direction": 1, "seq": 17, "osm_id": 473120399, "name": "Улица Щепкина"}}, {"type": "Feature", "geometry": {"type": "Point", "coordinates": [37.6323751, 55.7806137]}, "properties": {"kind": "stop", "route": 50, "direction": 1, "seq": 18, "osm_id": 4656724435, "name": "Метро «Проспект Мира»"}}, {"type": "Feature", "geometry": {"type": "Point", "coordinates": [37.6343838, 55.7804065]}, "properties": {"kind": "stop", "route": 50, "direction": 1, "seq": 19, "osm_id": 473120401, "name": "Метро «Проспект Мира»"}}, {"type": "Feature", "geometry": {"type": "Point", "coordinates": [37.6399804, 55.7798197]}, "properties": {"kind": "stop", "route": 50, "direction": 1, "seq": 20, "osm_id": 473120402, "name": "Ботанический переулок"}}, {"type": "Feature", "geometry": {"type": "Point", "coordinates": [37.6420429, 55.7796845]}, "properties": {"kind": "stop", "route": 50, "direction": 1, "seq": 21, "osm_id": 4291989484, "name": "Астраханский переулок"}}, {"type": "Feature", "geometry": {"type": "Point", "coordinates": [37.6454248, 55.7793525]}, "properties": {"kind": "stop", "route": 50, "direction": 1, "seq": 22, "osm_id": 473120404, "name": "Пантелеевская улица"}}, {"type": "Feature", "geometry": {"type": "Point", "coordinates": [37.650312, 55.7757977]}, "properties": {"kind": "stop", "route": 50, "direction": 1, "seq": 23, "osm_id": 11987259526, "name": "Каланчёвская улица"}}, {"type": "Feature", "geometry": {"type": "Point", "coordinates": [37.6531564, 55.7746318]}, "properties": {"kind": "stop", "route": 50, "direction": 1, "seq": 24, "osm_id": 13134322144, "name": "МЦД Площадь трёх вокзалов"}}, {"type": "Feature", "geometry": {"type": "Point", "coordinates": [37.6555161, 55.7752772]}, "properties": {"kind": "stop", "route": 50, "direction": 1, "seq": 25, "osm_id": 471943151, "name": "Метро «Комсомольская»"}}, {"type": "Feature", "geometry": {"type": "Point", "coordinates": [37.665607, 55.7792274]}, "properties": {"kind": "stop", "route": 50, "direction": 1, "seq": 26, "osm_id": 471943152, "name": "Метро «Красносельская»"}}, {"type": "Feature", "geometry": {"type": "Point", "coordinates": [37.6669072, 55.7789857]}, "properties": {"kind": "stop", "route": 50, "direction": 1, "seq": 27, "osm_id": 2358271808, "name": "Нижняя Красносельская улица"}}, {"type": "Feature", "geometry": {"type": "Point", "coordinates": [37.6699352, 55.7766865]}, "properties": {"kind": "stop", "route": 50, "direction": 1, "seq": 28, "osm_id": 2358271810, "name": "Ольховская улица"}}, {"type": "Feature", "geometry": {"type": "Point", "coordinates": [37.6735399, 55.777121]}, "properties": {"kind": "stop", "route": 50, "direction": 1, "seq": 29, "osm_id": 2358271812, "name": "Поликлиника"}}, {"type": "Feature", "geometry": {"type": "Point", "coordinates": [37.6777957, 55.7752275]}, "properties": {"kind": "stop", "route": 50, "direction": 1, "seq": 30, "osm_id": 2360708029, "name": "Басманный двор"}}, {"type": "Feature", "geometry": {"type": "Point", "coordinates": [37.6785273, 55.7725615]}, "properties": {"kind": "stop", "route": 50, "direction": 1, "seq": 31, "osm_id": 2360708036, "name": "Метро «Бауманская»"}}, {"type": "Feature", "geometry": {"type": "Point", "coordinates": [37.6793595, 55.7691394]}, "properties": {"kind": "stop", "route": 50, "direction": 1, "seq": 32, "osm_id": 2360708027, "name": "Аптекарский переулок"}}, {"type": "Feature", "geometry": {"type": "Point", "coordinates": [37.6798656, 55.7666067]}, "properties": {"kind": "stop", "route": 50, "direction": 1, "seq": 33, "osm_id": 13725188934, "name": "Денисовский переулок"}}, {"type": "Feature", "geometry": {"type": "Point", "coordinates": [37.6800231, 55.7657]}, "properties": {"kind": "stop", "route": 50, "direction": 1, "seq": 34, "osm_id": 2360708032, "name": "МГТУ имени Баумана"}}, {"type": "Feature", "geometry": {"type": "Point", "coordinates": [37.6815409, 55.7628785]}, "properties": {"kind": "stop", "route": 50, "direction": 1, "seq": 35, "osm_id": 2360761234, "name": "Лефортовская набережная"}}, {"type": "Feature", "geometry": {"type": "Point", "coordinates": [37.688202, 55.76114]}, "properties": {"kind": "stop", "route": 50, "direction": 1, "seq": 36, "osm_id": 1507754582, "name": "Лефортовский мост"}}, {"type": "Feature", "geometry": {"type": "Point", "coordinates": [37.6949228, 55.7587729]}, "properties": {"kind": "stop", "route": 50, "direction": 1, "seq": 37, "osm_id": 1507754858, "name": "1-й Краснокурсантский проезд"}}, {"type": "Feature", "geometry": {"type": "Point", "coordinates": [37.699614, 55.7572129]}, "properties": {"kind": "stop", "route": 50, "direction": 1, "seq": 38, "osm_id": 1507754577, "name": "Улица Лефортовский Вал"}}, {"type": "Feature", "geometry": {"type": "Point", "coordinates": [37.707971, 55.7544512]}, "properties": {"kind": "stop", "route": 50, "direction": 1, "seq": 39, "osm_id": 1507754592, "name": "МЭИ"}}, {"type": "Feature", "geometry": {"type": "Point", "coordinates": [37.7161454, 55.7515552]}, "properties": {"kind": "stop", "route": 50, "direction": 1, "seq": 40, "osm_id": 250722843, "name": "Метро «Авиамоторная»"}}, {"type": "Feature", "geometry": {"type": "Point", "coordinates": [37.7203255, 55.7523273]}, "properties": {"kind": "stop", "route": 50, "direction": 1, "seq": 41, "osm_id": 7618078828, "name": "Метро «Авиамоторная»"}}, {"type": "Feature", "geometry": {"type": "Point", "coordinates": [37.7237671, 55.7529882]}, "properties": {"kind": "stop", "route": 50, "direction": 1, "seq": 42, "osm_id": 695081254, "name": "Дом культуры «Компрессор»"}}, {"type": "Feature", "geometry": {"type": "MultiLineString", "coordinates": [[[37.734674, 55.81399], [37.735378, 55.813588]], [[37.616225, 55.824136], [37.616219, 55.824162], [37.616207, 55.824184], [37.616188, 55.824206], [37.616163, 55.824225], [37.616141, 55.824242], [37.616115, 55.824258], [37.616087, 55.824272], [37.616056, 55.824285], [37.616024, 55.824294], [37.615989, 55.824302], [37.615952, 55.824307], [37.615909, 55.824309], [37.61587, 55.824309], [37.615829, 55.824307], [37.615788, 55.824303], [37.615749, 55.824295], [37.615409, 55.824219], [37.615354, 55.824202], [37.615312, 55.824185], [37.615271, 55.824164], [37.615235, 55.824141], [37.615209, 55.824118], [37.61519, 55.824092], [37.615177, 55.824062], [37.61517, 55.824031], [37.615172, 55.823996], [37.615179, 55.823972], [37.615197, 55.823944], [37.615214, 55.823924], [37.615238, 55.823898], [37.615257, 55.823883], [37.6153, 55.823853], [37.615778, 55.82359]], [[37.740453, 55.756614], [37.740456, 55.756545], [37.740437, 55.756474], [37.740404, 55.756425], [37.740381, 55.7564], [37.740316, 55.756352], [37.740253, 55.756321], [37.740156, 55.756288]], [[37.454153, 55.83561], [37.454023, 55.834991]], [[37.407236, 55.851669], [37.407204, 55.851754], [37.407195, 55.851805], [37.407211, 55.851851], [37.407279, 55.851943]], [[37.713665, 55.751036], [37.713497, 55.751034], [37.713472, 55.751041], [37.713416, 55.751053], [37.713321, 55.751098], [37.71326, 55.75114], [37.713195, 55.751185]], [[37.7263, 55.753484], [37.72702, 55.753621], [37.727999, 55.753806], [37.732327, 55.754649]], [[37.503703, 55.815187], [37.503707, 55.814726]], [[37.451442, 55.819218], [37.453653, 55.818687]], [[37.673624, 55.741277], [37.673639, 55.740942], [37.673679, 55.740508], [37.67368, 55.7405], [37.673682, 55.74039], [37.673687, 55.740287], [37.673696, 55.740146]], [[37.453893, 55.780239], [37.453834, 55.780099], [37.453829, 55.780086], [37.453816, 55.78002], [37.453826, 55.779985], [37.453851, 55.779955], [37.453882, 55.77992], [37.453929, 55.779891], [37.453997, 55.779866], [37.454105, 55.779846], [37.454199, 55.779835], [37.454266, 55.779835], [37.454299, 55.779835], [37.454383, 55.779845], [37.454481, 55.779864], [37.454553, 55.779888], [37.454614, 55.779918], [37.454687, 55.77997], [37.4548, 55.780095]], [[37.663587, 55.677089], [37.664091, 55.67706], [37.664787, 55.677034]], [[37.664714, 55.751919], [37.665202, 55.751244], [37.665424, 55.750936], [37.665507, 55.75082], [37.665705, 55.750544]], [[37.667732, 55.748282], [37.668488, 55.747501], [37.668793, 55.747152]], [[37.612316, 55.726891], [37.612361, 55.726893], [37.612402, 55.726896], [37.612428, 55.7269], [37.612463, 55.726906], [37.612498, 55.726915], [37.612525, 55.726923], [37.612557, 55.726935], [37.612583, 55.726947], [37.612607, 55.72696], [37.612622, 55.726969], [37.612641, 55.726982], [37.612658, 55.726995], [37.612673, 55.72701], [37.612692, 55.72703], [37.612705, 55.727052], [37.612716, 55.727073], [37.612724, 55.727095], [37.612728, 55.727117], [37.612727, 55.727135], [37.612725, 55.727153], [37.612721, 55.72717], [37.612711, 55.727191], [37.612701, 55.72721], [37.612687, 55.727227], [37.612669, 55.727245], [37.61265, 55.727262], [37.612632, 55.727274], [37.612611, 55.727286], [37.612591, 55.727296], [37.61256, 55.72731], [37.612539, 55.727318], [37.612517, 55.727325], [37.61247, 55.727337], [37.612424, 55.727346], [37.612398, 55.72735], [37.612372, 55.727353]], [[37.61249, 55.726894], [37.612544, 55.726896], [37.612594, 55.726901], [37.612638, 55.726909], [37.612677, 55.726918], [37.612713, 55.726931], [37.612744, 55.726943], [37.612776, 55.72696], [37.612804, 55.726977], [37.612831, 55.726998], [37.612854, 55.72702], [37.612867, 55.727036], [37.612877, 55.72705], [37.612884, 55.727064], [37.612892, 55.727083], [37.612897, 55.727103], [37.612899, 55.72712], [37.6129, 55.727136], [37.612898, 55.727152], [37.612894, 55.727168], [37.612885, 55.727188], [37.612873, 55.727209], [37.612862, 55.727223], [37.61285, 55.727237], [37.612833, 55.727253], [37.612812, 55.727268], [37.612791, 55.727282], [37.612761, 55.727298], [37.61273, 55.72731], [37.612698, 55.727321], [37.612666, 55.727329], [37.612632, 55.727337], [37.612597, 55.727342], [37.612573, 55.727346], [37.612548, 55.727348], [37.612519, 55.72735], [37.612489, 55.727351]], [[37.61249, 55.726894], [37.612663, 55.726895], [37.612712, 55.726898], [37.612754, 55.726903], [37.612801, 55.726911], [37.612841, 55.726922], [37.612876, 55.726933], [37.612907, 55.726946], [37.612939, 55.726962], [37.612967, 55.72698], [37.612988, 55.726997], [37.613008, 55.727015], [37.613025, 55.727035], [37.613036, 55.727053], [37.613045, 55.727069], [37.613051, 55.727086], [37.613057, 55.727111], [37.613057, 55.727124], [37.613056, 55.727137], [37.613054, 55.727155], [37.613049, 55.727172], [37.613042, 55.727189], [37.61303, 55.727208], [37.613017, 55.727225], [37.613005, 55.727238], [37.612986, 55.727253], [37.61297, 55.727265], [37.612951, 55.727277], [37.612927, 55.72729], [37.612901, 55.727301], [37.612878, 55.72731], [37.612853, 55.727319], [37.612828, 55.727326], [37.612802, 55.727333], [37.612774, 55.727338], [37.612745, 55.727342], [37.612689, 55.727347], [37.612644, 55.727348], [37.612489, 55.727351]], [[37.473446, 55.812866], [37.472925, 55.813361]], [[37.475054, 55.811522], [37.475042, 55.811653], [37.474953, 55.811891], [37.474821, 55.812045], [37.474631, 55.812165], [37.47442, 55.812271]], [[37.625386, 55.678689], [37.62545, 55.678615], [37.625477, 55.678601], [37.625567, 55.678556], [37.625685, 55.678536], [37.625808, 55.67854], [37.625921, 55.678567], [37.626012, 55.678614], [37.62607, 55.678675], [37.626087, 55.678744], [37.626062, 55.678812], [37.625998, 55.678871], [37.625902, 55.678915], [37.625615, 55.67902]], [[37.680373, 55.712738], [37.679979, 55.713306], [37.67935, 55.714092]], [[37.694083, 55.71503], [37.693126, 55.714755], [37.691866, 55.714392], [37.69159, 55.714312], [37.687761, 55.71323], [37.683271, 55.71192]], [[37.694947, 55.715232], [37.69476, 55.715202], [37.694563, 55.715165], [37.694083, 55.71503]], [[37.698822, 55.788717], [37.699008, 55.78894], [37.699544, 55.789405], [37.699834, 55.789592], [37.700402, 55.789931]], [[37.411188, 55.80554], [37.411572, 55.805485], [37.413111, 55.805273], [37.413346, 55.805241], [37.41579, 55.80489], [37.416107, 55.804847], [37.419894, 55.804357], [37.420069, 55.804334], [37.421669, 55.804129], [37.424335, 55.80381], [37.424585, 55.803786], [37.424899, 55.803764], [37.425497, 55.803744], [37.426247, 55.803731], [37.426893, 55.80372]], [[37.440524, 55.805031], [37.442206, 55.805087], [37.443875, 55.805149], [37.446776, 55.805259], [37.448228, 55.805319], [37.449685, 55.805391]], [[37.781964, 55.764381], [37.781722, 55.76433], [37.781524, 55.764293]], [[37.645973, 55.830418], [37.646093, 55.830377], [37.646418, 55.830264], [37.647452, 55.829908], [37.647894, 55.829752], [37.64889, 55.829416]], [[37.732327, 55.754649], [37.734133, 55.755006]], [[37.738357, 55.755867], [37.740159, 55.756251]], [[37.672831, 55.759938], [37.67228, 55.759672], [37.671097, 55.759101], [37.671012, 55.75905], [37.670972, 55.759027], [37.670738, 55.758856], [37.670656, 55.758783], [37.670476, 55.758606], [37.670403, 55.758535], [37.670333, 55.758487], [37.670262, 55.758437], [37.670247, 55.758427], [37.670141, 55.758367], [37.669967, 55.758282], [37.669578, 55.758148], [37.669441, 55.758086], [37.669321, 55.758022], [37.669217, 55.757956], [37.669135, 55.757886], [37.669074, 55.757817], [37.668914, 55.757603], [37.668858, 55.757521], [37.668817, 55.75745], [37.668789, 55.757391], [37.668786, 55.757362], [37.668783, 55.757335], [37.668782, 55.75729], [37.668807, 55.757206], [37.669047, 55.756672], [37.669189, 55.75636], [37.669521, 55.755647], [37.669527, 55.755602], [37.669523, 55.755571], [37.66952, 55.755567], [37.669499, 55.755541], [37.669466, 55.755518], [37.66945, 55.75551], [37.66819, 55.75493], [37.668026, 55.75485], [37.667922, 55.754792], [37.667902, 55.754779], [37.66785, 55.754745], [37.667778, 55.754686], [37.667662, 55.754565], [37.667311, 55.754147], [37.667139, 55.753929], [37.666866, 55.753611], [37.666762, 55.75347]], [[37.673031, 55.738866], [37.673026, 55.738799], [37.673038, 55.738763], [37.673049, 55.738727], [37.673082, 55.738682], [37.673105, 55.738655], [37.673231, 55.738594], [37.673246, 55.738585], [37.673322, 55.738548], [37.673449, 55.73848]], [[37.69781, 55.735668], [37.696835, 55.735771]], [[37.655497, 55.870949], [37.654085, 55.871166]], [[37.643392, 55.886297], [37.644012, 55.886934], [37.644198, 55.887144], [37.644195, 55.887244], [37.644107, 55.887327], [37.644083, 55.887349], [37.64388, 55.887413], [37.642979, 55.887505]], [[37.647242, 55.826896], [37.647151, 55.826933], [37.647102, 55.826956], [37.647069, 55.826981], [37.647044, 55.827008], [37.647031, 55.827039], [37.64702, 55.827073], [37.647013, 55.827102], [37.647015, 55.827126], [37.647019, 55.827153]], [[37.666284, 55.853138], [37.666304, 55.853073], [37.666472, 55.852984], [37.667538, 55.852785], [37.667691, 55.852756], [37.66785, 55.852727]], [[37.670259, 55.851199], [37.669815, 55.851491], [37.668001, 55.852683], [37.666984, 55.853334], [37.666253, 55.853804], [37.665263, 55.854436], [37.664729, 55.854776], [37.664637, 55.854831], [37.664437, 55.85495], [37.66422, 55.855084], [37.664088, 55.855167], [37.662823, 55.855989], [37.662296, 55.856412], [37.661905, 55.856726], [37.66184, 55.856784], [37.661719, 55.85689], [37.661381, 55.857232], [37.66108, 55.857602], [37.660809, 55.858017], [37.660551, 55.858502], [37.660529, 55.858543], [37.660312, 55.85908], [37.660209, 55.859454], [37.660179, 55.859564], [37.660157, 55.85965], [37.660119, 55.859825]], [[37.653698, 55.833534], [37.653967, 55.833787]], [[37.671398, 55.74825], [37.671351, 55.748204], [37.670684, 55.747505]], [[37.667086, 55.748966], [37.667732, 55.748282]], [[37.525503, 55.840028], [37.525457, 55.840037], [37.525402, 55.840044], [37.525349, 55.840049], [37.525283, 55.840053], [37.525193, 55.840053], [37.525106, 55.840048], [37.52502, 55.840038], [37.52493, 55.840022], [37.52491, 55.840017], [37.524843, 55.840001], [37.524758, 55.839977], [37.524401, 55.839859], [37.524053, 55.839745], [37.523513, 55.839567], [37.523335, 55.839508], [37.523141, 55.839438], [37.523007, 55.839393], [37.522931, 55.839379], [37.522852, 55.839369], [37.522557, 55.839383], [37.522415, 55.83939]], [[37.49924, 55.818484], [37.499255, 55.818428], [37.499275, 55.818369], [37.499366, 55.818257]], [[37.498446, 55.819473], [37.498551, 55.819409], [37.498615, 55.819324], [37.49907, 55.818762], [37.499217, 55.818577], [37.49924, 55.818484]], [[37.819137, 55.751011], [37.819042, 55.750805], [37.818235, 55.74907], [37.818212, 55.74902], [37.817981, 55.748449], [37.817951, 55.748379], [37.817672, 55.747734]], [[37.717044, 55.751986], [37.716868, 55.752257], [37.716583, 55.752695], [37.716083, 55.753467], [37.716058, 55.753505], [37.716021, 55.753569]], [[37.654085, 55.871166], [37.652471, 55.871395], [37.652315, 55.871412], [37.652187, 55.871426], [37.651741, 55.871475], [37.650602, 55.8716], [37.650522, 55.871605], [37.649395, 55.871676], [37.649303, 55.871677], [37.648859, 55.87168], [37.648131, 55.871685], [37.64778, 55.871687], [37.647098, 55.871657], [37.646946, 55.871646], [37.646735, 55.871631], [37.646464, 55.87161], [37.646391, 55.871604], [37.645127, 55.871486], [37.644553, 55.871432], [37.642003, 55.87119], [37.639337, 55.870936], [37.638902, 55.870892]], [[37.52951, 55.83892], [37.529569, 55.838904], [37.530308, 55.838706], [37.531424, 55.838405], [37.531908, 55.838275], [37.532341, 55.838158], [37.533099, 55.837954], [37.536023, 55.837171], [37.536118, 55.837145], [37.536835, 55.836951], [37.537687, 55.836722], [37.53812, 55.836605], [37.538354, 55.836545], [37.538983, 55.836385], [37.539246, 55.836317], [37.53931, 55.8363], [37.542485, 55.83546], [37.542756, 55.835385], [37.543079, 55.835299], [37.543717, 55.835128]], [[37.734213, 55.814236], [37.734468, 55.814109]], [[37.646976, 55.827169], [37.64694, 55.827138], [37.646905, 55.82712], [37.64686, 55.827103], [37.646797, 55.827092], [37.646711, 55.82709], [37.646625, 55.827096], [37.646543, 55.827111]], [[37.646509, 55.827085], [37.646617, 55.827067], [37.64672, 55.82706], [37.646807, 55.827064], [37.646881, 55.827078], [37.646934, 55.827098], [37.646949, 55.827106], [37.646978, 55.827119], [37.647019, 55.827153]], [[37.643392, 55.886297], [37.643436, 55.886452], [37.643777, 55.886812], [37.643898, 55.886948], [37.643962, 55.887039], [37.643979, 55.887125], [37.64392, 55.887219], [37.643903, 55.887226], [37.6438, 55.887268], [37.643631, 55.8873], [37.642993, 55.887365], [37.642879, 55.887357], [37.64281, 55.887344], [37.642631, 55.887279], [37.64256, 55.887206], [37.642526, 55.887125], [37.642576, 55.88698]], [[37.642576, 55.88698], [37.642714, 55.886832], [37.642851, 55.886676], [37.642955, 55.886558]], [[37.671106, 55.73595], [37.671379, 55.736322], [37.671475, 55.736462], [37.672216, 55.737522], [37.67224, 55.737556], [37.672618, 55.738114], [37.672658, 55.738171], [37.672714, 55.73825], [37.672812, 55.738406]], [[37.673031, 55.738866], [37.672746, 55.738422]], [[37.67935, 55.714092], [37.679261, 55.714207], [37.679046, 55.714487], [37.678885, 55.714696]], [[37.66357, 55.75356], [37.66354, 55.753601], [37.663331, 55.753842], [37.663234, 55.753923], [37.663082, 55.754022], [37.662968, 55.754076], [37.662919, 55.754092], [37.662798, 55.754136], [37.662701, 55.754166], [37.662433, 55.754224], [37.662271, 55.75425]], [[37.712926, 55.75085], [37.713077, 55.750901], [37.713102, 55.750912], [37.713204, 55.750965], [37.713212, 55.750982], [37.713222, 55.750991], [37.71324, 55.75102], [37.713245, 55.751053], [37.713218, 55.751119], [37.713214, 55.751131], [37.713195, 55.751185]], [[37.783313, 55.765148], [37.783399, 55.765118], [37.783449, 55.765092], [37.78349, 55.765063], [37.783517, 55.765035], [37.783535, 55.765002], [37.783545, 55.764964], [37.783544, 55.764932], [37.783533, 55.76489], [37.783498, 55.764839], [37.783444, 55.764789], [37.783394, 55.764755], [37.783357, 55.764736], [37.783285, 55.7647]], [[37.740453, 55.756614], [37.740509, 55.756554], [37.740529, 55.756538], [37.74062, 55.756487], [37.740649, 55.756477], [37.740721, 55.756452], [37.740841, 55.756436], [37.740903, 55.756437], [37.741063, 55.756444]], [[37.720769, 55.778167], [37.720881, 55.778039], [37.720951, 55.777961], [37.721407, 55.777456], [37.722892, 55.775829], [37.723657, 55.774993], [37.724808, 55.773729], [37.724894, 55.773635], [37.725856, 55.772573], [37.725947, 55.772473], [37.726007, 55.772406], [37.727845, 55.770374], [37.728084, 55.770108], [37.728333, 55.76983], [37.729307, 55.768748], [37.730162, 55.767808], [37.730237, 55.767726], [37.730696, 55.767221], [37.731262, 55.766602], [37.732143, 55.76564], [37.732352, 55.765415], [37.734282, 55.76334], [37.734386, 55.763226], [37.734556, 55.763031], [37.734648, 55.762928], [37.736246, 55.761212], [37.736525, 55.760914], [37.736652, 55.760777], [37.736762, 55.760658], [37.739916, 55.75721], [37.740188, 55.756913], [37.740285, 55.756803], [37.740453, 55.756614]], [[37.801756, 55.753699], [37.802883, 55.753547], [37.803208, 55.753501], [37.803378, 55.753479], [37.803598, 55.75345], [37.803948, 55.7534], [37.804386, 55.753337], [37.805447, 55.753183], [37.806421, 55.753042], [37.80762, 55.752869], [37.807826, 55.752837], [37.807868, 55.752831], [37.808101, 55.752797], [37.809348, 55.752614], [37.810121, 55.752504], [37.81146, 55.752312], [37.812472, 55.752167], [37.812584, 55.752151], [37.813052, 55.752087], [37.8141, 55.751943], [37.814729, 55.751857], [37.815764, 55.751718]], [[37.522415, 55.83939], [37.52229, 55.839364], [37.522196, 55.839325], [37.522079, 55.83926], [37.52194, 55.839037], [37.521912, 55.838924], [37.521925, 55.838826], [37.521982, 55.838728]], [[37.522898, 55.839063], [37.523023, 55.839326], [37.5231, 55.839386], [37.523162, 55.839417], [37.52332, 55.839475], [37.523348, 55.839485], [37.523471, 55.839529], [37.523501, 55.839539], [37.524417, 55.839843], [37.524732, 55.839948], [37.524835, 55.839979], [37.524935, 55.840003], [37.525, 55.840016], [37.525093, 55.840027], [37.525179, 55.840033], [37.525279, 55.840031], [37.525296, 55.84003], [37.525393, 55.840022], [37.525435, 55.840015], [37.525483, 55.840005]], [[37.454212, 55.80567], [37.454799, 55.805718], [37.455241, 55.805766], [37.455548, 55.805816], [37.456004, 55.805907], [37.456488, 55.806022], [37.456765, 55.8061], [37.457032, 55.80619], [37.457474, 55.806372], [37.457646, 55.806462], [37.457779, 55.806538], [37.457948, 55.806649], [37.458188, 55.806827]], [[37.452058, 55.805499], [37.452284, 55.805519]], [[37.40259, 55.811127], [37.404128, 55.810064], [37.404302, 55.809947], [37.406278, 55.808589], [37.407959, 55.807426], [37.40813, 55.80731], [37.409222, 55.806562], [37.409853, 55.806134], [37.410165, 55.80592], [37.410226, 55.805878]], [[37.499366, 55.818257], [37.499453, 55.818192], [37.499547, 55.818155], [37.49964, 55.818134], [37.499719, 55.818125], [37.499834, 55.818131], [37.499967, 55.818161]], [[37.576402, 55.80885], [37.576488, 55.808854], [37.57657, 55.808856], [37.576684, 55.808835]], [[37.498446, 55.819473], [37.498558, 55.819322]], [[37.462511, 55.80992], [37.464067, 55.809976]], [[37.390176, 55.800231], [37.39036, 55.800333]], [[37.407279, 55.851943], [37.407377, 55.852099], [37.407821, 55.852802]], [[37.664022, 55.75286], [37.664128, 55.752723], [37.664191, 55.752642]], [[37.66102, 55.75446], [37.660933, 55.754491], [37.660871, 55.75451], [37.660815, 55.754534], [37.660779, 55.754568]], [[37.647019, 55.827153], [37.647332, 55.827464], [37.647818, 55.827959], [37.648357, 55.828503], [37.648842, 55.828982], [37.648972, 55.82912], [37.649071, 55.829211], [37.649226, 55.829366]], [[37.646509, 55.827085], [37.647215, 55.826869]], [[37.619593, 55.821891], [37.619565, 55.821892], [37.619538, 55.821893], [37.61951, 55.821895], [37.619483, 55.821897], [37.619454, 55.8219], [37.619427, 55.821904], [37.619401, 55.821909], [37.619377, 55.821916], [37.619353, 55.821922], [37.61933, 55.821931], [37.619308, 55.821939], [37.61929, 55.821947], [37.619271, 55.821957], [37.619253, 55.821967], [37.619236, 55.821979], [37.619222, 55.821992], [37.619208, 55.822004], [37.619199, 55.822017], [37.619189, 55.822031], [37.619181, 55.822046], [37.619175, 55.82206], [37.61917, 55.822075], [37.619168, 55.822089], [37.619166, 55.822103], [37.619166, 55.822117], [37.619165, 55.82213], [37.619154, 55.822387], [37.619153, 55.822406], [37.619151, 55.822425], [37.619149, 55.822445], [37.619146, 55.822466], [37.619143, 55.822483], [37.619136, 55.822502], [37.61913, 55.822519], [37.619122, 55.822536], [37.619111, 55.822553], [37.619096, 55.822569], [37.619078, 55.822585], [37.619056, 55.8226], [37.619029, 55.822612], [37.619, 55.822623], [37.61897, 55.822632], [37.618937, 55.822641], [37.618904, 55.822647], [37.618872, 55.822651], [37.618839, 55.822654], [37.618807, 55.822657]], [[37.647242, 55.826896], [37.647011, 55.82697], [37.64672, 55.82706], [37.646543, 55.827111]], [[37.615778, 55.82359], [37.616102, 55.823405], [37.616129, 55.823371], [37.61615, 55.823334], [37.616162, 55.823294], [37.616164, 55.823251], [37.616159, 55.822992], [37.616161, 55.822978], [37.616164, 55.822963], [37.616168, 55.82295], [37.616172, 55.822936], [37.616178, 55.822922], [37.616184, 55.82291], [37.616194, 55.822896], [37.616203, 55.822882], [37.616214, 55.822869], [37.616226, 55.822855], [37.616238, 55.822844], [37.61625, 55.822833], [37.616268, 55.822821], [37.616284, 55.822811], [37.616303, 55.822801], [37.616324, 55.822792], [37.616346, 55.822784], [37.616369, 55.822777], [37.616389, 55.822772], [37.616409, 55.822767], [37.616429, 55.822762], [37.616448, 55.822758], [37.616468, 55.822754], [37.61649, 55.82275], [37.616511, 55.822747], [37.616532, 55.822745], [37.616572, 55.822741], [37.616611, 55.822739], [37.616758, 55.82273]], [[37.61622, 55.823219], [37.616223, 55.823245], [37.616228, 55.823268], [37.616235, 55.82329], [37.616243, 55.823308], [37.616267, 55.823366], [37.616278, 55.82339], [37.616285, 55.823413], [37.616289, 55.823433], [37.616291, 55.823455], [37.616284, 55.823775], [37.616284, 55.823803], [37.616281, 55.823829], [37.616272, 55.823854], [37.616261, 55.823878], [37.616243, 55.823917], [37.616235, 55.823937], [37.616229, 55.82396], [37.616226, 55.823984], [37.616223, 55.824017]], [[37.616222, 55.823351], [37.616223, 55.824017], [37.616225, 55.824116], [37.616225, 55.824136]], [[37.747272, 55.786373], [37.747442, 55.786503], [37.747478, 55.786541], [37.747501, 55.786594], [37.747514, 55.786714], [37.747495, 55.786845], [37.74749, 55.786909]], [[37.747495, 55.786845], [37.747465, 55.786892], [37.747429, 55.786933], [37.747211, 55.787119], [37.747177, 55.787149]], [[37.646976, 55.827169], [37.646961, 55.827145], [37.646949, 55.827106], [37.646952, 55.82707], [37.646962, 55.827032], [37.646987, 55.826999], [37.647011, 55.82697], [37.64705, 55.826937], [37.647084, 55.826917], [37.647215, 55.826869]], [[37.652195, 55.832051], [37.65221, 55.832129], [37.652231, 55.832206], [37.652172, 55.832288], [37.652109, 55.832342], [37.65202, 55.832418]], [[37.64889, 55.829416], [37.648994, 55.829391], [37.649033, 55.829389], [37.649086, 55.829387], [37.649143, 55.829391], [37.649218, 55.829402], [37.649312, 55.829454]], [[37.654027, 55.871139], [37.655433, 55.870922]], [[37.653934, 55.833812], [37.65366, 55.833562]], [[37.650959, 55.831037], [37.649484, 55.829641], [37.649389, 55.829554]], [[37.660077, 55.859821], [37.660115, 55.859649], [37.660138, 55.859562], [37.660166, 55.85945], [37.660275, 55.859075], [37.660486, 55.85854], [37.660509, 55.858497], [37.660766, 55.858009], [37.661041, 55.857596], [37.661334, 55.857225], [37.661486, 55.857058], [37.661673, 55.856879], [37.661781, 55.856777], [37.661861, 55.85671], [37.662261, 55.856394], [37.662797, 55.855972], [37.664076, 55.85513], [37.664183, 55.855066], [37.664362, 55.854957], [37.664552, 55.854843], [37.664695, 55.854758], [37.665097, 55.854502], [37.665229, 55.854417], [37.666207, 55.853789], [37.666868, 55.853362], [37.66785, 55.852727], [37.669762, 55.851467], [37.670398, 55.851048]], [[37.63891, 55.870863], [37.639361, 55.870915], [37.642013, 55.871164], [37.644566, 55.871403], [37.645161, 55.871461], [37.64624, 55.871563], [37.646475, 55.871584], [37.646741, 55.871607], [37.646949, 55.871622], [37.647102, 55.871633], [37.647779, 55.87166], [37.648857, 55.87165], [37.6493, 55.871646], [37.649391, 55.871645], [37.650517, 55.871573], [37.650589, 55.871569], [37.651596, 55.871463], [37.652177, 55.871397], [37.652462, 55.871365], [37.654027, 55.871139]], [[37.644012, 55.886934], [37.644122, 55.887126], [37.644089, 55.887217], [37.644014, 55.887281], [37.643999, 55.887294], [37.643848, 55.887338], [37.642876, 55.887437], [37.642809, 55.887436], [37.642673, 55.88742], [37.642587, 55.887392], [37.642502, 55.887345], [37.642446, 55.887289], [37.642426, 55.88724], [37.642443, 55.887133]], [[37.642979, 55.887505], [37.64287, 55.887516], [37.642681, 55.88751], [37.642492, 55.887466], [37.642382, 55.887371], [37.642357, 55.887293], [37.642443, 55.887133], [37.642576, 55.88698]], [[37.81625, 55.74519], [37.816028, 55.745124], [37.815916, 55.745042], [37.81586, 55.744949], [37.815857, 55.744929], [37.815843, 55.744841], [37.815872, 55.744751], [37.815956, 55.744696], [37.816104, 55.744659], [37.816245, 55.744661], [37.816413, 55.744695], [37.816486, 55.74472], [37.816539, 55.744788], [37.816598, 55.744924], [37.816617, 55.744975], [37.816703, 55.745209], [37.81678, 55.745418]], [[37.691158, 55.789214], [37.691041, 55.789167], [37.690993, 55.789114], [37.69096, 55.789035], [37.690981, 55.78895], [37.691034, 55.788876], [37.691422, 55.788546], [37.691554, 55.788437], [37.691759, 55.788264], [37.691814, 55.788233], [37.691854, 55.788223], [37.691862, 55.788221], [37.691918, 55.788218], [37.691977, 55.788223], [37.692039, 55.788234], [37.692119, 55.788263], [37.69222, 55.788302]], [[37.696711, 55.789174], [37.69665, 55.789218], [37.696503, 55.789332], [37.69567, 55.789968], [37.695242, 55.790288]], [[37.691422, 55.788546], [37.691414, 55.788584], [37.691426, 55.788634], [37.691444, 55.788657], [37.691469, 55.788686], [37.69153, 55.788713], [37.69168, 55.788773]], [[37.702142, 55.790912], [37.702119, 55.790866], [37.702084, 55.790834], [37.702059, 55.790822], [37.701004, 55.790307]], [[37.695148, 55.790287], [37.695494, 55.790022], [37.695714, 55.789856], [37.696647, 55.789145]], [[37.700512, 55.789996], [37.701003, 55.790256], [37.702108, 55.7908], [37.702141, 55.790848], [37.702143, 55.790867], [37.702142, 55.790912]], [[37.698697, 55.793261], [37.698229, 55.792887], [37.697472, 55.792289], [37.697303, 55.792162], [37.696781, 55.791761], [37.6967, 55.791702], [37.696027, 55.791176], [37.695901, 55.791077], [37.695166, 55.79055]], [[37.700402, 55.789931], [37.700323, 55.789913], [37.700252, 55.789901]], [[37.687412, 55.791578], [37.687428, 55.791565], [37.687444, 55.79155], [37.687986, 55.79111], [37.688511, 55.790684], [37.688966, 55.790314], [37.689042, 55.790252], [37.689119, 55.79019], [37.689177, 55.790144], [37.69155, 55.788244]], [[37.700401, 55.790299], [37.700457, 55.790262], [37.700521, 55.790237], [37.700595, 55.790221], [37.700682, 55.790214], [37.700747, 55.790213], [37.700826, 55.790222], [37.70091, 55.79023], [37.701003, 55.790256]], [[37.691598, 55.78826], [37.690123, 55.789452], [37.689237, 55.790169], [37.68918, 55.790214], [37.689106, 55.790274], [37.688248, 55.790963], [37.687476, 55.791584], [37.687464, 55.791593]], [[37.687084, 55.791628], [37.687182, 55.791641], [37.687271, 55.791639], [37.687317, 55.79163], [37.687362, 55.791613], [37.687412, 55.791578]], [[37.695225, 55.790519], [37.696075, 55.791141], [37.696262, 55.791278], [37.698668, 55.793161], [37.698759, 55.793236]], [[37.695242, 55.790288], [37.695198, 55.790342], [37.695186, 55.790405], [37.695191, 55.790451], [37.695202, 55.790482], [37.695225, 55.790519]], [[37.687464, 55.791593], [37.687409, 55.791628], [37.68738, 55.791642], [37.687342, 55.791653], [37.687321, 55.791658], [37.687299, 55.791663], [37.687205, 55.791674], [37.687128, 55.791668], [37.687058, 55.791652]], [[37.695166, 55.79055], [37.695138, 55.790512], [37.695126, 55.790485], [37.695116, 55.79044], [37.695112, 55.790413], [37.695116, 55.79036], [37.695123, 55.790337], [37.695148, 55.790287]], [[37.701316, 55.790695], [37.700742, 55.790479]], [[37.696468, 55.733871], [37.696839, 55.733798], [37.696882, 55.733795], [37.696935, 55.733799], [37.696997, 55.733818], [37.697051, 55.733851], [37.697072, 55.73387], [37.697124, 55.733921], [37.697176, 55.73397]], [[37.696576, 55.73541], [37.696564, 55.73536], [37.696559, 55.735327], [37.696564, 55.735286], [37.696562, 55.735252], [37.696551, 55.735222], [37.69654, 55.735189], [37.696504, 55.735116], [37.696193, 55.734536], [37.696171, 55.734499], [37.696048, 55.734424]], [[37.735246, 55.814301], [37.735204, 55.814364], [37.735143, 55.814437], [37.735067, 55.814496], [37.734832, 55.814603], [37.734242, 55.81476], [37.733451, 55.814971]], [[37.732848, 55.81502], [37.732956, 55.814982], [37.733823, 55.814501], [37.734243, 55.814266]], [[37.695442, 55.715368], [37.695523, 55.71541], [37.695619, 55.715467], [37.695659, 55.715514], [37.695676, 55.715572], [37.695673, 55.715622], [37.695654, 55.715685], [37.69562, 55.715728], [37.695535, 55.715778], [37.695354, 55.715808], [37.695151, 55.715803], [37.694976, 55.715771], [37.694797, 55.71571], [37.694677, 55.715647], [37.694493, 55.715517]], [[37.695558, 55.7154], [37.695717, 55.715481], [37.695772, 55.715544], [37.695774, 55.715606], [37.695763, 55.71566], [37.695733, 55.715725], [37.695696, 55.715763], [37.69565, 55.715793], [37.695538, 55.715825], [37.695364, 55.715858]], [[37.681639, 55.7117], [37.681797, 55.711682], [37.681982, 55.71167], [37.682162, 55.711663], [37.682352, 55.711672], [37.68251, 55.711693], [37.682685, 55.711723], [37.682856, 55.711769], [37.683031, 55.711815]], [[37.695558, 55.7154], [37.695981, 55.715496], [37.696167, 55.71554], [37.696569, 55.715611]], [[37.678324, 55.714676], [37.678165, 55.714617], [37.678104, 55.714581], [37.678069, 55.71453], [37.678055, 55.714481], [37.678067, 55.714428], [37.678106, 55.71438], [37.678181, 55.714329], [37.67823, 55.714309], [37.678263, 55.714296], [37.678374, 55.714275], [37.678478, 55.71427], [37.678591, 55.714283], [37.678686, 55.714312], [37.678758, 55.714347], [37.678805, 55.71439], [37.678843, 55.714439], [37.678857, 55.714464], [37.678882, 55.714507]], [[37.65061, 55.776189], [37.650661, 55.776227], [37.650697, 55.776274], [37.650718, 55.77633], [37.650713, 55.77639], [37.650686, 55.776446], [37.650649, 55.77648], [37.65029, 55.776709], [37.650224, 55.77673], [37.650134, 55.776744], [37.650038, 55.776747], [37.649974, 55.776741], [37.64992, 55.776729], [37.64978, 55.776674]], [[37.74051, 55.756616], [37.740331, 55.756819], [37.739971, 55.757225], [37.739906, 55.757298], [37.736894, 55.760591], [37.736808, 55.760687], [37.736707, 55.760794], [37.7363, 55.761229], [37.73484, 55.762791], [37.7347, 55.762942], [37.734601, 55.763044], [37.734434, 55.76324], [37.734333, 55.763356], [37.732408, 55.765433], [37.732195, 55.765655], [37.731323, 55.76662], [37.730763, 55.767239], [37.730306, 55.767745], [37.730035, 55.768032], [37.728192, 55.770062], [37.728135, 55.770124], [37.727895, 55.770389], [37.726058, 55.77242], [37.725998, 55.772487], [37.725907, 55.772587], [37.725094, 55.773486], [37.724945, 55.773651], [37.723712, 55.775009], [37.722959, 55.775836], [37.721473, 55.77747], [37.721, 55.777975], [37.720931, 55.778053], [37.72082, 55.77818]], [[37.720659, 55.778926], [37.72068, 55.779496]], [[37.740981, 55.756466], [37.740853, 55.756463], [37.740744, 55.756477], [37.740705, 55.756492], [37.740664, 55.756508], [37.740559, 55.756566], [37.74051, 55.756616]], [[37.740159, 55.756251], [37.74029, 55.756291], [37.740371, 55.756331], [37.740441, 55.756387], [37.740472, 55.756425], [37.74049, 55.756443], [37.740512, 55.756493], [37.740529, 55.756538], [37.740529, 55.756562], [37.74051, 55.756616]], [[37.742398, 55.756726], [37.742987, 55.75685], [37.744678, 55.757188]], [[37.747023, 55.786881], [37.747318, 55.786738], [37.747385, 55.786688], [37.74742, 55.786629], [37.747412, 55.786571], [37.747387, 55.786533], [37.747223, 55.786408]], [[37.650444, 55.776549], [37.650293, 55.776649], [37.650193, 55.776685], [37.650114, 55.776698], [37.649991, 55.776701], [37.649899, 55.776692], [37.64978, 55.776674]], [[37.679466, 55.791853], [37.679337, 55.792046], [37.679322, 55.792075], [37.679317, 55.79209], [37.679313, 55.792103], [37.67931, 55.792128], [37.679313, 55.792155], [37.67933, 55.792199], [37.679371, 55.792248], [37.679427, 55.79229], [37.679501, 55.792324], [37.680027, 55.792436]], [[37.667972, 55.732749], [37.668233, 55.732993], [37.668536, 55.733284], [37.668641, 55.733388], [37.668743, 55.733487], [37.668829, 55.733571], [37.668967, 55.733696], [37.669084, 55.733804], [37.669549, 55.734197], [37.670142, 55.734751]], [[37.678885, 55.714696], [37.678788, 55.714824], [37.678471, 55.715241]], [[37.732848, 55.81502], [37.733769, 55.814483], [37.734045, 55.814331], [37.734213, 55.814236]], [[37.695364, 55.715858], [37.695194, 55.715858], [37.695041, 55.715845], [37.694906, 55.715812], [37.694801, 55.715778]], [[37.667419, 55.732977], [37.66733, 55.732925], [37.666909, 55.732684]], [[37.712926, 55.75085], [37.71307, 55.750881], [37.71325, 55.750919], [37.713328, 55.750934], [37.713527, 55.750982], [37.713637, 55.751011]], [[37.694801, 55.715778], [37.694678, 55.715713], [37.694598, 55.715633], [37.694493, 55.715517], [37.69444, 55.715408], [37.69432, 55.715224], [37.694263, 55.715155], [37.694182, 55.715079], [37.694083, 55.71503]], [[37.660143, 55.755589], [37.659634, 55.7556], [37.659413, 55.755603], [37.659316, 55.755595], [37.659214, 55.755546], [37.659188, 55.755505], [37.659175, 55.75545], [37.659179, 55.755374], [37.659198, 55.755308], [37.65925, 55.755253], [37.659334, 55.755187], [37.659435, 55.755151], [37.659552, 55.75512], [37.659682, 55.755102], [37.660002, 55.755086], [37.660392, 55.755067], [37.660505, 55.755055], [37.660612, 55.755034], [37.660692, 55.754991], [37.660739, 55.754942], [37.660758, 55.754892], [37.660748, 55.754813], [37.660713, 55.754656], [37.66072, 55.754593], [37.660752, 55.75454], [37.660759, 55.754532], [37.660795, 55.754506], [37.660829, 55.754482], [37.660893, 55.754464], [37.660973, 55.754437], [37.661009, 55.754425]], [[37.694947, 55.715232], [37.695313, 55.715332], [37.695442, 55.715368], [37.695558, 55.7154]], [[37.74749, 55.786909], [37.747474, 55.787142], [37.747448, 55.787183], [37.747399, 55.787219], [37.747333, 55.787244], [37.747256, 55.787256], [37.747176, 55.787253], [37.746969, 55.787234], [37.746891, 55.787216], [37.746826, 55.787186], [37.746783, 55.787145], [37.746765, 55.787099], [37.746774, 55.787052], [37.746809, 55.787009], [37.746867, 55.786974], [37.747023, 55.786881]], [[37.409419, 55.854823], [37.409884, 55.855212], [37.410257, 55.855487], [37.410492, 55.855638], [37.41079, 55.855827], [37.411018, 55.855973], [37.41124, 55.856107], [37.411535, 55.856272], [37.411902, 55.856453], [37.412486, 55.856686], [37.412794, 55.856809], [37.412992, 55.856887], [37.413669, 55.857112], [37.413916, 55.857192], [37.414293, 55.857304], [37.414595, 55.85739], [37.414799, 55.857439], [37.414917, 55.857467], [37.415167, 55.857517], [37.415839, 55.857643], [37.415929, 55.85766], [37.416341, 55.857734], [37.416824, 55.8578], [37.418002, 55.857923], [37.418818, 55.857976], [37.419335, 55.858017], [37.41963, 55.858043], [37.419937, 55.858065], [37.420311, 55.858097], [37.420584, 55.858113], [37.420878, 55.858128], [37.421507, 55.858154], [37.4224, 55.858191], [37.42333, 55.858226], [37.424046, 55.85825], [37.424688, 55.858262], [37.424996, 55.858266], [37.425159, 55.858266], [37.425756, 55.858266], [37.426284, 55.858255], [37.42647, 55.858249], [37.426711, 55.858244], [37.427358, 55.858208], [37.428198, 55.858162], [37.428495, 55.858146], [37.429041, 55.858109], [37.429864, 55.858031], [37.430617, 55.857934], [37.431016, 55.857875], [37.431294, 55.857827], [37.431549, 55.857784], [37.431985, 55.857688], [37.432168, 55.857644], [37.43239, 55.85759], [37.432863, 55.857472], [37.433531, 55.857269], [37.433837, 55.857156], [37.43414, 55.857038], [37.434563, 55.856862], [37.434985, 55.856674], [37.435316, 55.856508], [37.435631, 55.856334], [37.435982, 55.856123]], [[37.453164, 55.835885], [37.453492, 55.835999], [37.453587, 55.836016], [37.453631, 55.836019], [37.453651, 55.836021], [37.453719, 55.836018]], [[37.451468, 55.836454], [37.451579, 55.836414], [37.451641, 55.836374], [37.451719, 55.836313], [37.451883, 55.836137]], [[37.451883, 55.836137], [37.451987, 55.836033], [37.452088, 55.835977], [37.452168, 55.83594], [37.452218, 55.83592], [37.452275, 55.835902], [37.452329, 55.835892], [37.452379, 55.835885], [37.452612, 55.835867], [37.452874, 55.83585], [37.452953, 55.83585], [37.453034, 55.835856], [37.453105, 55.835868], [37.453164, 55.835885]], [[37.55444, 55.685448], [37.554482, 55.685432], [37.55554, 55.685068], [37.556712, 55.684661], [37.557791, 55.684297], [37.559269, 55.683786], [37.559637, 55.683658], [37.56001, 55.683529], [37.563477, 55.682338], [37.563709, 55.682259], [37.565847, 55.681531], [37.566412, 55.681333], [37.566709, 55.681238], [37.566956, 55.681152], [37.567017, 55.681131], [37.567146, 55.681088], [37.57127, 55.679658], [37.571889, 55.679445], [37.572009, 55.679404], [37.57226, 55.679318], [37.574168, 55.678665], [37.574445, 55.678568], [37.574602, 55.678513], [37.576144, 55.677982], [37.578369, 55.677209]], [[37.578409, 55.677248], [37.576186, 55.678021], [37.574644, 55.678551], [37.574489, 55.678606], [37.573975, 55.678781], [37.572301, 55.679357], [37.57205, 55.679443], [37.571929, 55.679485], [37.571312, 55.679697], [37.567439, 55.681039], [37.567058, 55.68117], [37.566997, 55.68119], [37.56675, 55.681276], [37.566452, 55.681372], [37.565732, 55.681617], [37.563756, 55.682295], [37.563518, 55.682377], [37.560052, 55.683567], [37.559678, 55.683697], [37.559311, 55.683824], [37.557723, 55.684366], [37.556882, 55.684643], [37.554754, 55.685378], [37.554512, 55.685461], [37.554465, 55.685478]], [[37.55728, 55.684098], [37.557367, 55.684192]], [[37.53695, 55.692144], [37.537093, 55.692225], [37.537135, 55.69225], [37.537199, 55.692277], [37.537275, 55.692291], [37.537317, 55.692294], [37.537355, 55.69229], [37.53743, 55.692273]], [[37.556303, 55.68419], [37.556909, 55.684006]], [[37.556265, 55.684151], [37.556871, 55.683966]], [[37.58492, 55.679788], [37.585077, 55.679836], [37.585218, 55.679857], [37.585348, 55.679861], [37.585501, 55.679847], [37.585676, 55.679829]], [[37.583617, 55.678424], [37.583002, 55.678201], [37.581756, 55.677775], [37.580934, 55.677494], [37.580579, 55.677373], [37.579993, 55.677172]], [[37.537714, 55.692111], [37.538165, 55.691855], [37.539406, 55.69115], [37.539615, 55.691031], [37.539699, 55.690982], [37.539709, 55.690977], [37.540032, 55.690794], [37.540165, 55.690718], [37.540425, 55.690566], [37.54265, 55.689296], [37.542774, 55.689219], [37.543785, 55.688645], [37.543946, 55.688555], [37.544228, 55.688393], [37.544451, 55.688266], [37.544705, 55.688122], [37.544804, 55.688062], [37.545015, 55.687952], [37.545246, 55.687815], [37.545447, 55.687702], [37.54548, 55.687682], [37.545496, 55.687674], [37.545662, 55.687577], [37.547159, 55.686679], [37.547551, 55.686455], [37.54768, 55.686382], [37.547944, 55.686231], [37.55006, 55.685023], [37.550889, 55.68454], [37.551391, 55.684247]], [[37.551448, 55.684273], [37.550939, 55.684566], [37.550437, 55.684855], [37.550103, 55.685047], [37.547818, 55.686358], [37.547745, 55.686399], [37.547599, 55.686483], [37.547209, 55.686707], [37.545714, 55.687612], [37.54555, 55.687707], [37.545536, 55.687714], [37.545505, 55.687733], [37.545308, 55.687855], [37.545062, 55.687983], [37.544905, 55.688071], [37.544756, 55.688156], [37.544512, 55.688295], [37.544284, 55.688425], [37.543841, 55.688677], [37.542835, 55.689248], [37.542697, 55.689327], [37.540482, 55.690597], [37.540088, 55.690825], [37.539928, 55.690916], [37.539765, 55.691009], [37.539756, 55.691014], [37.539673, 55.691062], [37.539463, 55.691182], [37.538235, 55.691879], [37.537771, 55.692143], [37.537486, 55.692305], [37.537305, 55.692418], [37.536945, 55.692643]], [[37.556909, 55.684006], [37.556939, 55.684004], [37.55697, 55.684003], [37.557001, 55.684004], [37.557031, 55.684006], [37.557061, 55.684009], [37.557091, 55.684014], [37.557119, 55.684021], [37.557147, 55.684028], [37.557173, 55.684037], [37.557198, 55.684047], [37.557221, 55.684058], [37.557243, 55.684071], [37.557262, 55.684084], [37.55728, 55.684098]], [[37.556234, 55.684471], [37.556212, 55.684417], [37.556203, 55.684398], [37.556198, 55.684378], [37.556195, 55.684357], [37.556196, 55.684337], [37.556199, 55.684317], [37.556206, 55.684297], [37.556215, 55.684278], [37.556227, 55.684259], [37.556243, 55.68424], [37.55626, 55.684222], [37.55628, 55.684206], [37.556303, 55.68419]], [[37.554465, 55.685478], [37.554392, 55.6855], [37.554307, 55.685516], [37.554282, 55.685517], [37.554176, 55.685522], [37.554132, 55.685517], [37.554094, 55.685513], [37.554081, 55.685512], [37.55403, 55.685505], [37.554014, 55.6855], [37.553955, 55.685484], [37.553885, 55.685459]], [[37.553935, 55.685435], [37.553989, 55.685453], [37.554047, 55.685466], [37.554077, 55.685471], [37.554112, 55.685477], [37.554163, 55.685482], [37.55418, 55.685483], [37.554296, 55.685477], [37.554369, 55.685464], [37.55444, 55.685448]], [[37.556882, 55.684643], [37.55674, 55.684658], [37.556712, 55.684661], [37.556545, 55.684642], [37.556463, 55.684618], [37.556351, 55.684567], [37.556234, 55.684471]], [[37.556234, 55.684471], [37.556158, 55.6844], [37.556136, 55.684376], [37.556132, 55.684352], [37.556131, 55.684317], [37.556133, 55.684284], [37.556143, 55.684265], [37.556158, 55.684238], [37.556169, 55.684223], [37.556175, 55.684211], [37.556192, 55.684196], [37.556211, 55.684178], [37.556238, 55.684166], [37.556265, 55.684151]], [[37.556871, 55.683966], [37.5569, 55.683963], [37.556928, 55.683961], [37.556957, 55.683961], [37.556986, 55.683962], [37.557014, 55.683964], [37.557042, 55.683968], [37.55707, 55.683973], [37.557096, 55.683979], [37.557122, 55.683987], [37.557146, 55.683995], [37.557169, 55.684005], [37.557191, 55.684016], [37.55721, 55.684028], [37.557229, 55.68404], [37.557245, 55.684054], [37.557259, 55.684068], [37.55727, 55.684083], [37.55728, 55.684098]], [[37.536945, 55.692643], [37.536917, 55.692661], [37.536743, 55.692768], [37.53672, 55.692778], [37.536696, 55.692788], [37.536671, 55.692796], [37.536644, 55.692802], [37.536617, 55.692808], [37.536588, 55.692812], [37.53656, 55.692815], [37.53653, 55.692816], [37.536501, 55.692816], [37.536472, 55.692814], [37.536443, 55.692811], [37.536415, 55.692807], [37.536388, 55.692806], [37.536364, 55.692799], [37.536336, 55.692792], [37.536289, 55.69278], [37.536246, 55.692765], [37.536196, 55.692749], [37.53613, 55.692709]], [[37.557367, 55.684192], [37.557421, 55.684236], [37.557494, 55.68427], [37.557583, 55.68429], [37.557677, 55.684301], [37.557791, 55.684297]], [[37.53613, 55.692709], [37.536049, 55.692623], [37.535989, 55.692541], [37.535975, 55.692524], [37.535965, 55.692507], [37.535957, 55.692489], [37.535951, 55.692471], [37.535949, 55.692453], [37.535949, 55.692435], [37.535952, 55.692417], [37.535958, 55.692399], [37.535967, 55.692381], [37.535978, 55.692364], [37.535992, 55.692347], [37.536009, 55.692332], [37.53636, 55.692126], [37.536434, 55.692102], [37.536481, 55.692095], [37.536529, 55.69209], [37.536578, 55.692088], [37.536627, 55.692088], [37.536676, 55.692089], [37.536724, 55.692093], [37.536772, 55.692099], [37.53695, 55.692144]], [[37.536917, 55.692661], [37.536751, 55.692715], [37.536648, 55.692734], [37.536568, 55.692744], [37.536486, 55.69274], [37.536409, 55.692724], [37.536306, 55.692674], [37.53617, 55.692608], [37.536147, 55.692595], [37.536124, 55.692585], [37.536104, 55.692571], [37.536084, 55.692555], [37.536069, 55.69254], [37.536057, 55.692528], [37.536047, 55.692515], [37.536039, 55.692502], [37.536033, 55.692488], [37.536029, 55.692474], [37.536027, 55.69246], [37.536027, 55.692446], [37.536029, 55.692432], [37.536034, 55.692418], [37.53604, 55.692405], [37.536049, 55.692391], [37.536059, 55.692378], [37.536072, 55.692366], [37.53645, 55.692145], [37.536482, 55.692139], [37.536514, 55.692134], [37.536547, 55.69213], [37.53658, 55.692129], [37.536613, 55.692129], [37.536646, 55.69213], [37.536679, 55.692133], [37.536711, 55.692138], [37.536742, 55.692145], [37.536772, 55.692152], [37.536801, 55.692162], [37.536829, 55.692172], [37.536854, 55.692184], [37.536878, 55.692198], [37.537013, 55.69227], [37.537054, 55.69229], [37.537124, 55.692317], [37.537206, 55.692329], [37.537247, 55.692331], [37.53729, 55.692325], [37.537368, 55.692306], [37.53743, 55.692273]], [[37.585565, 55.680117], [37.585508, 55.680045], [37.585499, 55.679979], [37.585513, 55.679924], [37.585582, 55.679866], [37.585676, 55.679829]], [[37.585565, 55.680117], [37.585499, 55.680061], [37.585375, 55.679994], [37.585167, 55.679914], [37.584784, 55.679793]], [[37.58624, 55.680313], [37.586042, 55.680331], [37.585958, 55.680323], [37.585882, 55.680302], [37.585819, 55.68027], [37.585625, 55.680093], [37.585585, 55.680039], [37.585576, 55.679984], [37.585586, 55.679936], [37.585643, 55.679874], [37.58578, 55.679811]], [[37.586502, 55.680022], [37.586558, 55.680103], [37.586571, 55.680166], [37.586551, 55.680216], [37.586513, 55.680264], [37.586441, 55.680311], [37.586332, 55.680347], [37.586209, 55.680374], [37.586031, 55.6804], [37.585814, 55.680417]], [[37.586158, 55.680339], [37.586013, 55.680361], [37.585923, 55.680356], [37.585855, 55.680345], [37.585796, 55.680324], [37.58575, 55.680293], [37.585587, 55.680138]], [[37.585676, 55.679829], [37.58578, 55.679811], [37.585915, 55.679786], [37.586098, 55.679786], [37.586232, 55.679809], [37.586326, 55.679853], [37.586502, 55.680022]], [[37.585814, 55.680417], [37.585686, 55.680415], [37.585584, 55.680398], [37.58548, 55.680361], [37.585368, 55.680298], [37.585235, 55.680175], [37.584896, 55.679879], [37.584784, 55.679793]], [[37.586158, 55.680339], [37.586069, 55.680371], [37.58596, 55.680398], [37.585814, 55.680417]], [[37.580018, 55.677141], [37.580609, 55.677344], [37.580963, 55.677466], [37.581787, 55.677748], [37.583031, 55.678176], [37.583654, 55.678389]], [[37.601848, 55.69184], [37.600741, 55.691413]], [[37.600775, 55.691385], [37.601883, 55.691811]], [[37.595468, 55.68804], [37.595186, 55.687774], [37.594485, 55.687114], [37.593587, 55.686268], [37.593473, 55.686161], [37.593442, 55.686131]], [[37.606404, 55.711776], [37.6064, 55.711764], [37.606378, 55.711704], [37.606364, 55.711664]], [[37.606601, 55.712197], [37.606683, 55.712432], [37.606703, 55.71249], [37.606795, 55.712735], [37.607036, 55.713364], [37.607296, 55.714044], [37.607461, 55.714494], [37.607516, 55.714634], [37.607863, 55.715519], [37.607901, 55.71562], [37.607943, 55.715734], [37.608088, 55.716123], [37.608238, 55.716526], [37.608298, 55.716687], [37.608319, 55.716742], [37.608352, 55.716826], [37.608613, 55.717495], [37.608729, 55.717796], [37.609007, 55.718539], [37.609141, 55.718907], [37.609174, 55.718989], [37.609335, 55.719415], [37.609417, 55.719632], [37.609681, 55.720299], [37.609915, 55.720893], [37.610019, 55.721159], [37.61012, 55.721424], [37.6103, 55.721904], [37.610335, 55.722], [37.610487, 55.722411], [37.610549, 55.722583], [37.610673, 55.722918], [37.61071, 55.723019], [37.61078, 55.723212], [37.610868, 55.723456], [37.61094, 55.723696]], [[37.612149, 55.726889], [37.612219, 55.726893], [37.61227, 55.726901], [37.612313, 55.72691], [37.612358, 55.726923], [37.612386, 55.726933], [37.612411, 55.726944], [37.612433, 55.726956], [37.612456, 55.726969], [37.612478, 55.726984], [37.612496, 55.726999], [37.612515, 55.727017], [37.612531, 55.727036], [37.612541, 55.727053], [37.612554, 55.727081], [37.61256, 55.727106], [37.61256, 55.727135], [37.612556, 55.727158], [37.612549, 55.72718], [37.612536, 55.727202], [37.612518, 55.727226], [37.612493, 55.727249], [37.612472, 55.727265], [37.612448, 55.727281], [37.612419, 55.727297], [37.61239, 55.727311], [37.612342, 55.727328], [37.612281, 55.727343], [37.612217, 55.727353], [37.612135, 55.727357]], [[37.606238, 55.711223], [37.606296, 55.711299], [37.606342, 55.71134], [37.606354, 55.711351], [37.606408, 55.711388], [37.606652, 55.711493]], [[37.605984, 55.711287], [37.606108, 55.711338], [37.606157, 55.71136], [37.606287, 55.711457], [37.606324, 55.71149], [37.606356, 55.711527], [37.606381, 55.711572]], [[37.554465, 55.685478], [37.554349, 55.685533], [37.55431, 55.685562], [37.554285, 55.685597], [37.554281, 55.685609], [37.554273, 55.685633], [37.554271, 55.685666], [37.554291, 55.685711], [37.554321, 55.685754]], [[37.60748, 55.711604], [37.608264, 55.711582], [37.609985, 55.711535], [37.613164, 55.711446], [37.613294, 55.711443], [37.615717, 55.711375], [37.617637, 55.711322], [37.619728, 55.711264], [37.620802, 55.711234]], [[37.606404, 55.711776], [37.606404, 55.711763], [37.606404, 55.711709], [37.606415, 55.711668], [37.606439, 55.711627], [37.606488, 55.71159], [37.606558, 55.711561], [37.606629, 55.711547], [37.606669, 55.711542], [37.606699, 55.711542], [37.606752, 55.71154], [37.606806, 55.711543], [37.606951, 55.711553]], [[37.606901, 55.711979], [37.606794, 55.711982], [37.606774, 55.711983], [37.606741, 55.711982], [37.606693, 55.71198], [37.606626, 55.711969], [37.606567, 55.711953], [37.606562, 55.711951], [37.606506, 55.711928], [37.606472, 55.711901], [37.606427, 55.711841]], [[37.55427, 55.685768], [37.554232, 55.685713], [37.554205, 55.685658], [37.554205, 55.685621], [37.554206, 55.685619], [37.554207, 55.685613], [37.554215, 55.685585], [37.554244, 55.685545], [37.554282, 55.685517], [37.554294, 55.685508], [37.554359, 55.685476], [37.55444, 55.685448]], [[37.606901, 55.711979], [37.606808, 55.711988], [37.606797, 55.711991], [37.60676, 55.711999], [37.60672, 55.71201], [37.606662, 55.712037], [37.606616, 55.71208], [37.606614, 55.712087], [37.606598, 55.712134], [37.606601, 55.712197]], [[37.605984, 55.711287], [37.606148, 55.711334], [37.606252, 55.711375], [37.606316, 55.711399], [37.606484, 55.711453], [37.606652, 55.711493]], [[37.606238, 55.711223], [37.606316, 55.711399], [37.606347, 55.711483], [37.606381, 55.711572]], [[37.580244, 55.702338], [37.580192, 55.702308], [37.580088, 55.702249], [37.579445, 55.701887], [37.578402, 55.701296], [37.577552, 55.700809], [37.576853, 55.700409], [37.575248, 55.699489], [37.574937, 55.699314], [37.57472, 55.699194], [37.573823, 55.698682], [37.572088, 55.697688], [37.571294, 55.697233], [37.571208, 55.697184], [37.571079, 55.697108], [37.57096, 55.697039], [37.56939, 55.696155], [37.566783, 55.694686], [37.566687, 55.694632], [37.566522, 55.694538], [37.5663, 55.694421], [37.566152, 55.694334], [37.564639, 55.693476], [37.563737, 55.692962], [37.562856, 55.692458], [37.562326, 55.692154]], [[37.620946, 55.711582], [37.618197, 55.711656], [37.617663, 55.711672], [37.61573, 55.711725], [37.613818, 55.711778], [37.613693, 55.711781], [37.610008, 55.711887], [37.606901, 55.711979]], [[37.621805, 55.701677], [37.621853, 55.701717], [37.621905, 55.701748], [37.621967, 55.701777], [37.622061, 55.7018], [37.622171, 55.701815]], [[37.62289, 55.704456], [37.622768, 55.704391], [37.622631, 55.704312], [37.622507, 55.704229], [37.622397, 55.704143], [37.622296, 55.704055], [37.622204, 55.703962], [37.62214, 55.703862], [37.622082, 55.70377], [37.622038, 55.703659], [37.622013, 55.703562], [37.621953, 55.703091], [37.621941, 55.702999], [37.621943, 55.702925], [37.621955, 55.702875], [37.621972, 55.70283], [37.621992, 55.702776], [37.622011, 55.702723], [37.622036, 55.702629], [37.622042, 55.70256], [37.622034, 55.702492], [37.622014, 55.702424], [37.621957, 55.702265], [37.621873, 55.702032]], [[37.624035, 55.711441], [37.624213, 55.711424], [37.624305, 55.711397], [37.62436, 55.711379], [37.624406, 55.711354], [37.624471, 55.711302], [37.624501, 55.711235]], [[37.622047, 55.702781], [37.622023, 55.702835], [37.622007, 55.702881], [37.622, 55.702926], [37.621997, 55.702972], [37.622003, 55.703037], [37.622007, 55.703096], [37.622082, 55.703563], [37.622115, 55.703664], [37.622154, 55.703758], [37.622211, 55.703848], [37.622276, 55.703941], [37.622364, 55.704032], [37.622463, 55.704117], [37.622569, 55.704201], [37.622689, 55.704283], [37.62282, 55.704359], [37.622919, 55.704415]], [[37.621873, 55.702032], [37.621883, 55.701984], [37.6219, 55.701944], [37.621951, 55.701899], [37.621999, 55.701869], [37.622071, 55.701842], [37.622171, 55.701815]], [[37.622588, 55.702291], [37.622517, 55.702333], [37.622452, 55.702354], [37.622388, 55.702371], [37.622309, 55.702384], [37.622232, 55.702385], [37.622166, 55.702378], [37.622097, 55.702357], [37.622037, 55.702331], [37.621957, 55.702265]], [[37.624975, 55.711499], [37.624034, 55.711476]], [[37.624035, 55.711441], [37.624332, 55.711448], [37.624679, 55.711452], [37.624984, 55.711456]], [[37.624572, 55.711239], [37.624519, 55.711341], [37.624472, 55.711383], [37.624409, 55.711416], [37.624332, 55.711448], [37.624224, 55.711462], [37.624034, 55.711476]], [[37.624975, 55.711499], [37.624783, 55.711477], [37.624679, 55.711452], [37.624604, 55.711422], [37.624549, 55.711383], [37.624519, 55.711341], [37.624501, 55.711235]], [[37.624572, 55.711239], [37.624578, 55.711316], [37.6246, 55.711359], [37.62464, 55.711392], [37.624721, 55.711421], [37.624797, 55.711436], [37.624984, 55.711456]], [[37.624984, 55.711456], [37.625422, 55.711458], [37.626042, 55.711462], [37.626317, 55.711465], [37.627168, 55.711473], [37.627294, 55.711474], [37.627363, 55.711475], [37.627401, 55.711476], [37.629425, 55.711542], [37.630655, 55.711577], [37.631193, 55.711593], [37.63158, 55.711604], [37.631974, 55.711615]], [[37.631971, 55.711653], [37.631577, 55.711645], [37.631081, 55.711631], [37.630651, 55.711616], [37.629417, 55.711582], [37.627401, 55.711521], [37.627361, 55.71152], [37.627294, 55.711519], [37.627168, 55.711518], [37.626263, 55.71151], [37.62604, 55.711507], [37.624975, 55.711499]], [[37.639046, 55.764321], [37.640521, 55.763547], [37.641408, 55.763067], [37.641478, 55.763029], [37.641838, 55.762814], [37.642897, 55.76209]], [[37.643814, 55.762533], [37.64232, 55.763345], [37.642132, 55.763444], [37.640819, 55.764066], [37.639625, 55.764609]], [[37.632934, 55.743472], [37.633494, 55.743742], [37.634076, 55.744086]], [[37.635283, 55.744863], [37.634828, 55.744589]], [[37.634867, 55.744559], [37.635317, 55.744839]], [[37.636164, 55.745409], [37.637235, 55.746086]], [[37.634027, 55.744121], [37.633439, 55.743775], [37.632885, 55.743508]], [[37.637476, 55.746239], [37.639841, 55.747925]], [[37.639801, 55.747942], [37.637437, 55.74626]], [[37.637197, 55.746107], [37.636131, 55.745426]], [[37.610883, 55.723699], [37.610811, 55.72346], [37.610726, 55.723217], [37.610656, 55.723025], [37.610528, 55.72268], [37.610433, 55.722418], [37.610279, 55.722003], [37.610246, 55.72191], [37.610071, 55.721429], [37.609966, 55.721166], [37.609862, 55.7209], [37.609627, 55.720306], [37.609364, 55.719638], [37.609281, 55.719422], [37.609121, 55.718996], [37.608985, 55.718631], [37.608954, 55.718545], [37.608677, 55.717802], [37.608559, 55.717501], [37.608298, 55.716831], [37.608241, 55.71668], [37.608184, 55.716531], [37.60789, 55.71574], [37.607846, 55.715623], [37.60781, 55.715525], [37.607469, 55.714667], [37.607409, 55.7145], [37.607274, 55.714141], [37.60724, 55.714051], [37.606979, 55.713371], [37.606737, 55.712742], [37.606625, 55.712438], [37.606536, 55.712199], [37.60648, 55.712017], [37.606427, 55.711841]], [[37.644719, 55.760065], [37.644789, 55.760021], [37.644853, 55.759997], [37.644934, 55.759983], [37.644976, 55.759984], [37.645049, 55.759988], [37.645727, 55.760081], [37.645787, 55.760101], [37.645815, 55.760115], [37.645823, 55.760121], [37.645885, 55.760163], [37.645899, 55.760188], [37.645924, 55.760259]], [[37.606427, 55.711841], [37.606404, 55.711776]], [[37.606381, 55.711572], [37.606415, 55.711668], [37.606447, 55.711759], [37.606506, 55.711928], [37.606537, 55.712015], [37.606601, 55.712197]], [[37.621805, 55.701677], [37.6219, 55.701944], [37.622037, 55.702331], [37.622075, 55.702442], [37.622091, 55.702547], [37.622091, 55.702614], [37.622078, 55.702684], [37.622047, 55.702781]], [[37.624323, 55.682009], [37.624295, 55.682096], [37.624015, 55.683192], [37.623857, 55.683794], [37.623793, 55.684047], [37.62377, 55.684134], [37.623642, 55.684641], [37.623572, 55.684922], [37.623453, 55.685402], [37.623134, 55.686691]], [[37.623074, 55.686684], [37.623394, 55.685395], [37.623509, 55.684918], [37.623677, 55.684282], [37.623718, 55.684129], [37.623802, 55.68379], [37.623958, 55.683163], [37.624233, 55.682116], [37.624263, 55.682006]], [[37.624263, 55.682006], [37.624365, 55.681857], [37.624408, 55.681833], [37.624427, 55.681822], [37.624458, 55.681809], [37.624567, 55.681777], [37.624681, 55.681753], [37.624943, 55.681709]], [[37.624919, 55.681749], [37.62469, 55.681783], [37.624591, 55.681805], [37.624499, 55.681834], [37.624466, 55.681849], [37.624454, 55.681854], [37.624384, 55.681913], [37.624323, 55.682009]], [[37.690873, 55.685377], [37.691172, 55.685503], [37.691537, 55.685599], [37.69165, 55.685617], [37.691811, 55.685643]], [[37.606652, 55.711493], [37.606703, 55.711505], [37.606951, 55.711553]], [[37.601883, 55.691811], [37.601993, 55.691854], [37.602074, 55.691886], [37.602613, 55.692078], [37.602867, 55.692172], [37.603684, 55.692475], [37.60471, 55.692854], [37.604773, 55.692878], [37.605037, 55.692979], [37.607541, 55.693947], [37.607641, 55.693986], [37.608194, 55.694199], [37.608327, 55.694248]], [[37.624263, 55.682006], [37.624328, 55.681804], [37.624442, 55.681453]], [[37.624492, 55.681457], [37.62444, 55.681606], [37.624375, 55.681823], [37.624365, 55.681857], [37.624323, 55.682009]], [[37.625386, 55.678689], [37.62557, 55.678182], [37.625603, 55.678095], [37.625625, 55.678037], [37.625659, 55.677937], [37.625972, 55.677006], [37.626404, 55.675784]], [[37.624115, 55.667725], [37.624153, 55.667779], [37.624551, 55.668218], [37.62492, 55.668701], [37.625225, 55.669048], [37.625505, 55.669372]], [[37.624492, 55.681457], [37.624487, 55.681553], [37.624513, 55.681612], [37.624535, 55.681641], [37.624569, 55.681666], [37.624621, 55.681693], [37.624685, 55.68171], [37.624767, 55.681717], [37.624943, 55.681709]], [[37.624919, 55.681749], [37.624681, 55.681753], [37.624593, 55.681732], [37.624522, 55.681696], [37.624471, 55.681653], [37.62444, 55.681606], [37.624425, 55.681546], [37.624442, 55.681453]], [[37.625213, 55.679317], [37.62484, 55.68039], [37.624679, 55.680885], [37.624657, 55.680951], [37.624492, 55.681457]], [[37.624442, 55.681453], [37.6246, 55.680946], [37.624784, 55.680385], [37.625203, 55.679203], [37.625386, 55.678689]], [[37.650584, 55.728371], [37.649912, 55.728534], [37.649771, 55.728568], [37.646832, 55.72928], [37.646135, 55.729448], [37.645893, 55.729507], [37.645009, 55.729729]], [[37.651807, 55.727857], [37.651338, 55.727641]], [[37.665903, 55.732128], [37.665328, 55.731777], [37.665005, 55.731641], [37.664786, 55.731586], [37.664183, 55.731468]], [[37.655723, 55.729589], [37.653332, 55.728536]], [[37.651379, 55.727615], [37.651847, 55.727829]], [[37.651847, 55.727829], [37.651948, 55.727879]], [[37.6577, 55.730053], [37.656053, 55.729678]], [[37.656079, 55.729648], [37.657723, 55.730026]], [[37.657723, 55.730026], [37.658421, 55.730185], [37.658796, 55.730266], [37.65957, 55.730435], [37.660114, 55.73056], [37.660235, 55.730588], [37.660382, 55.730618], [37.660574, 55.730657], [37.660704, 55.730684], [37.660819, 55.730707], [37.660955, 55.730735], [37.661161, 55.730777], [37.661353, 55.730821]], [[37.666159, 55.731774], [37.666801, 55.731878], [37.666968, 55.731928], [37.667099, 55.731993], [37.667351, 55.732196], [37.66749, 55.732336], [37.667614, 55.732453], [37.667972, 55.732749]], [[37.661303, 55.730847], [37.660933, 55.730769], [37.660796, 55.73074], [37.660681, 55.730716], [37.660552, 55.730688], [37.660216, 55.730618], [37.659593, 55.730475], [37.658777, 55.730295], [37.658399, 55.730211], [37.6577, 55.730053]], [[37.666159, 55.731774], [37.66645, 55.731836], [37.666512, 55.731865], [37.666561, 55.731895], [37.666595, 55.731933], [37.666616, 55.731976], [37.666627, 55.732015], [37.666616, 55.732069], [37.666581, 55.732115], [37.666519, 55.732162], [37.666388, 55.732206], [37.666264, 55.732217], [37.66616, 55.732204], [37.665903, 55.732128]], [[37.664068, 55.731409], [37.664208, 55.731437], [37.66443, 55.731482], [37.664836, 55.731563], [37.665171, 55.731633], [37.666159, 55.731774]], [[37.619154, 55.663679], [37.620597, 55.663481], [37.621105, 55.663426], [37.621586, 55.663436], [37.621789, 55.663469], [37.622072, 55.663534], [37.622966, 55.66375], [37.62318, 55.663835], [37.623472, 55.663999]], [[37.623963, 55.665999], [37.623917, 55.665194], [37.6239, 55.664836], [37.62388, 55.664604], [37.623785, 55.664403], [37.623635, 55.664216], [37.623407, 55.664033]], [[37.605577, 55.644638], [37.605562, 55.644542], [37.605531, 55.64448], [37.605461, 55.644434], [37.605376, 55.644402], [37.605272, 55.644382], [37.605182, 55.64438], [37.605163, 55.644379], [37.604952, 55.644378]], [[37.604952, 55.644378], [37.604822, 55.64435], [37.60471, 55.644329], [37.604615, 55.644289], [37.604548, 55.644234], [37.604517, 55.64417], [37.604524, 55.643593], [37.604559, 55.643521], [37.604622, 55.643466], [37.604729, 55.643415], [37.604865, 55.643388], [37.605056, 55.643358]], [[37.604804, 55.644377], [37.604714, 55.644363], [37.604621, 55.644349], [37.604541, 55.644319], [37.604483, 55.644276], [37.604452, 55.644224], [37.604453, 55.64417], [37.60445, 55.643851]], [[37.617692, 55.663881], [37.616582, 55.66401]], [[37.616571, 55.663977], [37.617681, 55.663843]], [[37.614186, 55.664011], [37.613768, 55.663679], [37.613616, 55.663559], [37.613607, 55.663551], [37.613538, 55.663491], [37.613464, 55.663427], [37.613454, 55.663419], [37.613364, 55.663344], [37.613166, 55.663188], [37.613116, 55.663149], [37.612817, 55.662905], [37.612583, 55.662716], [37.611876, 55.662134], [37.61057, 55.661057], [37.61042, 55.660933], [37.610317, 55.660848], [37.610112, 55.660679], [37.609809, 55.660418], [37.6083, 55.659169], [37.608062, 55.658972], [37.608001, 55.658923], [37.607782, 55.658744]], [[37.607122, 55.658154], [37.607958, 55.658826], [37.60805, 55.658902], [37.60835, 55.65915], [37.609862, 55.6604], [37.610178, 55.660664], [37.610374, 55.660827], [37.610481, 55.660916], [37.610614, 55.661026], [37.611923, 55.662115], [37.612862, 55.662886], [37.613008, 55.663005], [37.613213, 55.663171], [37.613408, 55.663328], [37.613512, 55.663413], [37.613658, 55.663531], [37.613686, 55.663553], [37.613837, 55.663673], [37.614234, 55.663988]], [[37.605411, 55.65347], [37.605414, 55.653388], [37.605418, 55.653075], [37.605418, 55.652962], [37.60545, 55.651062], [37.605459, 55.65064], [37.60549, 55.649178], [37.605493, 55.64906], [37.605497, 55.648861], [37.605503, 55.648625], [37.605515, 55.648148]], [[37.82307, 55.794196], [37.823061, 55.79429], [37.823028, 55.794334], [37.82295, 55.794375], [37.822807, 55.794417], [37.822646, 55.794429], [37.822488, 55.794411], [37.822349, 55.794364], [37.822247, 55.794293], [37.822192, 55.794207], [37.822204, 55.793918], [37.822202, 55.793811], [37.822189, 55.793765]], [[37.799228, 55.793232], [37.799455, 55.793231], [37.799751, 55.793232], [37.800666, 55.793251], [37.80093, 55.793256], [37.801423, 55.793266], [37.802451, 55.793282], [37.803362, 55.793297], [37.803452, 55.793298], [37.804298, 55.793312], [37.80519, 55.793327], [37.805422, 55.79333], [37.805578, 55.793333], [37.805757, 55.793337], [37.806576, 55.793352], [37.806847, 55.793357], [37.807811, 55.793375], [37.808789, 55.793392], [37.809458, 55.793404], [37.810141, 55.793417], [37.810266, 55.79342], [37.810486, 55.793425], [37.811512, 55.793443], [37.81228, 55.793456], [37.81253, 55.793461], [37.81264, 55.793463], [37.812808, 55.793466], [37.813074, 55.793471], [37.813382, 55.793477], [37.81379, 55.793485], [37.814631, 55.793501], [37.814745, 55.793502], [37.815552, 55.793513], [37.8165, 55.79353], [37.817226, 55.79354]], [[37.82246, 55.79422], [37.822401, 55.794166], [37.82238, 55.79412], [37.822379, 55.793976], [37.822361, 55.793924], [37.822325, 55.793851]], [[37.82307, 55.794196], [37.823008, 55.79428], [37.822906, 55.794342], [37.822784, 55.794378], [37.822649, 55.794388], [37.822514, 55.794373], [37.822397, 55.794333], [37.82231, 55.794273], [37.82226, 55.794194], [37.822266, 55.793919], [37.822251, 55.793828], [37.822189, 55.793765]], [[37.817218, 55.793571], [37.816497, 55.793563], [37.81555, 55.793548], [37.81474, 55.793533], [37.81463, 55.793532], [37.813789, 55.793517], [37.81307, 55.793504], [37.812805, 55.793497], [37.812638, 55.793495], [37.812528, 55.793493], [37.811848, 55.793481], [37.811511, 55.793474], [37.810484, 55.793455], [37.810266, 55.793449], [37.810139, 55.793447], [37.809455, 55.793435], [37.809329, 55.793433], [37.808787, 55.793424], [37.807807, 55.793407], [37.806845, 55.79339], [37.806038, 55.793376], [37.805755, 55.793371], [37.805577, 55.793368], [37.805422, 55.793366], [37.805167, 55.793361], [37.804523, 55.793349], [37.804297, 55.793345], [37.803452, 55.793331], [37.80336, 55.793329], [37.802449, 55.793312], [37.8022, 55.793307], [37.800928, 55.793288], [37.800133, 55.793275], [37.799748, 55.793268], [37.799454, 55.793265], [37.799228, 55.793265]], [[37.717738, 55.783702], [37.717828, 55.783701], [37.717892, 55.783703], [37.718005, 55.78372], [37.718062, 55.783743], [37.718101, 55.783767], [37.718122, 55.783788], [37.718145, 55.783817], [37.718162, 55.78385], [37.718168, 55.783881], [37.718169, 55.783912]], [[37.716345, 55.78381], [37.716493, 55.783798], [37.71669, 55.783783], [37.717041, 55.783757], [37.717074, 55.783754]], [[37.714237, 55.784881], [37.714255, 55.784732], [37.714309, 55.784289], [37.714324, 55.78415]], [[37.720624, 55.779494], [37.720603, 55.778925]], [[37.717738, 55.783702], [37.71789, 55.783689], [37.71798, 55.783678], [37.718032, 55.783667], [37.718056, 55.783662], [37.718136, 55.783639], [37.718155, 55.783627], [37.718203, 55.783598], [37.718243, 55.783554]], [[37.717703, 55.785275], [37.717668, 55.785346], [37.717617, 55.785396], [37.717585, 55.785417], [37.717551, 55.785434], [37.717495, 55.785449], [37.717444, 55.78546], [37.717391, 55.785467], [37.717335, 55.785467], [37.717038, 55.785443]], [[37.717498, 55.78577], [37.717491, 55.785703], [37.71748, 55.785626], [37.717474, 55.785599], [37.71745, 55.785567], [37.717406, 55.785534], [37.717328, 55.785495], [37.717303, 55.785488], [37.71727, 55.785479], [37.7172, 55.785466], [37.717038, 55.785443]], [[37.719448, 55.782246], [37.719321, 55.782233], [37.71925, 55.782221], [37.719166, 55.782202], [37.719117, 55.782183], [37.719042, 55.782153], [37.718989, 55.782128], [37.718971, 55.78212], [37.718928, 55.782093], [37.718904, 55.782078], [37.718859, 55.782045], [37.718845, 55.782035], [37.71878, 55.781966], [37.718732, 55.78188]], [[37.718243, 55.783554], [37.718294, 55.783423], [37.718363, 55.783247], [37.718493, 55.78293]], [[37.718798, 55.781874], [37.718838, 55.781948], [37.718895, 55.782017], [37.718909, 55.782027], [37.718953, 55.782057], [37.719017, 55.782095], [37.719064, 55.782117], [37.719077, 55.782123], [37.719141, 55.782149], [37.719265, 55.782191], [37.719349, 55.782205], [37.719453, 55.782217]], [[37.718169, 55.783912], [37.718168, 55.783915], [37.718073, 55.784161], [37.717976, 55.784421], [37.717859, 55.784772], [37.717737, 55.78516], [37.717703, 55.785275]], [[37.718552, 55.78294], [37.718421, 55.783255], [37.71832, 55.783506], [37.718299, 55.783559]], [[37.715083, 55.783899], [37.715251, 55.783864], [37.715408, 55.783832], [37.716334, 55.783765]], [[37.718736, 55.782375], [37.718782, 55.782248], [37.718795, 55.782206], [37.7188, 55.782176], [37.718803, 55.78216], [37.718797, 55.782102], [37.718732, 55.78188]], [[37.717652, 55.78527], [37.717684, 55.785156], [37.717803, 55.784767], [37.717922, 55.784415], [37.71802, 55.784157], [37.718112, 55.783909]], [[37.718798, 55.781874], [37.718859, 55.782045], [37.718877, 55.782097], [37.718882, 55.782151], [37.718883, 55.782162], [37.718874, 55.782212], [37.718863, 55.782251], [37.718858, 55.78226], [37.718811, 55.782349], [37.718794, 55.782387]], [[37.747223, 55.786408], [37.74598, 55.78572]], [[37.715632, 55.759929], [37.713795, 55.760635], [37.713678, 55.760681], [37.713229, 55.760856], [37.712999, 55.760945], [37.712719, 55.761053], [37.712498, 55.761137], [37.712309, 55.761213], [37.712039, 55.761317], [37.711821, 55.7614], [37.710394, 55.761947], [37.708172, 55.762808], [37.707977, 55.762884], [37.707897, 55.76292], [37.706775, 55.763381]], [[37.703367, 55.770253], [37.70317, 55.770195], [37.702852, 55.770093], [37.702708, 55.770033], [37.702582, 55.769968], [37.702439, 55.769881]], [[37.715261, 55.753757], [37.715456, 55.753799], [37.715613, 55.753822], [37.715685, 55.753835], [37.715716, 55.753844], [37.715773, 55.753863], [37.715815, 55.753882], [37.71584, 55.753902], [37.715867, 55.753922], [37.715874, 55.753928], [37.715899, 55.753963], [37.715908, 55.753984], [37.715911, 55.753992], [37.715914, 55.754003], [37.715922, 55.75403]], [[37.715444, 55.753818], [37.714763, 55.753679], [37.714244, 55.753581], [37.713867, 55.75351], [37.713417, 55.753425], [37.712377, 55.753228]], [[37.706587, 55.754958], [37.706188, 55.755089], [37.701705, 55.756572], [37.699418, 55.757314], [37.699275, 55.757361], [37.699085, 55.757425], [37.698755, 55.757533], [37.698579, 55.75759], [37.69574, 55.758533], [37.695683, 55.758552], [37.694289, 55.759022], [37.694003, 55.759118], [37.693836, 55.759176], [37.693255, 55.759374], [37.692983, 55.759467], [37.692807, 55.759527], [37.692414, 55.759668], [37.691388, 55.760034], [37.690159, 55.760477], [37.688475, 55.761075], [37.688022, 55.761236], [37.68784, 55.761303], [37.687183, 55.761547]], [[37.687157, 55.761535], [37.687815, 55.761281], [37.688202, 55.76114], [37.688449, 55.761052], [37.690132, 55.760452], [37.691359, 55.760009], [37.69278, 55.759499], [37.692953, 55.759441], [37.693808, 55.759149], [37.693975, 55.759093], [37.694259, 55.758997], [37.694839, 55.758801], [37.694923, 55.758773], [37.695655, 55.758528], [37.695714, 55.758508], [37.699059, 55.757399], [37.699247, 55.757336], [37.699389, 55.757288], [37.699614, 55.757213], [37.699958, 55.757097], [37.700035, 55.757073], [37.70167, 55.756537], [37.706164, 55.755066], [37.706566, 55.754932]], [[37.712182, 55.752799], [37.712403, 55.7524], [37.712777, 55.751797], [37.713002, 55.751429], [37.713076, 55.751308], [37.713146, 55.751179]], [[37.686637, 55.76174], [37.686278, 55.761871]], [[37.68625, 55.761847], [37.686613, 55.761717]], [[37.711767, 55.753146], [37.711911, 55.753084], [37.712001, 55.75304], [37.712049, 55.75299], [37.712089, 55.752945], [37.712121, 55.752899], [37.712182, 55.752799]], [[37.712235, 55.752809], [37.712178, 55.752908], [37.712148, 55.752955], [37.712117, 55.753006], [37.71209, 55.75303], [37.712076, 55.753042], [37.712064, 55.753053], [37.711973, 55.753097], [37.711896, 55.753128], [37.71179, 55.753165]], [[37.712235, 55.752809], [37.712215, 55.752869], [37.712208, 55.752913], [37.712204, 55.752988], [37.712221, 55.753055], [37.712244, 55.753101], [37.712253, 55.753119], [37.71231, 55.753154], [37.712402, 55.75321]], [[37.712377, 55.753228], [37.712301, 55.753187], [37.712292, 55.753182], [37.712221, 55.753143], [37.712173, 55.753072], [37.712147, 55.753014], [37.712148, 55.752955], [37.712148, 55.752952], [37.712149, 55.752903], [37.712157, 55.752867], [37.712182, 55.752799]], [[37.711767, 55.753146], [37.711832, 55.753133], [37.711896, 55.753128], [37.711987, 55.753136], [37.712088, 55.753148], [37.71229, 55.753185], [37.712301, 55.753187], [37.712402, 55.75321]], [[37.712377, 55.753228], [37.712276, 55.753208], [37.712144, 55.753181], [37.711974, 55.753161], [37.711833, 55.753157], [37.71179, 55.753165]], [[37.687183, 55.761547], [37.687154, 55.761556], [37.687124, 55.761563], [37.687094, 55.761569], [37.687062, 55.761573], [37.68704, 55.761574], [37.686997, 55.761576], [37.686965, 55.761575], [37.686932, 55.761573], [37.686901, 55.76157], [37.686875, 55.761565], [37.686839, 55.761558], [37.68681, 55.761549], [37.686782, 55.76154], [37.686752, 55.761527], [37.686734, 55.761518], [37.686709, 55.761504], [37.686686, 55.761488]], [[37.686613, 55.761717], [37.686633, 55.761706], [37.68665, 55.761694], [37.686667, 55.761682], [37.686681, 55.761668], [37.686693, 55.761654], [37.686703, 55.76164], [37.686709, 55.761629], [37.686717, 55.76161], [37.68672, 55.761594], [37.686721, 55.761578], [37.68672, 55.761563], [37.686717, 55.761547], [37.686711, 55.761532], [37.686703, 55.761517], [37.686686, 55.761488]], [[37.686737, 55.761491], [37.686733, 55.761491], [37.686744, 55.761509], [37.686752, 55.761527], [37.686758, 55.761549], [37.68676, 55.761566], [37.68676, 55.761585], [37.686755, 55.761611], [37.686751, 55.761623], [37.686742, 55.761642], [37.686731, 55.76166], [37.686717, 55.761678], [37.68671, 55.761685], [37.6867, 55.761695], [37.686681, 55.761711], [37.68666, 55.761726], [37.686637, 55.76174]], [[37.687183, 55.761547], [37.686939, 55.761635], [37.686832, 55.761673], [37.686637, 55.76174]], [[37.686737, 55.761491], [37.686774, 55.761512], [37.686806, 55.761522], [37.686838, 55.76153], [37.686872, 55.761537], [37.686907, 55.761542], [37.686931, 55.761545], [37.686978, 55.761548], [37.687014, 55.761548], [37.68705, 55.761547], [37.687085, 55.761544], [37.68712, 55.76154], [37.687157, 55.761535]], [[37.686613, 55.761717], [37.68671, 55.761685], [37.686821, 55.761647], [37.68704, 55.761574], [37.687157, 55.761535]], [[37.588609, 55.595247], [37.58869, 55.595211], [37.588798, 55.595171], [37.588917, 55.595143], [37.589017, 55.595126], [37.590968, 55.59481], [37.591079, 55.594806], [37.591183, 55.594814], [37.591305, 55.594831], [37.591382, 55.594852], [37.591471, 55.594883]], [[37.5923, 55.614546], [37.592238, 55.614432], [37.592176, 55.614356], [37.592089, 55.61428], [37.591722, 55.61407], [37.591606, 55.614001], [37.591504, 55.61394], [37.591208, 55.613836], [37.590681, 55.613725], [37.590162, 55.613593], [37.590043, 55.613519], [37.590002, 55.613469], [37.589982, 55.613414], [37.589984, 55.61335], [37.590017, 55.613286], [37.590102, 55.6132], [37.590234, 55.613145], [37.590406, 55.61312], [37.590551, 55.613126], [37.590676, 55.61314], [37.590856, 55.613208], [37.590985, 55.613299], [37.591234, 55.613495], [37.59152, 55.613735], [37.591855, 55.614021], [37.592002, 55.614137], [37.592059, 55.614182], [37.592238, 55.614343], [37.592308, 55.614428], [37.592365, 55.614522]], [[37.595419, 55.623525], [37.595345, 55.623366], [37.5953, 55.623277], [37.595173, 55.623026], [37.594362, 55.621323], [37.594244, 55.621039], [37.593945, 55.620192], [37.593836, 55.61978], [37.59376, 55.619518], [37.593493, 55.618608], [37.593404, 55.618305], [37.593368, 55.618181], [37.593346, 55.618106], [37.592873, 55.616495], [37.592865, 55.616465], [37.592387, 55.614847], [37.592376, 55.614807], [37.592334, 55.614662], [37.5923, 55.614546], [37.592238, 55.614343], [37.592, 55.613567], [37.591881, 55.613175], [37.591812, 55.61295], [37.591656, 55.612332], [37.5916, 55.612111], [37.59155, 55.611903], [37.5915, 55.61167], [37.591335, 55.610905], [37.590921, 55.609216], [37.590905, 55.609156], [37.590804, 55.608726]], [[37.58795, 55.59653], [37.588016, 55.596874], [37.588477, 55.598703]], [[37.607881, 55.658124], [37.607962, 55.658117], [37.608028, 55.65812], [37.608103, 55.65813], [37.608181, 55.658152], [37.608238, 55.65818], [37.608551, 55.658432]], [[37.690509, 55.685314], [37.69047, 55.685304], [37.690381, 55.68528], [37.69002, 55.685181], [37.68953, 55.685048]], [[37.605056, 55.643358], [37.605185, 55.643357], [37.605221, 55.643359], [37.605315, 55.643364], [37.605449, 55.643396], [37.60547, 55.643406], [37.605597, 55.643468], [37.60564, 55.643519], [37.605664, 55.643584]], [[37.607782, 55.658744], [37.607135, 55.658214]], [[37.605583, 55.648152], [37.60557, 55.648861], [37.605566, 55.649061], [37.605558, 55.649447], [37.605525, 55.650641], [37.605513, 55.651062], [37.605483, 55.652921], [37.605483, 55.652963], [37.605483, 55.653076], [37.60548, 55.653388], [37.605477, 55.65347]], [[37.596269, 55.625205], [37.596317, 55.625305], [37.596536, 55.625774], [37.596705, 55.626085], [37.596826, 55.626309], [37.596962, 55.626521], [37.597274, 55.626911], [37.59822, 55.628051], [37.598627, 55.628519], [37.59866, 55.628563], [37.599367, 55.629394], [37.599666, 55.629747], [37.599759, 55.629856], [37.599835, 55.629947], [37.600152, 55.630321], [37.600563, 55.630805], [37.600897, 55.631192], [37.600963, 55.631268], [37.601725, 55.632157], [37.602515, 55.633085], [37.603123, 55.633812], [37.603421, 55.634196], [37.603498, 55.6343], [37.603549, 55.634381], [37.603635, 55.634512], [37.603833, 55.634867], [37.604309, 55.635705], [37.604723, 55.636564], [37.605092, 55.63743], [37.605195, 55.63775], [37.605208, 55.637793], [37.605294, 55.638124]], [[37.691054, 55.685606], [37.690886, 55.68545], [37.690787, 55.685396], [37.690623, 55.68534], [37.6906, 55.685335], [37.690509, 55.685314]], [[37.690873, 55.685377], [37.691671, 55.685601], [37.691811, 55.685643], [37.69189, 55.685672], [37.691963, 55.685718], [37.691995, 55.685765], [37.692005, 55.685809], [37.692001, 55.685855], [37.691977, 55.685892], [37.691937, 55.685925], [37.691893, 55.685949], [37.691846, 55.685968], [37.691759, 55.685993], [37.691655, 55.686], [37.69155, 55.685987], [37.691436, 55.685957]], [[37.690971, 55.685621], [37.690805, 55.685466], [37.690716, 55.685406], [37.690597, 55.685354], [37.69058, 55.685346], [37.690509, 55.685314]], [[37.673917, 55.720944], [37.673312, 55.721064]], [[37.678471, 55.715241], [37.678095, 55.715741], [37.678029, 55.715826]], [[37.674437, 55.720607], [37.674314, 55.720753]], [[37.678029, 55.715826], [37.677974, 55.715896], [37.677902, 55.715988], [37.676839, 55.717388]], [[37.721527, 55.752562], [37.72176, 55.752606]], [[37.714711, 55.751209], [37.714848, 55.751238], [37.714955, 55.751263], [37.715066, 55.751296], [37.715366, 55.751385], [37.715497, 55.751422], [37.715607, 55.751449], [37.715749, 55.75148]], [[37.717724, 55.751833], [37.717573, 55.751798]], [[37.715979, 55.753562], [37.716014, 55.753496], [37.716043, 55.753458], [37.716542, 55.752687], [37.716828, 55.752249], [37.717, 55.751984]], [[37.721512, 55.752586], [37.720598, 55.75241], [37.719419, 55.752183]], [[37.719449, 55.752156], [37.720326, 55.752327], [37.721527, 55.752562]], [[37.681394, 55.746853], [37.681252, 55.746865], [37.681172, 55.746872], [37.681119, 55.746877], [37.680828, 55.746937], [37.680705, 55.746945], [37.680549, 55.746937], [37.68047, 55.746914], [37.680388, 55.746879], [37.680339, 55.746837], [37.680303, 55.746793], [37.680282, 55.746763], [37.680205, 55.746662], [37.680099, 55.746528], [37.680042, 55.746469], [37.679868, 55.746277], [37.679775, 55.746174], [37.679553, 55.745918], [37.679309, 55.745626], [37.67907, 55.745373], [37.678902, 55.745225], [37.678517, 55.744886], [37.678433, 55.744813], [37.678121, 55.744536], [37.677874, 55.744286], [37.677433, 55.743813], [37.677043, 55.743392], [37.676946, 55.743294], [37.676581, 55.742902], [37.676373, 55.74268], [37.675723, 55.741996], [37.67538, 55.741616], [37.675056, 55.741292], [37.674352, 55.74053], [37.674016, 55.740187], [37.673876, 55.740045]], [[37.713146, 55.751179], [37.713168, 55.751122], [37.713194, 55.751054], [37.713186, 55.751034], [37.713173, 55.750997], [37.713093, 55.750942], [37.71304, 55.75092], [37.712907, 55.750875]], [[37.713665, 55.751036], [37.713541, 55.75101], [37.713515, 55.751004], [37.713102, 55.750912], [37.712907, 55.750875]], [[37.713146, 55.751179], [37.713206, 55.751129], [37.713218, 55.751119], [37.713279, 55.751083], [37.713345, 55.75105], [37.71343, 55.751022], [37.713512, 55.751008], [37.713541, 55.75101], [37.713637, 55.751011]], [[37.66834, 55.819982], [37.667552, 55.820202]], [[37.657532, 55.823168], [37.65768, 55.823119], [37.657771, 55.82309], [37.658602, 55.822841], [37.658756, 55.822794], [37.660134, 55.822372], [37.660219, 55.822344], [37.660372, 55.822298], [37.661491, 55.82196], [37.66236, 55.821692], [37.663041, 55.82148], [37.663732, 55.821279], [37.66392, 55.821225], [37.664362, 55.821097], [37.664808, 55.82097], [37.666235, 55.820566], [37.667531, 55.820179]], [[37.685318, 55.815177], [37.6851, 55.815286], [37.684826, 55.815348], [37.684496, 55.815395], [37.684298, 55.815419]], [[37.667531, 55.820179], [37.668319, 55.819959]], [[37.662139, 55.821792], [37.660394, 55.822323], [37.660243, 55.822369], [37.660157, 55.822395], [37.658775, 55.822813], [37.658004, 55.823052], [37.657705, 55.823142], [37.657553, 55.823189], [37.657098, 55.823347], [37.656802, 55.823446], [37.656071, 55.823691], [37.655694, 55.823819], [37.655169, 55.823997], [37.654888, 55.824093], [37.654698, 55.824157], [37.653518, 55.824559], [37.653198, 55.824672], [37.652912, 55.82477], [37.652386, 55.824959]], [[37.684311, 55.815388], [37.68442, 55.815388], [37.684496, 55.815395], [37.684629, 55.81542], [37.684687, 55.815437], [37.684765, 55.815465], [37.68482, 55.815496], [37.684832, 55.815502], [37.684877, 55.815534], [37.684904, 55.815554], [37.68492, 55.815577], [37.684958, 55.815645]], [[37.67979, 55.817106], [37.680166, 55.816925], [37.680225, 55.816897], [37.681003, 55.816529], [37.682221, 55.815959], [37.682682, 55.815745]], [[37.682715, 55.81577], [37.68225, 55.815977], [37.681032, 55.816548], [37.680255, 55.816918], [37.680194, 55.816947], [37.679817, 55.817128]], [[37.68491, 55.81565], [37.684874, 55.815598], [37.684834, 55.815557], [37.684821, 55.815544], [37.684787, 55.81552], [37.684733, 55.815491], [37.684682, 55.81547], [37.68463, 55.815451], [37.684534, 55.815434], [37.68447, 55.815422], [37.684411, 55.815419], [37.684298, 55.815419]], [[37.685318, 55.815177], [37.685078, 55.815338], [37.68506, 55.81535], [37.685001, 55.815405], [37.684971, 55.815443], [37.684956, 55.815467], [37.684934, 55.815513], [37.684931, 55.81555], [37.684937, 55.815582], [37.684958, 55.815645]], [[37.68491, 55.81565], [37.684881, 55.815582], [37.684877, 55.815534], [37.684887, 55.815503], [37.684901, 55.815471], [37.684911, 55.815454], [37.684961, 55.815391], [37.685, 55.815355], [37.68502, 55.815339], [37.6851, 55.815286], [37.68528, 55.81516]], [[37.682894, 55.795868], [37.682297, 55.794388], [37.681727, 55.792981]], [[37.684311, 55.815388], [37.68482, 55.815317], [37.685068, 55.815261], [37.68516, 55.815223], [37.68528, 55.81516]], [[37.687374, 55.816864], [37.687853, 55.817051]], [[37.687334, 55.816895], [37.686892, 55.816719], [37.686127, 55.816413], [37.685432, 55.816135]], [[37.687813, 55.817082], [37.687334, 55.816895]], [[37.68546, 55.816109], [37.686161, 55.816387], [37.68693, 55.816693], [37.687374, 55.816864]], [[37.713195, 55.751185], [37.71313, 55.751319], [37.712877, 55.751728], [37.712828, 55.751808], [37.712462, 55.752411], [37.712235, 55.752809]], [[37.398231, 55.811738], [37.398078, 55.811512], [37.39792, 55.811279], [37.397361, 55.810448], [37.397072, 55.810032], [37.395561, 55.807803], [37.395463, 55.807665], [37.395395, 55.807566], [37.39535, 55.807501], [37.395271, 55.807385], [37.394333, 55.806009], [37.394245, 55.80588], [37.393944, 55.805436], [37.393845, 55.80528], [37.393583, 55.804886], [37.39333, 55.80452], [37.391324, 55.80157]], [[37.452286, 55.805551], [37.45193, 55.805522], [37.451019, 55.805471]], [[37.391231, 55.801352], [37.391329, 55.801493], [37.393378, 55.80451], [37.393749, 55.805061], [37.393894, 55.805269], [37.393994, 55.805426], [37.394302, 55.805869], [37.394389, 55.805996], [37.395327, 55.807374], [37.395406, 55.80749], [37.395448, 55.807555], [37.395515, 55.807654], [37.395815, 55.808096], [37.39713, 55.810019], [37.39739, 55.810401], [37.398154, 55.811539], [37.398279, 55.811728]], [[37.454958, 55.785241], [37.454718, 55.785612], [37.454513, 55.785993], [37.454283, 55.786557], [37.454207, 55.786873], [37.454163, 55.787166], [37.454145, 55.787726], [37.454193, 55.788883], [37.454195, 55.788968], [37.454195, 55.789114], [37.454201, 55.789237], [37.454205, 55.789352], [37.45424, 55.789755], [37.454409, 55.791717], [37.454416, 55.791797], [37.454427, 55.792862], [37.454431, 55.793199], [37.454439, 55.794026], [37.454438, 55.794096]], [[37.449493, 55.821078], [37.448526, 55.820125]], [[37.45305, 55.830183], [37.453026, 55.830088], [37.453015, 55.830014], [37.452871, 55.829293], [37.452758, 55.82873], [37.452734, 55.828604], [37.45271, 55.828492], [37.452691, 55.828397], [37.452396, 55.826935], [37.452332, 55.826682], [37.45232, 55.826649], [37.452309, 55.826618], [37.452272, 55.826521], [37.451868, 55.825519], [37.451701, 55.825105], [37.451348, 55.824239]], [[37.448526, 55.820125], [37.448425, 55.819998], [37.44837, 55.819891], [37.44835, 55.819781], [37.44836, 55.819663], [37.448393, 55.819568], [37.448461, 55.819469], [37.448544, 55.819386], [37.448654, 55.819308], [37.448785, 55.819232], [37.44889, 55.819191], [37.449022, 55.819154], [37.44917, 55.81912], [37.449313, 55.8191], [37.44952, 55.819091], [37.449718, 55.819096], [37.449878, 55.819114], [37.450026, 55.819144], [37.450158, 55.819183], [37.450263, 55.819221], [37.45041, 55.819269]], [[37.674314, 55.720753], [37.674276, 55.720786], [37.674236, 55.720817], [37.674199, 55.720842], [37.674154, 55.720868], [37.674095, 55.720894], [37.67402, 55.720918], [37.673917, 55.720944]], [[37.717078, 55.787183], [37.717152, 55.786933], [37.717284, 55.786486], [37.717354, 55.786252]], [[37.742664, 55.783155], [37.742439, 55.783146], [37.73914, 55.783022], [37.738964, 55.783015], [37.738808, 55.783009], [37.738633, 55.783004], [37.737536, 55.782964], [37.735596, 55.782884], [37.733814, 55.782811], [37.733604, 55.782802], [37.731029, 55.782696], [37.730888, 55.78269], [37.730655, 55.782682], [37.730505, 55.782676], [37.728713, 55.782608], [37.725261, 55.782472], [37.724983, 55.782462], [37.722741, 55.782369], [37.722679, 55.782366], [37.722509, 55.782358], [37.722263, 55.782349], [37.722027, 55.78234], [37.721882, 55.782335], [37.721359, 55.782317], [37.721147, 55.782309], [37.720349, 55.782281], [37.719454, 55.782246], [37.719448, 55.782246]], [[37.719453, 55.782217], [37.719457, 55.782217], [37.720354, 55.782256], [37.72115, 55.782283], [37.721348, 55.78229], [37.722265, 55.782325], [37.722511, 55.782336], [37.722682, 55.782344], [37.724985, 55.782437], [37.725265, 55.782448], [37.726284, 55.782483], [37.727843, 55.782544], [37.728716, 55.782578], [37.729754, 55.782619], [37.730508, 55.782649], [37.730616, 55.782653], [37.730664, 55.782654], [37.730891, 55.782664], [37.733607, 55.782774], [37.733818, 55.782783], [37.7356, 55.782857], [37.737533, 55.782937], [37.738427, 55.782967], [37.738636, 55.782975], [37.738812, 55.782982], [37.738968, 55.782987], [37.742442, 55.783117], [37.74266, 55.783124]], [[37.58948, 55.779082], [37.589718, 55.77924], [37.589876, 55.779334], [37.590028, 55.779428], [37.590125, 55.779486], [37.590713, 55.779871], [37.590875, 55.779977], [37.592373, 55.780963], [37.592496, 55.781044], [37.592635, 55.781136], [37.592752, 55.781217], [37.595798, 55.783308], [37.596507, 55.783795]], [[37.673292, 55.721036], [37.673896, 55.720915], [37.673943, 55.720904], [37.673995, 55.720892], [37.674065, 55.720868], [37.674159, 55.720822], [37.674211, 55.720784], [37.674231, 55.720768], [37.674261, 55.720738]], [[37.679295, 55.714079], [37.679595, 55.713737], [37.679893, 55.713326], [37.680318, 55.712725]], [[37.677967, 55.715812], [37.678012, 55.715755], [37.678288, 55.715405]], [[37.665875, 55.722506], [37.668587, 55.72197], [37.66911, 55.721873], [37.671895, 55.721316], [37.672716, 55.721156], [37.672894, 55.721121], [37.673292, 55.721036]], [[37.673312, 55.721064], [37.673254, 55.721075], [37.672907, 55.721147], [37.672731, 55.721182], [37.671914, 55.721348], [37.669126, 55.721902], [37.668263, 55.722068], [37.665894, 55.722536]], [[37.678618, 55.714965], [37.678652, 55.714909], [37.678652, 55.714863], [37.678627, 55.714816], [37.678574, 55.714773], [37.678506, 55.714732], [37.678388, 55.714695], [37.678324, 55.714676]], [[37.67678, 55.717374], [37.67785, 55.715978], [37.677935, 55.715858], [37.677967, 55.715812]], [[37.726749, 55.807253], [37.72688, 55.807001], [37.727185, 55.806407], [37.727358, 55.806072], [37.727365, 55.806058]], [[37.727415, 55.806065], [37.727407, 55.80608], [37.727235, 55.806415], [37.726981, 55.806923], [37.726937, 55.80701], [37.726855, 55.807173], [37.726804, 55.807269]], [[37.735433, 55.813196], [37.735534, 55.813249], [37.735658, 55.813316], [37.73621, 55.813633]], [[37.728494, 55.803335], [37.728548, 55.803355], [37.728596, 55.803381], [37.728636, 55.80341], [37.728667, 55.803442], [37.72869, 55.803477], [37.728702, 55.803513], [37.728704, 55.80355], [37.728696, 55.803586]], [[37.739286, 55.815385], [37.740448, 55.816062]], [[37.740409, 55.816084], [37.739247, 55.815407]], [[37.754121, 55.822265], [37.752854, 55.821605], [37.752342, 55.821347], [37.751599, 55.820996], [37.751063, 55.820776], [37.750819, 55.820679], [37.750177, 55.820419], [37.749273, 55.820059], [37.747878, 55.819543], [37.746513, 55.819007], [37.744486, 55.818136], [37.743779, 55.817828], [37.743262, 55.817604], [37.743152, 55.817556]], [[37.74315, 55.81752], [37.743182, 55.817534], [37.74381, 55.817807], [37.74452, 55.818117], [37.746545, 55.818984], [37.747897, 55.819532], [37.749302, 55.820037], [37.750171, 55.820383], [37.750515, 55.820522], [37.750748, 55.820616], [37.750926, 55.820686], [37.751206, 55.820798], [37.75128, 55.82083], [37.751357, 55.820862], [37.751671, 55.82099], [37.75238, 55.821326], [37.752888, 55.821583], [37.754157, 55.822248]], [[37.72759, 55.801214], [37.728375, 55.799786], [37.728412, 55.799717], [37.728438, 55.799669], [37.728611, 55.799353], [37.728953, 55.798719]], [[37.73621, 55.813633], [37.739286, 55.815385]], [[37.739247, 55.815407], [37.736177, 55.813658]], [[37.680027, 55.792436], [37.680065, 55.79244], [37.680104, 55.792441], [37.680143, 55.792438], [37.68018, 55.792432], [37.680214, 55.792422], [37.680246, 55.79241], [37.680274, 55.792394], [37.68031, 55.792363]], [[37.680777, 55.791632], [37.680783, 55.791591], [37.680776, 55.791554], [37.680758, 55.791524], [37.680732, 55.791496], [37.680697, 55.791471], [37.680655, 55.791449], [37.680606, 55.791435], [37.680553, 55.791424], [37.680499, 55.791413]], [[37.679951, 55.791302], [37.679927, 55.791296], [37.679902, 55.791293], [37.679877, 55.791292], [37.679851, 55.791294], [37.679827, 55.791297], [37.679803, 55.791303], [37.679782, 55.791311], [37.679763, 55.791321], [37.679747, 55.791332], [37.679735, 55.791345], [37.679727, 55.791358], [37.679606, 55.791543], [37.679281, 55.792053], [37.679276, 55.792063], [37.679262, 55.792092], [37.67926, 55.792111], [37.67926, 55.792132], [37.679268, 55.792161], [37.679284, 55.792194], [37.679308, 55.792226], [37.679342, 55.792257], [37.679378, 55.792281], [37.679425, 55.792301], [37.679501, 55.792324]], [[37.69234, 55.793515], [37.692919, 55.793604], [37.693888, 55.793751], [37.694753, 55.793882], [37.695128, 55.793938], [37.69698, 55.7942], [37.698285, 55.794363]], [[37.698258, 55.794392], [37.697938, 55.794354], [37.696971, 55.794231], [37.695105, 55.793979], [37.694713, 55.793917], [37.693872, 55.793784], [37.692901, 55.793638], [37.692327, 55.793547]], [[37.713951, 55.79579], [37.713654, 55.795735]], [[37.680499, 55.791413], [37.680456, 55.791405], [37.679951, 55.791302], [37.679925, 55.791301], [37.6799, 55.791303], [37.679875, 55.791307], [37.679852, 55.791313], [37.679831, 55.791321], [37.679812, 55.791332], [37.679797, 55.791343], [37.679785, 55.791356], [37.679777, 55.79137], [37.679659, 55.791553], [37.679466, 55.791853]], [[37.713671, 55.795705], [37.71389, 55.795747], [37.713967, 55.795761]], [[37.687058, 55.791652], [37.686996, 55.791629], [37.686527, 55.791449], [37.682464, 55.789895], [37.682437, 55.789887]], [[37.709606, 55.795186], [37.709961, 55.795181], [37.710038, 55.79518], [37.710332, 55.795186], [37.710432, 55.795189], [37.710586, 55.795192], [37.710809, 55.795203], [37.710963, 55.795214], [37.711241, 55.795242], [37.711404, 55.795264], [37.711831, 55.795339]], [[37.711814, 55.795367], [37.711391, 55.795292], [37.71123, 55.79527], [37.710954, 55.795243], [37.710803, 55.795231], [37.710583, 55.79522], [37.710429, 55.795217], [37.71033, 55.795214], [37.710037, 55.795209], [37.709963, 55.79521], [37.709152, 55.795221]], [[37.687205, 55.791674], [37.687283, 55.791704], [37.68739, 55.791745], [37.687507, 55.791789]], [[37.713967, 55.795761], [37.714315, 55.79583], [37.714391, 55.795845], [37.714441, 55.795854], [37.714549, 55.795876], [37.714706, 55.795907], [37.714903, 55.795946]], [[37.7046, 55.795124], [37.702939, 55.79492]], [[37.714887, 55.795975], [37.714539, 55.795905], [37.714437, 55.795885], [37.714388, 55.795875], [37.714309, 55.795859], [37.714221, 55.795842], [37.713951, 55.79579]], [[37.687451, 55.791803], [37.687255, 55.791728], [37.687058, 55.791652]], [[37.702966, 55.794894], [37.704628, 55.795098]], [[37.691288, 55.793312], [37.690614, 55.793058], [37.687961, 55.791997], [37.687478, 55.791813], [37.687451, 55.791803]], [[37.68031, 55.792363], [37.680344, 55.792312], [37.680777, 55.791632]], [[37.687507, 55.791789], [37.691189, 55.793234], [37.691327, 55.793284]], [[37.682466, 55.789863], [37.682493, 55.789871], [37.686619, 55.79145], [37.687024, 55.791605]], [[37.681049, 55.791291], [37.680935, 55.791486], [37.680549, 55.792083], [37.680395, 55.792322], [37.68037, 55.792362], [37.68036, 55.792389], [37.680356, 55.792418], [37.680363, 55.792444], [37.680374, 55.792472], [37.680395, 55.792494], [37.68043, 55.792518], [37.680485, 55.792541]], [[37.681049, 55.791291], [37.681002, 55.791332], [37.680958, 55.791356], [37.680951, 55.791361], [37.680882, 55.791392], [37.680814, 55.79141], [37.680745, 55.791421], [37.680653, 55.791428], [37.680578, 55.791422], [37.680499, 55.791413]], [[37.681877, 55.78996], [37.681926, 55.789933], [37.681939, 55.789926], [37.681975, 55.78991], [37.682033, 55.789888], [37.682043, 55.789885], [37.6821, 55.789869], [37.682125, 55.789865], [37.682187, 55.789856], [37.68221, 55.789852], [37.68228, 55.789848], [37.682333, 55.789849], [37.682372, 55.789851], [37.682466, 55.789863]], [[37.682437, 55.789887], [37.682356, 55.789879], [37.682276, 55.789878], [37.682249, 55.789879], [37.682198, 55.789884], [37.682184, 55.789886], [37.682122, 55.789897], [37.68205, 55.789916], [37.682012, 55.78993], [37.681989, 55.789939], [37.681972, 55.789946], [37.681922, 55.789971]], [[37.767877, 55.829704], [37.767843, 55.829718], [37.767798, 55.829733], [37.76775, 55.829743], [37.767699, 55.829748], [37.767648, 55.829749], [37.767597, 55.829744], [37.767548, 55.829735], [37.767503, 55.829721], [37.76746, 55.829704]], [[37.767877, 55.829704], [37.767818, 55.829739], [37.767783, 55.829754], [37.767745, 55.829766], [37.767704, 55.829774], [37.767661, 55.829778], [37.767618, 55.829778], [37.767575, 55.829775], [37.767533, 55.829767], [37.767494, 55.829756], [37.767459, 55.829741], [37.767419, 55.829724]], [[37.768138, 55.829248], [37.768178, 55.829264], [37.768213, 55.829283], [37.768242, 55.829305], [37.768263, 55.829329], [37.768277, 55.829355], [37.768283, 55.829383], [37.768281, 55.82941], [37.768271, 55.829437], [37.768253, 55.829462], [37.768227, 55.829485], [37.767923, 55.829674], [37.767877, 55.829704]], [[37.766396, 55.829078], [37.766396, 55.829025]], [[37.76746, 55.829704], [37.766831, 55.8294], [37.766571, 55.829279]], [[37.767497, 55.829681], [37.766863, 55.829381], [37.766604, 55.829257], [37.766484, 55.82913], [37.766396, 55.829025]], [[37.767419, 55.829724], [37.766796, 55.829417], [37.766537, 55.829301], [37.766442, 55.829229], [37.766404, 55.829154], [37.766396, 55.829078]], [[37.766396, 55.829025], [37.766388, 55.828633], [37.766357, 55.828515], [37.766295, 55.828439], [37.766183, 55.828361]], [[37.767923, 55.829674], [37.767866, 55.829691], [37.767806, 55.829704], [37.767743, 55.82971], [37.767679, 55.829711], [37.767616, 55.829707], [37.767547, 55.829696], [37.767497, 55.829681]], [[37.766594, 55.828518], [37.766836, 55.828572], [37.767666, 55.82897], [37.7678, 55.829088]], [[37.766571, 55.829279], [37.76649, 55.829208], [37.766396, 55.829078]], [[37.681922, 55.789971], [37.681794, 55.790163], [37.681373, 55.790804], [37.681238, 55.791005], [37.681049, 55.791291]], [[37.728644, 55.803582], [37.728651, 55.803545], [37.728645, 55.803509], [37.728629, 55.803473], [37.728603, 55.803439], [37.728566, 55.803409], [37.728521, 55.803382], [37.728468, 55.80336]], [[37.735316, 55.814205], [37.735251, 55.814357], [37.735217, 55.814416], [37.735135, 55.814494], [37.735002, 55.81457], [37.734852, 55.814634], [37.734275, 55.814797], [37.733239, 55.815084]], [[37.735418, 55.813614], [37.735399, 55.813634], [37.735355, 55.813676], [37.735323, 55.813722], [37.735319, 55.813905], [37.735345, 55.814054], [37.735348, 55.814101], [37.73534, 55.814149], [37.735316, 55.814205]], [[37.734674, 55.81399], [37.734746, 55.813959], [37.734821, 55.813928], [37.734904, 55.813905], [37.734994, 55.813895], [37.735091, 55.813896], [37.735181, 55.813913], [37.73525, 55.813945], [37.735304, 55.813987], [37.735325, 55.814013], [37.735345, 55.814054]], [[37.735378, 55.813588], [37.735495, 55.813533], [37.735538, 55.813522], [37.735645, 55.813506], [37.735768, 55.813503], [37.735923, 55.813513], [37.736066, 55.81356], [37.73621, 55.813633]], [[37.702277, 55.817285], [37.702093, 55.817457]], [[37.701288, 55.817148], [37.701273, 55.817125], [37.701263, 55.817101], [37.70126, 55.817076], [37.701262, 55.817067], [37.701264, 55.817051], [37.701273, 55.817028]], [[37.702093, 55.817457], [37.702073, 55.817488], [37.702063, 55.817521], [37.702063, 55.817533], [37.702063, 55.817554], [37.702073, 55.817586], [37.702093, 55.817617], [37.702122, 55.817646], [37.702149, 55.817664], [37.70216, 55.817671]], [[37.701273, 55.817028], [37.701348, 55.816879], [37.701378, 55.816854], [37.701419, 55.816826], [37.701476, 55.816795], [37.701537, 55.816773]], [[37.702093, 55.817457], [37.702061, 55.817476], [37.702025, 55.817492], [37.701985, 55.817504], [37.701941, 55.817513], [37.701896, 55.817518], [37.701856, 55.817518], [37.701851, 55.817518], [37.701805, 55.817516], [37.701761, 55.817509]], [[37.700903, 55.816748], [37.700971, 55.816776], [37.701047, 55.816798], [37.701128, 55.816813], [37.701212, 55.81682], [37.701297, 55.81682], [37.701381, 55.816812], [37.701435, 55.816801], [37.701462, 55.816796], [37.701537, 55.816773]], [[37.701273, 55.817028], [37.701318, 55.816999], [37.701375, 55.816976], [37.701425, 55.816961], [37.701482, 55.81695], [37.701552, 55.816944], [37.701595, 55.816943], [37.701642, 55.816946], [37.701734, 55.816953], [37.70192, 55.816993], [37.702133, 55.817038], [37.702211, 55.817074], [37.702247, 55.817105], [37.702274, 55.817139], [37.702291, 55.817175], [37.702297, 55.817212], [37.702292, 55.817249], [37.702277, 55.817285]], [[37.701537, 55.816773], [37.701633, 55.816753], [37.701701, 55.816745], [37.701769, 55.816743], [37.701842, 55.816747], [37.702273, 55.816815], [37.702318, 55.81683], [37.70237, 55.81685], [37.702416, 55.816875], [37.702453, 55.816903], [37.702481, 55.816935], [37.702499, 55.816969], [37.702507, 55.817004], [37.702504, 55.817039], [37.702491, 55.817074], [37.702481, 55.817087], [37.702277, 55.817285]], [[37.71283, 55.799953], [37.712976, 55.799768], [37.713072, 55.799646], [37.713468, 55.799168], [37.714371, 55.798068], [37.714671, 55.797709]], [[37.714509, 55.795418], [37.714493, 55.795548]], [[37.703212, 55.818291], [37.702847, 55.81809], [37.702125, 55.817692], [37.70184, 55.817547], [37.701791, 55.817524], [37.701761, 55.817509]], [[37.694611, 55.814613], [37.69472, 55.814572], [37.694808, 55.814539], [37.694872, 55.814524], [37.694918, 55.814522], [37.695012, 55.814527], [37.695143, 55.81455], [37.695245, 55.814597], [37.695316, 55.814628]], [[37.69522, 55.814332], [37.695189, 55.814348], [37.695072, 55.814416], [37.694872, 55.814524], [37.694746, 55.814588], [37.694657, 55.814633]], [[37.693047, 55.815292], [37.693403, 55.815132], [37.693972, 55.814897], [37.693994, 55.814887], [37.694429, 55.814701], [37.69446, 55.814687], [37.694611, 55.814613]], [[37.695316, 55.814628], [37.696049, 55.815051], [37.696409, 55.815265]], [[37.69522, 55.814332], [37.695159, 55.814403], [37.695143, 55.814462], [37.695187, 55.814529], [37.695262, 55.814586], [37.695316, 55.814628]], [[37.713967, 55.795761], [37.714051, 55.795782], [37.714131, 55.795803], [37.714195, 55.795827], [37.714221, 55.795842], [37.714272, 55.795865], [37.714303, 55.795889], [37.714326, 55.795906], [37.714347, 55.79593], [37.714367, 55.795951], [37.714377, 55.795968], [37.714396, 55.796], [37.71441, 55.79605], [37.714411, 55.796101]], [[37.713671, 55.795705], [37.713784, 55.79571], [37.713897, 55.795704], [37.714007, 55.795688], [37.714092, 55.795666], [37.714162, 55.795646], [37.714236, 55.795614], [37.714304, 55.79558], [37.714355, 55.795536], [37.714412, 55.795485], [37.714435, 55.795451], [37.714452, 55.795417]], [[37.714509, 55.795418], [37.714471, 55.795485], [37.714432, 55.795536], [37.714388, 55.795572], [37.714348, 55.795605], [37.714284, 55.795645], [37.714211, 55.795679], [37.71413, 55.795708], [37.714053, 55.795727], [37.713973, 55.79574], [37.71389, 55.795747], [37.713811, 55.795749], [37.713732, 55.795745], [37.713654, 55.795735]], [[37.714339, 55.796317], [37.714345, 55.79626], [37.71436, 55.796099]], [[37.714428, 55.795564], [37.714432, 55.795536], [37.714452, 55.795417]], [[37.71436, 55.796099], [37.714342, 55.796042], [37.714308, 55.795987], [37.714294, 55.795972], [37.71426, 55.795936], [37.714214, 55.795902], [37.714199, 55.79589], [37.714126, 55.79585], [37.714043, 55.795819], [37.713951, 55.79579]], [[37.714493, 55.795548], [37.714491, 55.795599], [37.71451, 55.795652], [37.714543, 55.795702], [37.714584, 55.795751], [37.714631, 55.795794], [37.71471, 55.795852], [37.714802, 55.795903], [37.714903, 55.795946]], [[37.714887, 55.795975], [37.714793, 55.795943], [37.714706, 55.795907], [37.714656, 55.795876], [37.71461, 55.795846], [37.714568, 55.795814], [37.714546, 55.795795], [37.714526, 55.795776], [37.714488, 55.795732], [37.714468, 55.795701], [37.714439, 55.795645], [37.714433, 55.795603], [37.714428, 55.795564]], [[37.733239, 55.815084], [37.732708, 55.815243]], [[37.736177, 55.813658], [37.735923, 55.813513], [37.735618, 55.813341], [37.73555, 55.813302], [37.735494, 55.813271], [37.735398, 55.813218]], [[37.735316, 55.814205], [37.735246, 55.814301], [37.735151, 55.814378], [37.735039, 55.81445], [37.734932, 55.814501], [37.734751, 55.814572], [37.734198, 55.814711], [37.733708, 55.814846], [37.733451, 55.814971], [37.733239, 55.815084]], [[37.695278, 55.81465], [37.695223, 55.81461], [37.695143, 55.81455], [37.695093, 55.814489], [37.695071, 55.814438], [37.695072, 55.814416], [37.695088, 55.814376], [37.695167, 55.814307]], [[37.695278, 55.81465], [37.695202, 55.814623], [37.695107, 55.814589], [37.694992, 55.814569], [37.694895, 55.814568], [37.694813, 55.814578], [37.694761, 55.814597], [37.694657, 55.814633]], [[37.734468, 55.814109], [37.734549, 55.814062], [37.734674, 55.81399]], [[37.71436, 55.796099], [37.714377, 55.795968], [37.71438, 55.795938], [37.714388, 55.795875], [37.714391, 55.795845], [37.7144, 55.795753], [37.714428, 55.795564]], [[37.714493, 55.795548], [37.714468, 55.795701], [37.714458, 55.795764], [37.714441, 55.795854], [37.714437, 55.795885], [37.71443, 55.795952], [37.714411, 55.796101]], [[37.696374, 55.815286], [37.696119, 55.815136], [37.695342, 55.814686], [37.695278, 55.81465]], [[37.703244, 55.818269], [37.703442, 55.818378], [37.703663, 55.818483], [37.703877, 55.818584], [37.704032, 55.818628], [37.704608, 55.818794], [37.704944, 55.818857]], [[37.694611, 55.814613], [37.694708, 55.814563], [37.694908, 55.81446], [37.695167, 55.814307]], [[37.692391, 55.815628], [37.691223, 55.816216]], [[37.714717, 55.797721], [37.714417, 55.79808], [37.713524, 55.799177], [37.713517, 55.799186], [37.713119, 55.799657], [37.713023, 55.799779], [37.712877, 55.799965]], [[37.681906, 55.789662], [37.682042, 55.789711], [37.682086, 55.789727], [37.682372, 55.789829], [37.682466, 55.789863]], [[37.682437, 55.789887], [37.68235, 55.789855], [37.682333, 55.789849], [37.682081, 55.78976], [37.682016, 55.789737], [37.681997, 55.789731], [37.681875, 55.789685]], [[37.681906, 55.789662], [37.681947, 55.789682], [37.681971, 55.789701], [37.681997, 55.789731], [37.682006, 55.789747], [37.682012, 55.78976], [37.682018, 55.789791], [37.682016, 55.789824], [37.68201, 55.789848], [37.681998, 55.789877], [37.681975, 55.78991], [37.68195, 55.78994], [37.681922, 55.789971]], [[37.681877, 55.78996], [37.681906, 55.789928], [37.68195, 55.789867], [37.68196, 55.789842], [37.681966, 55.789805], [37.681964, 55.78979], [37.681961, 55.789769], [37.681951, 55.789748], [37.681931, 55.789721], [37.681905, 55.7897], [37.681875, 55.789685]], [[37.38366, 55.796971], [37.383536, 55.797062], [37.383513, 55.797088], [37.383493, 55.79711], [37.383481, 55.797138], [37.383504, 55.79723], [37.38358, 55.797299], [37.383687, 55.797364], [37.383912, 55.797449]], [[37.680027, 55.792436], [37.68034, 55.792504], [37.680392, 55.792515], [37.680485, 55.792541]], [[37.668795, 55.780814], [37.666587, 55.779697], [37.666455, 55.779636], [37.666441, 55.779627]], [[37.666193, 55.779463], [37.666361, 55.779554], [37.666471, 55.779604]], [[37.388278, 55.799632], [37.388227, 55.799605], [37.388171, 55.799564], [37.388139, 55.799506], [37.388145, 55.799445], [37.388186, 55.799389], [37.388259, 55.799345], [37.388355, 55.799317], [37.388461, 55.799309], [37.388567, 55.799321], [37.388678, 55.799355]], [[37.388678, 55.799355], [37.38959, 55.799897], [37.389894, 55.800063]], [[37.388745, 55.799334], [37.38975, 55.799931]], [[37.390136, 55.800247], [37.390112, 55.800232], [37.389997, 55.800164], [37.389913, 55.800116], [37.389826, 55.80008], [37.389682, 55.800037], [37.388423, 55.799773], [37.388341, 55.799745], [37.388267, 55.799715], [37.388174, 55.799668], [37.388097, 55.799604], [37.388027, 55.799518]], [[37.388278, 55.799632], [37.388211, 55.799614], [37.388133, 55.799588], [37.388027, 55.799518]], [[37.388591, 55.799292], [37.388745, 55.799334], [37.388929, 55.799387], [37.389612, 55.799796], [37.38975, 55.799931], [37.389894, 55.800063]], [[37.389729, 55.800008], [37.389538, 55.799956], [37.388415, 55.799717], [37.388313, 55.799683], [37.388202, 55.799633], [37.388133, 55.799588]], [[37.389913, 55.800116], [37.389729, 55.800008], [37.389574, 55.799927], [37.389505, 55.799905], [37.388278, 55.799632]], [[37.64978, 55.776674], [37.649735, 55.776656], [37.649459, 55.776541]], [[37.650346, 55.776033], [37.650574, 55.776167], [37.65061, 55.776189], [37.650652, 55.776263], [37.65065, 55.776334], [37.650625, 55.776397], [37.650591, 55.776449], [37.650444, 55.776549]], [[37.649268, 55.776428], [37.649467, 55.776316]], [[37.650348, 55.775828], [37.650071, 55.775998], [37.650026, 55.776024], [37.649699, 55.776213], [37.64942, 55.776373], [37.649304, 55.776446]], [[37.666153, 55.779486], [37.665777, 55.779329]], [[37.649459, 55.776541], [37.649434, 55.776513], [37.649414, 55.776478], [37.649405, 55.776443], [37.649407, 55.776408], [37.64942, 55.776373], [37.649467, 55.776316]], [[37.665806, 55.779307], [37.665996, 55.779382], [37.666193, 55.779463]], [[37.649304, 55.776446], [37.649149, 55.776546]], [[37.649943, 55.776035], [37.650008, 55.776014], [37.650071, 55.775998], [37.650155, 55.775989], [37.650206, 55.775993], [37.650256, 55.776002], [37.650346, 55.776033]], [[37.650348, 55.775828], [37.650303, 55.775876], [37.650287, 55.775912], [37.650287, 55.775951], [37.650292, 55.775964], [37.650298, 55.775978], [37.650346, 55.776033]], [[37.649459, 55.776541], [37.649408, 55.776528], [37.649373, 55.776527], [37.649329, 55.776526], [37.649261, 55.77653], [37.64919, 55.776539], [37.649149, 55.776546]], [[37.641013, 55.779749], [37.639758, 55.779882], [37.639126, 55.779946], [37.638838, 55.779975], [37.637747, 55.780089], [37.637072, 55.780159], [37.635777, 55.780293], [37.6355, 55.780322], [37.634534, 55.780425], [37.634082, 55.780473], [37.633826, 55.780499]], [[37.672897, 55.75992], [37.67293, 55.759938], [37.67295, 55.759955], [37.672963, 55.759979], [37.673089, 55.760484], [37.673098, 55.760525], [37.673294, 55.761387], [37.673315, 55.761482], [37.673488, 55.762284], [37.673622, 55.762855], [37.673629, 55.762888], [37.673678, 55.763089], [37.673801, 55.763525], [37.673804, 55.763537], [37.673817, 55.763576], [37.673834, 55.763607], [37.673878, 55.763643], [37.673949, 55.763675], [37.674046, 55.763702], [37.674135, 55.763715], [37.674245, 55.763718], [37.674696, 55.763658], [37.675371, 55.763569], [37.676948, 55.76338]], [[37.666762, 55.75347], [37.666959, 55.753647], [37.667367, 55.754138], [37.667689, 55.75451], [37.667836, 55.754668], [37.667907, 55.754729], [37.667969, 55.754772], [37.668051, 55.754818], [37.668226, 55.754906], [37.668888, 55.75521], [37.66949, 55.755488], [37.669507, 55.755496], [37.669558, 55.755527], [37.669578, 55.755548], [37.669585, 55.755572], [37.669585, 55.755606], [37.66956, 55.755665], [37.669249, 55.756352], [37.668884, 55.757142], [37.668853, 55.757211], [37.66883, 55.757293], [37.66883, 55.757339], [37.668833, 55.757366], [37.668836, 55.757386], [37.668862, 55.757442], [37.668902, 55.757511], [37.668957, 55.757593], [37.669117, 55.757806], [37.669176, 55.757873], [37.669255, 55.75794], [37.669355, 55.758003], [37.669472, 55.758066], [37.669605, 55.758126], [37.669995, 55.75826], [37.670184, 55.758348], [37.670282, 55.758407], [37.670362, 55.758463], [37.670436, 55.758513], [37.670508, 55.75858], [37.670677, 55.758755], [37.670778, 55.75884], [37.671001, 55.759005], [37.67105, 55.759032], [37.671133, 55.759078], [37.672298, 55.759632], [37.672325, 55.759644], [37.672333, 55.759648], [37.672897, 55.75992]], [[37.651251, 55.832921], [37.650704, 55.833123], [37.650358, 55.833251], [37.650171, 55.83332], [37.649499, 55.833549]], [[37.648823, 55.83337], [37.648793, 55.833317], [37.64878, 55.833295], [37.648754, 55.833228], [37.648709, 55.833174], [37.648404, 55.832898], [37.647803, 55.832356], [37.647447, 55.832031], [37.647173, 55.831781], [37.646696, 55.83135], [37.646462, 55.83114], [37.646243, 55.830941], [37.646184, 55.8309], [37.646125, 55.830869], [37.646003, 55.830803]], [[37.649499, 55.833549], [37.649347, 55.833567], [37.64929, 55.833565], [37.649201, 55.83356], [37.649069, 55.83353], [37.649005, 55.833505], [37.648988, 55.833497], [37.64894, 55.833474], [37.648823, 55.83337]], [[37.666284, 55.853138], [37.666448, 55.853044], [37.666531, 55.853011], [37.667127, 55.852899], [37.667538, 55.852785]], [[37.667851, 55.778385], [37.668841, 55.777625]], [[37.668892, 55.777646], [37.667901, 55.778405]], [[37.666441, 55.779627], [37.666153, 55.779486]], [[37.66752, 55.778643], [37.667225, 55.778826], [37.666832, 55.779076], [37.666504, 55.779289]], [[37.666472, 55.779268], [37.666907, 55.778986], [37.667245, 55.778766], [37.66748, 55.77862]], [[37.666471, 55.779604], [37.66649, 55.779614], [37.66883, 55.780786]], [[37.674431, 55.7771], [37.674774, 55.776933], [37.675372, 55.776639], [37.675496, 55.776578], [37.675683, 55.776487], [37.677164, 55.775762], [37.677483, 55.775585]], [[37.651611, 55.775], [37.651588, 55.775016], [37.650972, 55.775419]], [[37.650931, 55.775398], [37.65155, 55.774998], [37.651572, 55.774984], [37.65169, 55.774915], [37.651949, 55.774752]], [[37.666441, 55.779627], [37.666416, 55.77961], [37.666394, 55.779592], [37.666376, 55.779573], [37.666361, 55.779554], [37.666347, 55.779532], [37.666337, 55.779511], [37.66633, 55.779489], [37.666327, 55.779468], [37.66633, 55.779439], [37.666335, 55.779418], [37.666344, 55.779392], [37.666366, 55.779366], [37.666401, 55.779333], [37.666416, 55.779315], [37.666435, 55.779296], [37.666472, 55.779268]], [[37.666504, 55.779289], [37.666463, 55.779332], [37.666441, 55.77936], [37.666406, 55.779397], [37.666389, 55.779427], [37.666383, 55.779451], [37.666381, 55.779465], [37.666387, 55.779491], [37.666394, 55.779512], [37.666404, 55.779531], [37.666417, 55.779551], [37.666432, 55.779569], [37.666451, 55.779587], [37.666471, 55.779604]], [[37.665806, 55.779307], [37.665846, 55.779319], [37.665888, 55.779329], [37.665931, 55.779337], [37.665975, 55.779342], [37.66602, 55.779346], [37.666065, 55.779347], [37.666133, 55.779346], [37.666175, 55.779342], [37.666218, 55.779336], [37.666266, 55.779328], [37.666327, 55.779313], [37.666356, 55.779307], [37.666397, 55.779296], [37.666435, 55.779283], [37.666472, 55.779268]], [[37.666504, 55.779289], [37.666473, 55.779305], [37.66644, 55.779319], [37.666401, 55.779333], [37.666367, 55.779344], [37.666305, 55.779359], [37.666247, 55.779371], [37.666202, 55.779378], [37.666134, 55.779385], [37.666092, 55.779387], [37.66605, 55.779386], [37.666008, 55.779384], [37.665996, 55.779382], [37.665926, 55.779373], [37.665886, 55.779365], [37.665848, 55.779354], [37.665812, 55.779342], [37.665777, 55.779329]], [[37.677515, 55.775605], [37.677196, 55.775783], [37.676987, 55.775885], [37.675715, 55.776508], [37.675404, 55.77666], [37.674805, 55.776953], [37.674465, 55.777119]], [[37.680407, 55.762973], [37.681067, 55.762918], [37.681541, 55.762878], [37.681875, 55.76285], [37.683355, 55.762723]], [[37.683405, 55.762758], [37.682302, 55.762849], [37.681885, 55.762884], [37.681082, 55.762953], [37.680433, 55.763007]], [[37.68447, 55.762485], [37.68625, 55.761847]], [[37.686278, 55.761871], [37.684498, 55.762509]], [[37.678017, 55.774389], [37.678066, 55.774206], [37.678146, 55.773943], [37.678262, 55.773578], [37.678364, 55.773216], [37.678376, 55.773173], [37.678395, 55.773109], [37.678416, 55.773028], [37.678456, 55.77287], [37.678527, 55.772562], [37.678581, 55.772332], [37.678662, 55.771987], [37.678709, 55.771786], [37.678818, 55.771289], [37.678845, 55.771179], [37.678867, 55.771095], [37.678877, 55.771057], [37.679108, 55.770161], [37.679184, 55.769869], [37.6792, 55.769805], [37.679203, 55.769795], [37.679293, 55.769419], [37.679359, 55.769139], [37.679392, 55.76899], [37.679448, 55.768732], [37.679472, 55.768621], [37.679489, 55.768545], [37.679616, 55.767895], [37.679757, 55.767152], [37.679791, 55.766971], [37.679866, 55.766607], [37.679904, 55.766408], [37.679908, 55.76638], [37.679978, 55.765956], [37.680023, 55.7657], [37.68005, 55.765545], [37.680068, 55.765448], [37.680215, 55.764443], [37.680226, 55.764357], [37.680257, 55.764114]], [[37.680306, 55.764116], [37.680274, 55.764358], [37.680264, 55.764438], [37.680152, 55.765234], [37.680115, 55.76545], [37.680098, 55.765548], [37.679971, 55.766361], [37.6799, 55.766695], [37.679864, 55.766857], [37.679839, 55.766972], [37.679804, 55.767155], [37.679664, 55.767898], [37.679623, 55.768105], [37.679537, 55.768547], [37.679522, 55.768624], [37.679498, 55.768735], [37.679442, 55.768999], [37.679232, 55.769872], [37.679218, 55.769929], [37.67914, 55.770247], [37.679056, 55.770588], [37.678984, 55.770883], [37.678923, 55.771097], [37.678875, 55.771264], [37.67876, 55.771766], [37.678661, 55.772195], [37.678628, 55.772336], [37.678464, 55.77304], [37.678445, 55.773122], [37.678426, 55.773185], [37.678413, 55.773227], [37.678117, 55.77424], [37.678074, 55.774394]], [[37.680114, 55.763269], [37.680093, 55.763216], [37.680068, 55.76318], [37.680047, 55.763161], [37.68002, 55.763146], [37.679992, 55.763134], [37.679962, 55.763123], [37.679909, 55.763105], [37.679848, 55.763095], [37.679755, 55.763093], [37.679659, 55.763096]], [[37.680114, 55.763269], [37.680103, 55.763197], [37.680102, 55.763172], [37.68011, 55.763146], [37.68011, 55.763145], [37.68013, 55.763105], [37.68015, 55.76308], [37.680178, 55.763054], [37.680219, 55.76303], [37.680279, 55.763006], [37.680369, 55.762982], [37.680407, 55.762973]], [[37.680433, 55.763007], [37.680378, 55.76302], [37.680331, 55.763035], [37.680285, 55.763055], [37.680239, 55.763083], [37.680195, 55.763119], [37.680174, 55.763151], [37.680166, 55.763179], [37.680163, 55.763213], [37.680167, 55.763262]], [[37.676948, 55.76338], [37.679014, 55.763139], [37.679429, 55.763087], [37.679676, 55.763058], [37.679741, 55.76305]], [[37.680433, 55.763007], [37.680219, 55.76303], [37.68008, 55.763045], [37.679919, 55.763065], [37.679841, 55.763075], [37.679659, 55.763096]], [[37.679741, 55.76305], [37.679834, 55.763056], [37.679887, 55.763061], [37.679919, 55.763065], [37.679961, 55.763075], [37.68007, 55.76312], [37.680091, 55.763131], [37.68011, 55.763145], [37.68011, 55.763145], [37.680134, 55.763174], [37.680153, 55.763215], [37.680167, 55.763262]], [[37.53613, 55.692709], [37.53584, 55.692551], [37.535782, 55.692504], [37.535745, 55.692448], [37.535744, 55.692392], [37.535763, 55.692348], [37.535804, 55.692309], [37.535863, 55.692278], [37.536235, 55.692054], [37.536279, 55.692042], [37.536324, 55.692033], [37.536372, 55.692025], [37.536419, 55.69202], [37.536468, 55.692017], [37.536517, 55.692016], [37.536566, 55.692018], [37.536614, 55.692023], [37.536661, 55.692029], [37.536707, 55.692038], [37.536752, 55.692049], [37.536795, 55.692063], [37.53695, 55.692144]], [[37.536049, 55.692623], [37.535899, 55.692493], [37.535887, 55.692483], [37.535877, 55.692472], [37.535869, 55.692461], [37.535863, 55.69245], [37.535858, 55.692438], [37.535855, 55.692426], [37.535854, 55.692414], [37.535854, 55.692403], [37.535857, 55.692391], [37.535861, 55.692379], [37.535867, 55.692368], [37.535874, 55.692357], [37.535883, 55.692346], [37.535894, 55.692335], [37.535906, 55.692326], [37.53592, 55.692317], [37.535935, 55.692308], [37.536292, 55.692092], [37.53633, 55.692079], [37.536384, 55.692068], [37.53644, 55.69206], [37.536496, 55.692054], [37.536554, 55.692052], [37.536646, 55.692069], [37.536772, 55.692099]], [[37.649467, 55.776316], [37.649943, 55.776035], [37.64999, 55.776005], [37.650312, 55.775798]], [[37.508207, 55.806059], [37.508353, 55.805997], [37.508698, 55.805802]], [[37.509249, 55.805587], [37.509373, 55.805507], [37.509449, 55.805477], [37.509503, 55.805468], [37.509532, 55.805463], [37.509565, 55.805458], [37.509598, 55.805455], [37.509632, 55.805453], [37.509666, 55.805453], [37.509699, 55.805454], [37.509733, 55.805458], [37.509766, 55.805462], [37.509797, 55.805469], [37.509828, 55.805477], [37.509858, 55.805486], [37.509885, 55.805497], [37.509912, 55.805509], [37.509936, 55.805522], [37.509958, 55.805536], [37.509977, 55.805552], [37.509995, 55.805568], [37.51001, 55.805585], [37.510022, 55.805603], [37.510031, 55.805621], [37.510037, 55.80564], [37.510041, 55.805659], [37.510041, 55.805678], [37.510039, 55.805697], [37.510034, 55.805716], [37.510026, 55.805734], [37.510015, 55.805752], [37.510001, 55.80577], [37.509985, 55.805786], [37.509966, 55.805802], [37.509945, 55.805817], [37.509922, 55.805831], [37.509897, 55.805843], [37.509869, 55.805855], [37.509841, 55.805865], [37.50981, 55.805873]], [[37.4927, 55.809246], [37.492123, 55.809375], [37.491979, 55.809408]], [[37.491929, 55.809383], [37.492064, 55.809354], [37.492164, 55.809332], [37.492479, 55.809264], [37.492686, 55.80922]], [[37.50981, 55.805873], [37.509711, 55.805902], [37.509587, 55.805926], [37.509504, 55.805939], [37.509439, 55.805946], [37.509374, 55.805951], [37.509309, 55.805952], [37.509103, 55.80595]], [[37.508207, 55.806059], [37.508514, 55.805988]], [[37.508751, 55.80587], [37.509026, 55.805714], [37.509197, 55.805619], [37.509249, 55.805587]], [[37.492686, 55.80922], [37.492815, 55.809191], [37.494283, 55.808871], [37.494883, 55.808743], [37.495869, 55.808522], [37.497431, 55.808196], [37.499614, 55.807787], [37.499895, 55.807735], [37.501741, 55.8074], [37.503903, 55.806978], [37.50488, 55.806794], [37.505109, 55.806751], [37.505277, 55.806718]], [[37.505296, 55.80675], [37.505127, 55.80678], [37.503928, 55.807017], [37.501755, 55.807426], [37.499908, 55.807761], [37.498835, 55.807965], [37.497455, 55.808233], [37.4959, 55.80855], [37.494935, 55.80876], [37.493901, 55.808982], [37.492833, 55.809216], [37.4927, 55.809246]], [[37.492096, 55.809115], [37.492114, 55.809141], [37.492123, 55.809162], [37.492128, 55.809177], [37.49213, 55.809184], [37.492133, 55.809206], [37.492133, 55.809228], [37.492129, 55.809249], [37.492123, 55.809271], [37.492113, 55.809292], [37.4921, 55.809313], [37.492085, 55.809333], [37.492064, 55.809354], [37.492045, 55.809371], [37.492021, 55.809388], [37.491979, 55.809408]], [[37.491929, 55.809383], [37.491978, 55.809366], [37.492006, 55.809352], [37.492025, 55.809338], [37.492042, 55.809321], [37.492056, 55.809303], [37.492067, 55.809284], [37.492076, 55.809265], [37.492082, 55.809246], [37.492085, 55.809226], [37.492085, 55.809207], [37.492082, 55.809187], [37.492076, 55.809168], [37.492068, 55.809149], [37.49206, 55.809133], [37.492058, 55.809131]], [[37.4927, 55.809246], [37.492655, 55.809254], [37.492607, 55.809259], [37.492559, 55.809263], [37.492511, 55.809264], [37.492479, 55.809264], [37.492415, 55.809259], [37.492368, 55.809253], [37.492322, 55.809245], [37.492277, 55.809235], [37.492251, 55.809227], [37.492222, 55.809218], [37.492193, 55.809207], [37.492155, 55.809191], [37.492128, 55.809177], [37.492119, 55.809172], [37.492086, 55.809152], [37.492058, 55.809131]], [[37.492096, 55.809115], [37.492123, 55.809135], [37.492153, 55.809153], [37.492186, 55.80917], [37.492221, 55.809185], [37.492259, 55.809199], [37.492297, 55.80921], [37.492338, 55.80922], [37.49238, 55.809227], [37.492423, 55.809233], [37.492467, 55.809236], [37.492511, 55.809237], [37.492555, 55.809236], [37.492599, 55.809233], [37.492642, 55.809227], [37.492686, 55.80922]], [[37.500646, 55.814425], [37.500739, 55.814443], [37.500955, 55.814485], [37.501036, 55.8145], [37.501129, 55.814509], [37.501266, 55.814516], [37.502141, 55.814506], [37.50228, 55.814498], [37.502449, 55.814487], [37.503006, 55.814441]], [[37.503014, 55.814468], [37.502417, 55.814518], [37.502249, 55.814529], [37.50211, 55.814536], [37.501234, 55.814547], [37.501098, 55.81454], [37.501005, 55.81453], [37.500924, 55.814515], [37.500719, 55.81448], [37.500622, 55.814463]], [[37.717074, 55.783754], [37.717174, 55.783746]], [[37.717583, 55.783714], [37.717738, 55.783702]], [[37.717076, 55.783709], [37.717177, 55.783701]], [[37.717177, 55.783701], [37.717355, 55.783687], [37.717491, 55.783703], [37.717583, 55.783714]], [[37.521982, 55.838728], [37.522221, 55.838621], [37.522334, 55.838616], [37.522438, 55.83862], [37.522525, 55.838642], [37.522623, 55.838685], [37.522694, 55.83873], [37.522745, 55.838784], [37.522898, 55.839063]], [[37.508514, 55.805988], [37.508958, 55.80588]], [[37.508514, 55.805988], [37.508632, 55.805939], [37.508751, 55.80587]], [[37.461382, 55.809507], [37.461439, 55.809599], [37.461463, 55.809657], [37.461465, 55.809708], [37.461461, 55.809794], [37.461474, 55.809856], [37.461491, 55.8099], [37.461528, 55.80995], [37.461602, 55.810001]], [[37.491979, 55.809408], [37.491777, 55.809449]], [[37.508698, 55.805802], [37.508876, 55.805703], [37.508956, 55.805667], [37.508986, 55.80566], [37.509135, 55.805626], [37.509249, 55.805587]], [[37.498558, 55.819322], [37.498587, 55.819226], [37.498915, 55.818807]], [[37.522415, 55.83939], [37.522244, 55.839382], [37.522128, 55.839339], [37.522033, 55.839277], [37.52191, 55.8391]], [[37.461602, 55.810001], [37.461692, 55.81006], [37.4619, 55.810182], [37.462165, 55.810359], [37.462212, 55.810406], [37.462242, 55.810443], [37.46225, 55.810477], [37.462249, 55.810515], [37.462244, 55.810559], [37.462224, 55.810595], [37.462195, 55.810627], [37.462115, 55.810674], [37.46205, 55.810699], [37.461966, 55.81072], [37.46181, 55.810742]], [[37.391951, 55.800134], [37.392142, 55.800093], [37.395397, 55.799398], [37.395585, 55.799358], [37.396346, 55.799199]], [[37.576684, 55.808835], [37.576768, 55.808803], [37.576839, 55.808759], [37.576878, 55.808703], [37.576889, 55.808641], [37.576916, 55.808442], [37.576938, 55.80831], [37.57697, 55.808238], [37.577036, 55.808172], [37.577125, 55.808126], [37.577243, 55.808104], [37.577357, 55.808099], [37.57748, 55.808114], [37.577571, 55.808129]], [[37.681003, 55.791287], [37.681195, 55.790996], [37.681585, 55.790403], [37.681749, 55.790155], [37.681877, 55.78996]], [[37.681776, 55.792972], [37.682347, 55.79437], [37.682949, 55.795855]], [[37.6153, 55.823853], [37.615329, 55.82384], [37.615358, 55.823828], [37.615387, 55.823818], [37.615415, 55.823809], [37.615548, 55.823775], [37.615584, 55.823763], [37.615615, 55.823748], [37.615649, 55.82373], [37.615905, 55.823581], [37.615941, 55.823559], [37.615971, 55.823535], [37.615998, 55.823512], [37.616023, 55.823486], [37.616102, 55.823405]], [[37.608517, 55.658776], [37.608437, 55.658804], [37.608305, 55.658835], [37.608231, 55.658844], [37.608137, 55.658845], [37.608071, 55.658844], [37.607958, 55.658826], [37.607875, 55.658799], [37.607782, 55.658744]], [[37.715733, 55.751503], [37.715589, 55.751472], [37.715476, 55.751444], [37.715357, 55.75141], [37.715043, 55.751317], [37.714933, 55.751287], [37.714831, 55.751261], [37.714696, 55.751232]], [[37.702476, 55.769862], [37.702609, 55.76994], [37.702742, 55.770013], [37.702883, 55.77007], [37.703184, 55.770165], [37.703375, 55.770217]], [[37.706758, 55.763354], [37.707861, 55.762895], [37.707952, 55.762862], [37.708144, 55.762788], [37.710358, 55.761923], [37.71179, 55.761377], [37.712013, 55.761295], [37.712457, 55.761119], [37.712686, 55.76103], [37.712702, 55.761023], [37.713205, 55.760829], [37.713652, 55.760658], [37.713769, 55.760613], [37.715604, 55.759906]], [[37.644986, 55.729701], [37.645191, 55.72965], [37.645872, 55.729479], [37.645984, 55.729451], [37.646114, 55.729419], [37.646638, 55.729292], [37.646808, 55.72925], [37.649745, 55.728534], [37.6504, 55.728374], [37.650555, 55.728336]], [[37.636214, 55.730577], [37.63625, 55.730532], [37.636287, 55.730485], [37.636334, 55.730422], [37.63638, 55.730353], [37.636433, 55.730266], [37.636457, 55.73023]], [[37.63651, 55.730243], [37.636432, 55.730362], [37.636385, 55.730432], [37.636342, 55.730496], [37.636304, 55.730545], [37.636267, 55.730587], [37.636221, 55.730638], [37.636132, 55.730736]], [[37.501455, 55.818317], [37.501448, 55.818337], [37.501434, 55.818379], [37.501432, 55.818405], [37.50144, 55.818433], [37.501453, 55.818461], [37.501468, 55.818485], [37.501491, 55.818514], [37.501515, 55.818539], [37.501544, 55.818563], [37.501576, 55.818586]], [[37.500917, 55.818415], [37.500965, 55.818418], [37.501014, 55.818419], [37.501064, 55.818418], [37.501119, 55.818414], [37.501165, 55.818408], [37.501207, 55.8184], [37.501253, 55.81839], [37.501297, 55.818377], [37.501332, 55.818362], [37.501386, 55.818322], [37.501406, 55.818306]], [[37.501455, 55.818317], [37.501439, 55.818335], [37.50142, 55.818355], [37.501397, 55.818369], [37.501372, 55.818384], [37.501343, 55.818397], [37.501306, 55.818407], [37.501267, 55.818415], [37.501226, 55.818423], [37.501162, 55.818433], [37.501112, 55.81844], [37.501097, 55.818441], [37.501035, 55.818446], [37.50101, 55.818446], [37.500958, 55.818445], [37.500907, 55.818442]], [[37.501561, 55.818612], [37.501529, 55.818597], [37.5015, 55.818581], [37.501469, 55.818558], [37.501449, 55.818544], [37.501429, 55.818525], [37.50141, 55.818504], [37.501396, 55.818482], [37.501384, 55.818463], [37.501376, 55.818438], [37.501371, 55.818415], [37.501372, 55.818399], [37.501372, 55.818384], [37.501375, 55.81836], [37.501379, 55.818346], [37.501394, 55.818324], [37.501406, 55.818306]], [[37.517324, 55.822704], [37.516483, 55.822493], [37.514586, 55.822009], [37.514511, 55.821989], [37.511854, 55.821281], [37.511622, 55.821219], [37.511269, 55.821128], [37.51106, 55.821073], [37.509769, 55.820734], [37.508513, 55.820408], [37.507244, 55.820085], [37.506722, 55.819944], [37.505061, 55.81951], [37.501561, 55.818612]], [[37.500907, 55.818442], [37.500227, 55.818262]], [[37.501561, 55.818612], [37.501265, 55.818534], [37.501064, 55.818482], [37.500907, 55.818442]], [[37.502763, 55.81665], [37.50274, 55.81668], [37.502073, 55.817549], [37.50167, 55.818051], [37.501455, 55.818317]], [[37.501406, 55.818306], [37.501755, 55.817872], [37.502031, 55.817538], [37.502696, 55.816669], [37.50272, 55.816636]], [[37.501576, 55.818586], [37.505078, 55.819489], [37.50674, 55.819924], [37.506887, 55.819962], [37.508527, 55.820391], [37.509786, 55.820713], [37.510672, 55.820944], [37.511078, 55.82105], [37.511289, 55.821105], [37.511874, 55.821254], [37.514536, 55.821957], [37.514614, 55.821978], [37.516501, 55.822469], [37.517345, 55.822683]], [[37.500227, 55.818262], [37.500016, 55.818208], [37.499921, 55.818192], [37.499824, 55.818189], [37.49975, 55.818197], [37.49968, 55.818218], [37.499635, 55.818238], [37.499539, 55.818309], [37.499455, 55.818393], [37.498729, 55.81928], [37.498678, 55.819369], [37.49867, 55.819426], [37.49867, 55.819503], [37.498704, 55.819584], [37.498785, 55.819685], [37.498829, 55.81977], [37.498838, 55.819834], [37.498821, 55.81989], [37.498781, 55.819939], [37.498724, 55.819974], [37.498633, 55.820004], [37.498532, 55.820016], [37.498428, 55.820015], [37.498336, 55.819999], [37.498249, 55.819968], [37.498171, 55.819929], [37.498107, 55.819866], [37.498078, 55.819805], [37.498079, 55.819728], [37.498124, 55.819663], [37.498231, 55.819603], [37.498355, 55.819536], [37.498446, 55.819473]], [[37.500917, 55.818415], [37.501035, 55.818446], [37.501083, 55.818458], [37.501285, 55.81851], [37.501469, 55.818558], [37.501576, 55.818586]], [[37.499967, 55.818161], [37.500917, 55.818415]], [[37.672746, 55.738422], [37.672583, 55.738186], [37.672443, 55.737981], [37.672163, 55.737573], [37.671427, 55.736507], [37.671305, 55.736332], [37.671051, 55.735965]], [[37.609775, 55.788134], [37.609749, 55.788072], [37.609738, 55.788051], [37.609726, 55.788033], [37.609716, 55.788021], [37.609706, 55.78801], [37.609687, 55.78799]], [[37.609734, 55.787985], [37.609752, 55.788001], [37.609768, 55.788018], [37.609782, 55.788035], [37.609792, 55.788054], [37.609801, 55.788072], [37.609802, 55.788077], [37.609821, 55.788128]], [[37.600216, 55.789122], [37.600352, 55.788668], [37.600372, 55.7886], [37.600545, 55.788023], [37.600585, 55.787899], [37.600617, 55.7878], [37.600646, 55.787726], [37.600808, 55.787311], [37.600824, 55.787276], [37.601055, 55.78675], [37.601073, 55.786708], [37.601132, 55.786569], [37.601612, 55.785387]], [[37.601664, 55.785393], [37.601577, 55.785629], [37.601567, 55.785655], [37.601551, 55.785699], [37.601374, 55.786116], [37.601179, 55.786575], [37.601121, 55.786713], [37.601054, 55.786863], [37.600855, 55.787317], [37.600705, 55.787699], [37.600693, 55.787731], [37.600674, 55.787783], [37.600632, 55.787903], [37.600592, 55.788028], [37.600537, 55.788212], [37.60042, 55.788605], [37.600399, 55.788672], [37.600263, 55.789127]], [[37.600606, 55.789418], [37.600823, 55.789434], [37.601109, 55.789455], [37.60199, 55.789519], [37.602523, 55.789558], [37.602572, 55.789562], [37.603079, 55.789599], [37.603948, 55.789665], [37.604092, 55.789674]], [[37.604095, 55.789701], [37.603943, 55.789692], [37.603118, 55.789629], [37.60295, 55.789617], [37.601728, 55.789527], [37.601103, 55.789482], [37.600598, 55.789445]], [[37.609545, 55.790096], [37.609314, 55.790079], [37.608535, 55.790021], [37.608176, 55.789996], [37.607798, 55.789969], [37.607621, 55.789956], [37.607255, 55.78993], [37.606843, 55.789901], [37.606227, 55.789857], [37.60605, 55.789845], [37.604671, 55.789747], [37.604507, 55.789734], [37.60427, 55.789715], [37.604095, 55.789701]], [[37.604092, 55.789674], [37.604268, 55.789688], [37.604677, 55.789721], [37.604811, 55.78973], [37.605035, 55.789746], [37.605678, 55.789792], [37.605832, 55.7898], [37.606056, 55.789819], [37.608808, 55.790016], [37.609087, 55.790036], [37.60939, 55.790058], [37.609565, 55.79007]], [[37.609873, 55.78987], [37.609891, 55.78934], [37.609901, 55.789], [37.609907, 55.788827], [37.609915, 55.788596], [37.609918, 55.788498]], [[37.609821, 55.788128], [37.609831, 55.788138], [37.609841, 55.788148], [37.609853, 55.788158], [37.609867, 55.788167], [37.609882, 55.788175], [37.609898, 55.788182], [37.609915, 55.788189], [37.609922, 55.788192], [37.609933, 55.788195], [37.609952, 55.7882], [37.609971, 55.788204], [37.609991, 55.788207], [37.610012, 55.788209], [37.610032, 55.788211], [37.61023, 55.788214]], [[37.610224, 55.788241], [37.610195, 55.788245], [37.610168, 55.78825], [37.610141, 55.788256], [37.610115, 55.788264], [37.610091, 55.788272], [37.610068, 55.788282], [37.610046, 55.788293], [37.610026, 55.788305], [37.610008, 55.788318], [37.609992, 55.788332], [37.609979, 55.788346], [37.609967, 55.788362], [37.609958, 55.788377], [37.609951, 55.788393], [37.609946, 55.788409]], [[37.610224, 55.788241], [37.610078, 55.788239], [37.610046, 55.788238], [37.610022, 55.788238], [37.609999, 55.788237], [37.609976, 55.788234], [37.609953, 55.788231], [37.609948, 55.78823], [37.609931, 55.788226], [37.60991, 55.788221], [37.60989, 55.788214], [37.609871, 55.788207], [37.609853, 55.788199], [37.60985, 55.788197], [37.609836, 55.788189], [37.60982, 55.788179], [37.609806, 55.788169], [37.609794, 55.788158], [37.609784, 55.788146], [37.609775, 55.788134]], [[37.634045, 55.792704], [37.634022, 55.792941], [37.63401, 55.79299], [37.63398, 55.793032], [37.633926, 55.793071], [37.633849, 55.793101], [37.63377, 55.79312], [37.633691, 55.793127], [37.633566, 55.793123], [37.633487, 55.793111], [37.633412, 55.793086], [37.633353, 55.793053], [37.633316, 55.793017], [37.633289, 55.792975], [37.633286, 55.792928], [37.633409, 55.792084], [37.633408, 55.792035], [37.633403, 55.79199], [37.633384, 55.791913], [37.633308, 55.791658], [37.633295, 55.791618], [37.633266, 55.791522], [37.63327, 55.791413], [37.63333, 55.791016], [37.633427, 55.790377], [37.633417, 55.790343], [37.633411, 55.790321], [37.633387, 55.790273], [37.633381, 55.790262], [37.633323, 55.790199], [37.633294, 55.790172], [37.633247, 55.790141], [37.633181, 55.790114], [37.633107, 55.790092], [37.632513, 55.789931], [37.63225, 55.78986], [37.632115, 55.789822], [37.632075, 55.78981], [37.631146, 55.789527], [37.630984, 55.789477], [37.62977, 55.789104], [37.6294, 55.78899], [37.629388, 55.788988], [37.62919, 55.788947], [37.629185, 55.788946], [37.629051, 55.788926], [37.628945, 55.788915], [37.62887, 55.788911], [37.628531, 55.788901], [37.626919, 55.788859], [37.626563, 55.788852], [37.626495, 55.78885], [37.625604, 55.788827], [37.62556, 55.788826], [37.62536, 55.78882], [37.624601, 55.788804], [37.624275, 55.788796], [37.623715, 55.78878], [37.623062, 55.788762], [37.622647, 55.78875], [37.6225, 55.788746], [37.622458, 55.788745], [37.622396, 55.788744], [37.622351, 55.788743], [37.622159, 55.788736], [37.620324, 55.788669], [37.620213, 55.788666], [37.619091, 55.788625], [37.618281, 55.788596], [37.617339, 55.788557], [37.616928, 55.788539], [37.616633, 55.788527], [37.616446, 55.788518], [37.615757, 55.788483], [37.614005, 55.788394], [37.613771, 55.788382], [37.613604, 55.788374], [37.613446, 55.788368], [37.612443, 55.788322], [37.612296, 55.788315], [37.611658, 55.788286], [37.611533, 55.788281], [37.610823, 55.788263], [37.610224, 55.788241]], [[37.609903, 55.788416], [37.609903, 55.788408], [37.609903, 55.7884], [37.609905, 55.788384], [37.60991, 55.788368], [37.609916, 55.788353], [37.609919, 55.788349], [37.609926, 55.788337], [37.609937, 55.788323], [37.609946, 55.788313], [37.60995, 55.788309], [37.609966, 55.788295], [37.609983, 55.788283], [37.610002, 55.788271], [37.610023, 55.78826], [37.610045, 55.78825], [37.610069, 55.788241], [37.610078, 55.788239], [37.610094, 55.788234], [37.61012, 55.788227], [37.610136, 55.788224], [37.610147, 55.788222], [37.610174, 55.788218], [37.610202, 55.788215], [37.61023, 55.788214]], [[37.609821, 55.788128], [37.60985, 55.788197], [37.60986, 55.788222], [37.609919, 55.788349], [37.609943, 55.788402], [37.609946, 55.788409]], [[37.609903, 55.788416], [37.6099, 55.788408], [37.60982, 55.788233], [37.609775, 55.788134]], [[37.609964, 55.78849], [37.609963, 55.788547], [37.60995, 55.788944], [37.609944, 55.789142], [37.609922, 55.789865]], [[37.609946, 55.788409], [37.609954, 55.78842], [37.609961, 55.788431], [37.609965, 55.788443], [37.609968, 55.788455], [37.609968, 55.788467], [37.609967, 55.788478], [37.609967, 55.788481], [37.609964, 55.78849]], [[37.609918, 55.788498], [37.609918, 55.788493], [37.609919, 55.78848], [37.609921, 55.788469], [37.609921, 55.788458], [37.609919, 55.788447], [37.609915, 55.788437], [37.60991, 55.788426], [37.609903, 55.788416]], [[37.609687, 55.78799], [37.609252, 55.787575], [37.6092, 55.787525], [37.609054, 55.787385], [37.608968, 55.787302], [37.60877, 55.787112], [37.608719, 55.787064], [37.608444, 55.786799], [37.607966, 55.78634], [37.607879, 55.786255], [37.607688, 55.786069], [37.607355, 55.785748], [37.607183, 55.785582]], [[37.608722, 55.787001], [37.60901, 55.787289], [37.609096, 55.787372], [37.609241, 55.787511], [37.609284, 55.787553], [37.609339, 55.787605], [37.609547, 55.787805], [37.609734, 55.787985]], [[37.696092, 55.735833], [37.69629, 55.735814], [37.696604, 55.735774], [37.696651, 55.735751], [37.69669, 55.735725], [37.696709, 55.735675], [37.69668, 55.735606], [37.696576, 55.73541]], [[37.688606, 55.736513], [37.688693, 55.736505], [37.689423, 55.736439], [37.689964, 55.73639], [37.691239, 55.736276], [37.691253, 55.736275], [37.692684, 55.736147]], [[37.69269, 55.736191], [37.691194, 55.736326], [37.691078, 55.736336], [37.688456, 55.736574], [37.687522, 55.736658]], [[37.673785, 55.74014], [37.673786, 55.740288], [37.673766, 55.74058], [37.67376, 55.740642], [37.673736, 55.741251]], [[37.660603, 55.755527], [37.6605, 55.755533], [37.659827, 55.755539], [37.65954, 55.755598], [37.659413, 55.755603]], [[37.66747, 55.732717], [37.66755, 55.732692], [37.667639, 55.732671], [37.667723, 55.732664], [37.667855, 55.732697], [37.667972, 55.732749]], [[37.667419, 55.732977], [37.66737, 55.732926], [37.66735, 55.732895], [37.667347, 55.732865], [37.667355, 55.73283], [37.667363, 55.732796], [37.667419, 55.732749], [37.66747, 55.732717]], [[37.671007, 55.742828], [37.670919, 55.743243], [37.670906, 55.743343], [37.670884, 55.743439], [37.670799, 55.743806], [37.670743, 55.744049], [37.670687, 55.744294], [37.67066, 55.744413], [37.670644, 55.744485], [37.670525, 55.745045], [37.670439, 55.745349], [37.670408, 55.745471], [37.670257, 55.746452]], [[37.68953, 55.685048], [37.689427, 55.68502], [37.688205, 55.684688], [37.688032, 55.684641], [37.687944, 55.684618], [37.686751, 55.684295], [37.686598, 55.684254], [37.686248, 55.684159], [37.685567, 55.683975], [37.685332, 55.683912], [37.684992, 55.68382], [37.684269, 55.683624], [37.684176, 55.683599], [37.68368, 55.683465], [37.682566, 55.683164], [37.681818, 55.682962], [37.681626, 55.68291], [37.681384, 55.682845], [37.681274, 55.682815], [37.680662, 55.68265], [37.680565, 55.682623], [37.679336, 55.682291], [37.678012, 55.681933], [37.677489, 55.681792], [37.676938, 55.681643], [37.675863, 55.681353], [37.675665, 55.681299], [37.675439, 55.681238], [37.67476, 55.681053], [37.674624, 55.681016], [37.673734, 55.680773], [37.673505, 55.680711], [37.672789, 55.680515], [37.672273, 55.680375], [37.672014, 55.680304], [37.671885, 55.680269], [37.671649, 55.680204], [37.671307, 55.680111], [37.670492, 55.679889], [37.670162, 55.679799], [37.669866, 55.679718], [37.669227, 55.679544], [37.66846, 55.679334], [37.668335, 55.6793], [37.667465, 55.67906], [37.667123, 55.678969], [37.666519, 55.678805], [37.666347, 55.678758]], [[37.683031, 55.711815], [37.68813, 55.713283], [37.69189, 55.714368], [37.692235, 55.714468], [37.693151, 55.714728], [37.694339, 55.715066], [37.694947, 55.715232]], [[37.683271, 55.71192], [37.68267, 55.711752], [37.682493, 55.71172], [37.682349, 55.711701], [37.682166, 55.711695], [37.68198, 55.711702], [37.681802, 55.711714], [37.681648, 55.711731]], [[37.623407, 55.664033], [37.623129, 55.663875], [37.622929, 55.663795], [37.622037, 55.663582], [37.621778, 55.663519], [37.621578, 55.663486], [37.621116, 55.663475], [37.620615, 55.66353], [37.619172, 55.663727]], [[37.623472, 55.663999], [37.623712, 55.664192], [37.623869, 55.664389], [37.623968, 55.664598], [37.623987, 55.664834], [37.624004, 55.665195], [37.624043, 55.666001]], [[37.626458, 55.675792], [37.626025, 55.677012], [37.625751, 55.677809], [37.625706, 55.677941], [37.625672, 55.678041], [37.625653, 55.678097], [37.62562, 55.678194], [37.625535, 55.678435], [37.625477, 55.678601], [37.625442, 55.678697], [37.625213, 55.679317]], [[37.627316, 55.674247], [37.627435, 55.674006], [37.627517, 55.673737], [37.62756, 55.673527], [37.627586, 55.67331], [37.627597, 55.673175], [37.627597, 55.673036], [37.627584, 55.672852], [37.62755, 55.672666], [37.62751, 55.67254], [37.627462, 55.672414]], [[37.625455, 55.669389], [37.625167, 55.669058], [37.624872, 55.668723], [37.62448, 55.668238], [37.62408, 55.667798], [37.624052, 55.667757]], [[37.660887, 55.755249], [37.660912, 55.755415], [37.660893, 55.755458], [37.660848, 55.755507], [37.660821, 55.755527], [37.660697, 55.75556], [37.660568, 55.755582], [37.660143, 55.755589]], [[37.660887, 55.755249], [37.660825, 55.75539], [37.66079, 55.755446], [37.660747, 55.755485], [37.660678, 55.755514], [37.660603, 55.755527]], [[37.60163, 55.785044], [37.601666, 55.785089], [37.601687, 55.785128], [37.601688, 55.785131], [37.601698, 55.785157], [37.601703, 55.785184], [37.601703, 55.785213]], [[37.602936, 55.779364], [37.603372, 55.779091], [37.603467, 55.779031], [37.603598, 55.778949], [37.603712, 55.778878]], [[37.60222, 55.785221], [37.602092, 55.785212], [37.602015, 55.785204], [37.601939, 55.785196], [37.601887, 55.785188], [37.601855, 55.78518], [37.601782, 55.785164], [37.601733, 55.785148], [37.601687, 55.785128], [37.601686, 55.785127], [37.601633, 55.785096], [37.601586, 55.785063]], [[37.606203, 55.78484], [37.606178, 55.784821], [37.606154, 55.784802], [37.606139, 55.784779], [37.606133, 55.784771], [37.606123, 55.784742], [37.606119, 55.784715], [37.60612, 55.784699], [37.60612, 55.784688], [37.606129, 55.784661], [37.606141, 55.78464], [37.606159, 55.784617], [37.60618, 55.784596]], [[37.605705, 55.78479], [37.605775, 55.784768], [37.605852, 55.784754], [37.605907, 55.784748], [37.605984, 55.784748], [37.606005, 55.78475], [37.60606, 55.784756], [37.606133, 55.784771], [37.606144, 55.784774], [37.606176, 55.784784], [37.606216, 55.7848], [37.606253, 55.784818]], [[37.606644, 55.784471], [37.60639, 55.784567], [37.60627, 55.784611], [37.606252, 55.784619]], [[37.606252, 55.784619], [37.606223, 55.784645], [37.606204, 55.784673], [37.606194, 55.784704], [37.606194, 55.784731], [37.606195, 55.784744], [37.606204, 55.784764], [37.606223, 55.784793], [37.606253, 55.784818]], [[37.696437, 55.733815], [37.696791, 55.733741], [37.696828, 55.733737], [37.696885, 55.733732], [37.69695, 55.733737], [37.696995, 55.733752], [37.697001, 55.733756], [37.697034, 55.733778], [37.697059, 55.7338], [37.697083, 55.73382], [37.697116, 55.733849], [37.697149, 55.733915], [37.697176, 55.73397]], [[37.665755, 55.750557], [37.665558, 55.750832], [37.665363, 55.751098], [37.665252, 55.751256], [37.664761, 55.751934]], [[37.667771, 55.748314], [37.667125, 55.748998]], [[37.670336, 55.747185], [37.670238, 55.747098], [37.670191, 55.747057], [37.67015, 55.747013], [37.670113, 55.746966], [37.670106, 55.746931], [37.670113, 55.746843]], [[37.669702, 55.747019], [37.669797, 55.747013], [37.669862, 55.747008], [37.669933, 55.746997], [37.669995, 55.746977], [37.67003, 55.746954], [37.67004, 55.746948], [37.670068, 55.746915], [37.670096, 55.746876], [37.670113, 55.746843]], [[37.670155, 55.746848], [37.670136, 55.746932], [37.670113, 55.746966], [37.670068, 55.747001], [37.670044, 55.747013], [37.670025, 55.747022], [37.669991, 55.747035], [37.669947, 55.747046], [37.669893, 55.747052], [37.669812, 55.747053], [37.669691, 55.747051]], [[37.680262, 55.754298], [37.68015, 55.75415]], [[37.610763, 55.783094], [37.610374, 55.78321], [37.610091, 55.783299], [37.609763, 55.783409], [37.609358, 55.78354], [37.608919, 55.78369], [37.608758, 55.783746], [37.608312, 55.783898], [37.608076, 55.78398], [37.607878, 55.784047], [37.607288, 55.78425], [37.607123, 55.784306], [37.607066, 55.784325]], [[37.629198, 55.778313], [37.629579, 55.778313], [37.62981, 55.778313], [37.630198, 55.778314]], [[37.577571, 55.808129], [37.577703, 55.808154], [37.577805, 55.808187], [37.577884, 55.808251], [37.577923, 55.808306], [37.577929, 55.808362], [37.577901, 55.808412], [37.577865, 55.808464], [37.577732, 55.808546], [37.57757, 55.808648], [37.57746, 55.808704], [37.57732, 55.808747]], [[37.529558, 55.838944], [37.529508, 55.838956], [37.529481, 55.838954], [37.529389, 55.838952], [37.529301, 55.838945], [37.52924, 55.838935], [37.529225, 55.838929], [37.529194, 55.838917], [37.529179, 55.838912], [37.529164, 55.838906], [37.529124, 55.838885]], [[37.529161, 55.838873], [37.529177, 55.838889], [37.529194, 55.838917], [37.529202, 55.838935], [37.529202, 55.838954], [37.529192, 55.838975], [37.529177, 55.839009], [37.529145, 55.839036], [37.529081, 55.839065]], [[37.525483, 55.840005], [37.52617, 55.839819], [37.52694, 55.839614], [37.527418, 55.839486], [37.527503, 55.839462], [37.528069, 55.839308], [37.528939, 55.839072], [37.529066, 55.839039]], [[37.529066, 55.839039], [37.529113, 55.83902], [37.529139, 55.839001], [37.529147, 55.838987], [37.529157, 55.83897], [37.529157, 55.838954], [37.529157, 55.838947], [37.529156, 55.838938], [37.529147, 55.838921], [37.529124, 55.838885]], [[37.694855, 55.735948], [37.694908, 55.735943]], [[37.695902, 55.734174], [37.695839, 55.734106], [37.695815, 55.73408]], [[37.696576, 55.73541], [37.696459, 55.735192], [37.696113, 55.734549], [37.696048, 55.734424]], [[37.696048, 55.734424], [37.695902, 55.734174]], [[37.673456, 55.738524], [37.673275, 55.738622], [37.673216, 55.738654], [37.673158, 55.738704], [37.673126, 55.738763], [37.673111, 55.738808], [37.673128, 55.738898]], [[37.674734, 55.738079], [37.675265, 55.738009], [37.675344, 55.737998], [37.677516, 55.737718], [37.679128, 55.737509], [37.679396, 55.737466], [37.679512, 55.737451], [37.680857, 55.737302], [37.683537, 55.737007], [37.683701, 55.736988], [37.683879, 55.736968], [37.684197, 55.736935]], [[37.67392, 55.740026], [37.674068, 55.740169], [37.675108, 55.741279], [37.675429, 55.741603], [37.675772, 55.741984], [37.676418, 55.742672], [37.676994, 55.743275], [37.677064, 55.74336], [37.677297, 55.743605], [37.677496, 55.743807], [37.677926, 55.744273], [37.67817, 55.744519], [37.678489, 55.744802], [37.678568, 55.744871], [37.67895, 55.745203], [37.679128, 55.745356], [37.679364, 55.745611], [37.679606, 55.745903], [37.679826, 55.746161], [37.679919, 55.746264], [37.680092, 55.746456], [37.680158, 55.746527], [37.680263, 55.746661], [37.680342, 55.746763], [37.68037, 55.746793], [37.680399, 55.746823], [37.680445, 55.746859], [37.680506, 55.746886], [37.680569, 55.746904], [37.680698, 55.746914]], [[37.673128, 55.738898], [37.673197, 55.739065], [37.673214, 55.739108], [37.673264, 55.739228], [37.6737, 55.739771]], [[37.672812, 55.738406], [37.672862, 55.738484], [37.672899, 55.738543], [37.673038, 55.738763], [37.673128, 55.738898]], [[37.670728, 55.74749], [37.671388, 55.748187], [37.671443, 55.748242]], [[37.670336, 55.747185], [37.670265, 55.747151], [37.6702, 55.747132], [37.670165, 55.747125], [37.670141, 55.74712], [37.670004, 55.747098], [37.669691, 55.747051]], [[37.670155, 55.746848], [37.670163, 55.746918], [37.670183, 55.746969], [37.670217, 55.747016], [37.670276, 55.747071], [37.670386, 55.747172]], [[37.670199, 55.74645], [37.670309, 55.745783], [37.670327, 55.745698], [37.670375, 55.745469], [37.670406, 55.745347], [37.670465, 55.745114]], [[37.669702, 55.747019], [37.669868, 55.747037], [37.669947, 55.747046], [37.670076, 55.747064], [37.670172, 55.74708], [37.670238, 55.747098], [37.670304, 55.747122], [37.670386, 55.747172]], [[37.668859, 55.747175], [37.668548, 55.747515], [37.667771, 55.748314]], [[37.678903, 55.714577], [37.678905, 55.714637], [37.678885, 55.714696]], [[37.678882, 55.714507], [37.678897, 55.714542], [37.678903, 55.714577]], [[37.678324, 55.714676], [37.678212, 55.714607], [37.678171, 55.714567], [37.678154, 55.714518], [37.678167, 55.714466], [37.678202, 55.714422], [37.678257, 55.714381], [37.678307, 55.714357], [37.678317, 55.714353], [37.678397, 55.714333], [37.678481, 55.71433], [37.678569, 55.714339], [37.678645, 55.714359], [37.678733, 55.714403], [37.678823, 55.714458], [37.678841, 55.714473], [37.678882, 55.714507]], [[37.601505, 55.784948], [37.60163, 55.785044]], [[37.60223, 55.78519], [37.602721, 55.785225], [37.602862, 55.785236], [37.603584, 55.785285]], [[37.601586, 55.785063], [37.601464, 55.78497]], [[37.601464, 55.78497], [37.601415, 55.784941], [37.601349, 55.784913], [37.601282, 55.784893], [37.601208, 55.784878], [37.600945, 55.784834]], [[37.606252, 55.784619], [37.606186, 55.784641], [37.606129, 55.784661], [37.605907, 55.784748], [37.605827, 55.784784], [37.605747, 55.784824]], [[37.607033, 55.784295], [37.60709, 55.784275], [37.607255, 55.784217], [37.607845, 55.784014], [37.608043, 55.783947], [37.608278, 55.783865], [37.608722, 55.783711], [37.608882, 55.783655], [37.609314, 55.783505], [37.609727, 55.783373], [37.610062, 55.783271], [37.610444, 55.783144], [37.610732, 55.783048]], [[37.606203, 55.78484], [37.606144, 55.78482], [37.606085, 55.784808], [37.606014, 55.784796], [37.605945, 55.784794], [37.605903, 55.784796], [37.605876, 55.784798], [37.60581, 55.784808], [37.605747, 55.784824]], [[37.60358, 55.785316], [37.602749, 55.785259]], [[37.605705, 55.78479], [37.60618, 55.784596]], [[37.604575, 55.780193], [37.603976, 55.780004], [37.603893, 55.779978], [37.602941, 55.779679]], [[37.678618, 55.714965], [37.678745, 55.714792], [37.678903, 55.714577], [37.678965, 55.714497]], [[37.529161, 55.838873], [37.529202, 55.838893], [37.529244, 55.838908], [37.529275, 55.838915], [37.529303, 55.838922], [37.529367, 55.838927], [37.529404, 55.838927], [37.529464, 55.838927], [37.529484, 55.838927], [37.52951, 55.83892]], [[37.529558, 55.838944], [37.529508, 55.838956], [37.52928, 55.839013], [37.529248, 55.839022], [37.529081, 55.839065]], [[37.529081, 55.839065], [37.52896, 55.839097], [37.528089, 55.839331], [37.527521, 55.839483], [37.527435, 55.839507], [37.526959, 55.839636], [37.526189, 55.839841], [37.525503, 55.840028]], [[37.529066, 55.839039], [37.529177, 55.839009], [37.529255, 55.838988], [37.529389, 55.838952], [37.529484, 55.838927], [37.52951, 55.83892]], [[37.57732, 55.808747], [37.577172, 55.808792], [37.577003, 55.808842], [37.576906, 55.808872], [37.57687, 55.808882]], [[37.577571, 55.808129], [37.577666, 55.808167], [37.577738, 55.808203], [37.577789, 55.808292], [37.577799, 55.808372], [37.577771, 55.80843], [37.577646, 55.808529], [37.577438, 55.80867], [37.57732, 55.808747]], [[37.679741, 55.76305], [37.680065, 55.763008], [37.680368, 55.762977], [37.680407, 55.762973]], [[37.679659, 55.763096], [37.678237, 55.763275], [37.67697, 55.76342], [37.675391, 55.763603], [37.67429, 55.763753], [37.674189, 55.763756], [37.674135, 55.763756], [37.674104, 55.763752], [37.674022, 55.763742], [37.673887, 55.763708], [37.673808, 55.763667], [37.67377, 55.763633], [37.673743, 55.763608], [37.67372, 55.763557], [37.673714, 55.763545], [37.673582, 55.763093], [37.673555, 55.762971], [37.6734, 55.762275], [37.673269, 55.761682], [37.673203, 55.761386], [37.673107, 55.760951], [37.673063, 55.760791], [37.672888, 55.759999], [37.672881, 55.759976], [37.672864, 55.759954], [37.672831, 55.759938]], [[37.562365, 55.692124], [37.562913, 55.692427], [37.563793, 55.69293], [37.564695, 55.693444], [37.56621, 55.694303], [37.566358, 55.69439], [37.566581, 55.69451], [37.566744, 55.694601], [37.566839, 55.694655], [37.569439, 55.696127], [37.571005, 55.697014], [37.571127, 55.697087], [37.57126, 55.69716], [37.571347, 55.697209], [37.571435, 55.69726], [37.572144, 55.697656], [37.57388, 55.69865], [37.574661, 55.699097], [37.574778, 55.699163], [37.574993, 55.699283], [37.575305, 55.699458], [37.576909, 55.700378], [37.577609, 55.700778], [37.578452, 55.701266], [37.579503, 55.701856], [37.580144, 55.702218], [37.58029, 55.702301]], [[37.608292, 55.694278], [37.608158, 55.694228], [37.607604, 55.694014], [37.606674, 55.693659], [37.604994, 55.693016], [37.604729, 55.692915], [37.604664, 55.692891], [37.603644, 55.692507], [37.602832, 55.692201], [37.602187, 55.691958], [37.602039, 55.691907], [37.601953, 55.691877], [37.601848, 55.69184]], [[37.622171, 55.701815], [37.622352, 55.701809], [37.622504, 55.701813], [37.622585, 55.701825], [37.622655, 55.70185], [37.622714, 55.701883], [37.622754, 55.701926], [37.622772, 55.701972], [37.622773, 55.702018], [37.622745, 55.702076], [37.622588, 55.702291]], [[37.674261, 55.720738], [37.674379, 55.720602]], [[37.740981, 55.756466], [37.740841, 55.756436], [37.74062, 55.756388], [37.740371, 55.756331], [37.740156, 55.756288]], [[37.746998, 55.759049], [37.747, 55.759128], [37.747027, 55.75921], [37.747065, 55.759285], [37.747135, 55.759346], [37.747287, 55.759407], [37.747515, 55.759436], [37.747875, 55.75943], [37.748249, 55.759355], [37.748352, 55.759273], [37.748356, 55.75901], [37.74836, 55.758747], [37.74839, 55.75862], [37.748417, 55.758547], [37.748475, 55.758473], [37.748562, 55.758396], [37.748693, 55.758327], [37.748842, 55.75828], [37.74903, 55.758245], [37.749257, 55.758243], [37.749567, 55.758255]], [[37.77223, 55.762445], [37.770471, 55.762087], [37.769765, 55.761959], [37.769496, 55.761907], [37.768928, 55.761798], [37.763613, 55.760778], [37.758663, 55.759847], [37.756691, 55.759467], [37.754013, 55.75896], [37.753661, 55.758894], [37.752994, 55.758763], [37.752014, 55.75857]], [[37.749568, 55.758292], [37.749246, 55.758276], [37.749037, 55.758274], [37.748856, 55.758315], [37.748714, 55.758358], [37.748604, 55.758413], [37.748521, 55.758484], [37.748466, 55.758554], [37.748439, 55.758623], [37.748416, 55.75875], [37.748412, 55.75902], [37.748422, 55.759252], [37.748395, 55.759322], [37.748247, 55.759406], [37.748112, 55.759436], [37.747891, 55.759476], [37.747673, 55.759481], [37.74751, 55.759479], [37.747293, 55.759453], [37.747145, 55.759397], [37.747033, 55.759316], [37.746945, 55.759173], [37.746942, 55.759051]], [[37.752032, 55.758533], [37.752368, 55.758598], [37.753019, 55.758725], [37.75363, 55.758843], [37.754078, 55.758929], [37.756579, 55.759405], [37.761363, 55.76032], [37.768417, 55.761663], [37.769519, 55.761874], [37.769785, 55.761925], [37.77074, 55.762104], [37.772251, 55.76241]], [[37.782765, 55.764593], [37.782252, 55.764492], [37.782201, 55.764482], [37.782147, 55.764467], [37.782095, 55.764443], [37.781964, 55.764381]], [[37.783511, 55.764683], [37.783397, 55.764661], [37.783076, 55.764597]], [[37.818647, 55.75134], [37.818273, 55.751393], [37.818079, 55.751421], [37.817973, 55.751436], [37.817517, 55.751502], [37.817306, 55.751532], [37.816947, 55.751584], [37.816781, 55.751608], [37.815776, 55.751754], [37.814753, 55.751888], [37.814116, 55.751976], [37.813526, 55.752058], [37.812602, 55.752185], [37.812487, 55.752201], [37.811471, 55.752341], [37.811244, 55.752372], [37.810133, 55.752535], [37.809361, 55.752645], [37.808117, 55.752826], [37.807882, 55.752862], [37.80784, 55.752868], [37.806435, 55.75307], [37.80546, 55.753212], [37.805219, 55.753247], [37.804396, 55.753365], [37.803828, 55.753446], [37.803607, 55.753478], [37.803399, 55.753508], [37.803223, 55.753533], [37.803038, 55.753559], [37.802903, 55.753579], [37.80178, 55.753742]], [[37.815764, 55.751718], [37.816767, 55.751571], [37.816931, 55.751547], [37.81729, 55.751495], [37.817502, 55.751466], [37.81796, 55.751404], [37.818264, 55.751362], [37.818645, 55.75131]], [[37.816617, 55.744975], [37.816675, 55.745016], [37.816696, 55.745046], [37.816748, 55.745181], [37.816871, 55.745497], [37.816939, 55.745681], [37.81693, 55.745799]], [[37.816691, 55.745314], [37.816663, 55.745237], [37.816609, 55.745088], [37.816549, 55.744922]], [[37.816691, 55.745314], [37.816626, 55.74526], [37.816608, 55.745254], [37.816504, 55.745219], [37.816288, 55.745155], [37.816077, 55.745093], [37.815986, 55.745047], [37.815918, 55.744997], [37.815857, 55.744929]], [[37.723873, 55.753049], [37.723748, 55.753025], [37.721992, 55.752673], [37.721736, 55.752626]], [[37.73411, 55.755027], [37.732304, 55.754673]], [[37.490949, 55.809496], [37.489599, 55.809145]], [[37.490975, 55.809465], [37.489638, 55.8091]], [[37.490975, 55.809465], [37.491001, 55.809473], [37.491074, 55.809491], [37.491152, 55.809502], [37.491231, 55.809505], [37.491311, 55.8095], [37.491388, 55.809488], [37.491765, 55.809417], [37.491929, 55.809383]], [[37.491777, 55.809449], [37.491394, 55.809523], [37.491313, 55.809536], [37.491228, 55.809541], [37.491144, 55.809538], [37.491062, 55.809526], [37.490985, 55.809507], [37.490949, 55.809496]], [[37.487406, 55.809568], [37.48881, 55.809157]], [[37.48383, 55.810676], [37.483571, 55.810669], [37.482577, 55.810639], [37.482357, 55.810632], [37.481072, 55.810585], [37.479807, 55.810536], [37.478641, 55.81049], [37.478142, 55.810472], [37.477443, 55.810446], [37.477055, 55.810432], [37.476263, 55.810406], [37.476165, 55.810402], [37.476013, 55.810398], [37.475894, 55.810397], [37.475553, 55.810387]], [[37.587642, 55.680765], [37.587915, 55.681005], [37.588324, 55.681379], [37.588711, 55.681734], [37.58907, 55.682064], [37.589206, 55.682188], [37.589397, 55.682363], [37.589803, 55.682735], [37.58999, 55.682907], [37.590919, 55.683761]], [[37.590863, 55.683774], [37.589751, 55.682755], [37.589352, 55.682389], [37.589163, 55.682215], [37.589022, 55.682085], [37.588661, 55.681753], [37.588631, 55.681726], [37.588271, 55.681395], [37.587864, 55.681021], [37.587594, 55.680786]], [[37.543745, 55.83516], [37.543321, 55.835273], [37.542784, 55.835417], [37.542487, 55.835496], [37.53937, 55.836324], [37.539281, 55.836348], [37.539036, 55.83641], [37.538404, 55.83657], [37.538144, 55.836633], [37.536939, 55.836961], [37.536881, 55.836976], [37.536143, 55.837172], [37.536046, 55.837198], [37.533121, 55.83798], [37.532362, 55.838184], [37.53193, 55.838301], [37.531463, 55.838429], [37.53033, 55.838733], [37.529558, 55.838944]], [[37.6787, 55.752585], [37.678895, 55.752849], [37.679044, 55.75306], [37.679237, 55.753307], [37.679377, 55.753515]], [[37.686449, 55.747228], [37.688395, 55.747352], [37.688632, 55.747367], [37.692776, 55.747672], [37.694574, 55.747831], [37.694885, 55.747861], [37.696034, 55.747935], [37.69644, 55.74795], [37.696952, 55.747972], [37.698292, 55.748079], [37.698995, 55.748155], [37.699655, 55.748292], [37.699926, 55.748363], [37.700047, 55.748395], [37.700121, 55.748415], [37.700306, 55.748463], [37.700876, 55.748564], [37.701175, 55.748618], [37.702102, 55.748795], [37.702518, 55.748874], [37.702916, 55.748938], [37.703417, 55.74901], [37.703851, 55.749091], [37.70465, 55.749234], [37.705376, 55.749376], [37.706026, 55.749502]], [[37.47557, 55.810347], [37.475899, 55.810356], [37.476018, 55.810357], [37.476173, 55.810361], [37.476915, 55.81039], [37.47706, 55.810395], [37.477192, 55.8104], [37.477803, 55.810423], [37.47865, 55.810453], [37.479812, 55.810498], [37.482362, 55.810596], [37.483145, 55.810618], [37.483576, 55.810633], [37.483834, 55.810641]], [[37.61676, 55.822761], [37.61661, 55.822772], [37.616574, 55.822776], [37.616536, 55.82278], [37.616519, 55.822782], [37.616501, 55.822784], [37.616482, 55.822788], [37.616464, 55.822792], [37.616448, 55.822796], [37.616433, 55.8228], [37.616416, 55.822805], [37.616399, 55.82281], [37.616381, 55.822815], [37.616364, 55.822822], [37.616347, 55.822829], [37.616332, 55.822838], [37.616318, 55.822846], [37.616305, 55.822856], [37.616293, 55.822865], [37.616281, 55.822876], [37.616271, 55.822887], [37.616262, 55.822898], [37.616254, 55.822909], [37.616247, 55.82292], [37.61624, 55.822931], [37.616235, 55.822943], [37.616229, 55.822956], [37.616225, 55.822968], [37.616222, 55.822982], [37.61622, 55.822994], [37.61622, 55.823219], [37.616222, 55.823351]], [[37.618799, 55.822627], [37.618831, 55.822625], [37.61886, 55.822622], [37.61889, 55.822618], [37.618919, 55.822613], [37.618947, 55.822607], [37.618974, 55.822598], [37.618998, 55.822589], [37.619018, 55.822578], [37.619036, 55.822567], [37.619053, 55.822555], [37.619065, 55.822541], [37.619073, 55.822527], [37.61908, 55.822512], [37.619087, 55.822495], [37.619092, 55.822479], [37.619096, 55.822462], [37.619098, 55.822443], [37.6191, 55.822424], [37.619102, 55.822405], [37.619103, 55.822386], [37.619111, 55.82213], [37.619112, 55.822116], [37.619112, 55.822101], [37.619114, 55.822086], [37.619117, 55.82207], [37.619123, 55.822055], [37.619129, 55.822038], [37.619137, 55.822022], [37.619148, 55.822005], [37.619164, 55.82199], [37.619182, 55.821976], [37.619199, 55.821963], [37.61922, 55.82195], [37.619238, 55.821939], [37.619258, 55.821928], [37.619279, 55.821917], [37.619301, 55.821908], [37.619329, 55.821898], [37.619355, 55.821891], [37.619382, 55.821884], [37.619414, 55.821878], [37.619444, 55.821873], [37.619474, 55.82187], [37.619504, 55.821867], [37.619533, 55.821865], [37.619562, 55.821863], [37.61959, 55.821862]], [[37.710481, 55.750365], [37.710708, 55.750413], [37.712926, 55.75085]], [[37.712907, 55.750875], [37.710689, 55.750441], [37.710464, 55.750393]], [[37.706026, 55.749502], [37.707873, 55.749865], [37.708849, 55.75005], [37.708981, 55.750075], [37.710481, 55.750365]], [[37.710464, 55.750393], [37.709087, 55.750129], [37.708964, 55.750105], [37.707854, 55.749895], [37.706008, 55.749532]], [[37.715261, 55.753757], [37.715381, 55.75377], [37.715468, 55.753777], [37.715623, 55.753769], [37.715639, 55.753766], [37.71571, 55.753755], [37.715781, 55.753729], [37.715848, 55.753689], [37.715861, 55.753681], [37.715919, 55.753627], [37.715979, 55.753562]], [[37.588609, 55.595247], [37.58872, 55.595172], [37.588863, 55.595092], [37.588989, 55.595051], [37.589071, 55.595036], [37.589634, 55.594944], [37.59059, 55.594789], [37.59088, 55.594739], [37.590971, 55.59473], [37.591068, 55.594734], [37.591166, 55.594752], [37.591274, 55.594782], [37.59137, 55.594821], [37.591471, 55.594883]], [[37.455151, 55.781004], [37.455032, 55.780744], [37.454981, 55.780675], [37.454927, 55.780638], [37.45487, 55.780617], [37.454797, 55.780602], [37.454701, 55.780593], [37.4546, 55.780598], [37.454466, 55.780615]], [[37.454466, 55.780615], [37.454313, 55.780636], [37.45423, 55.780641], [37.454161, 55.780637], [37.454098, 55.780625], [37.45403, 55.780604], [37.453986, 55.780583], [37.453943, 55.780552], [37.453913, 55.780511], [37.453798, 55.78025], [37.453736, 55.78011], [37.453719, 55.780071], [37.453702, 55.780033], [37.453694, 55.779999], [37.453694, 55.779965], [37.453703, 55.779932], [37.453725, 55.779905], [37.453773, 55.779867], [37.453817, 55.779847], [37.453896, 55.779827], [37.45407, 55.779803], [37.454238, 55.779783], [37.45436, 55.779788], [37.454459, 55.779804], [37.454547, 55.779831], [37.454619, 55.779867], [37.454674, 55.779916], [37.454727, 55.779976], [37.4548, 55.780095]], [[37.454806, 55.780108], [37.454814, 55.780167], [37.454812, 55.780222], [37.454821, 55.780275], [37.454922, 55.780501], [37.45495, 55.780564], [37.454976, 55.780602], [37.455026, 55.780664], [37.455079, 55.780739]], [[37.455641, 55.782034], [37.45553, 55.781794], [37.455151, 55.781004]], [[37.454156, 55.789354], [37.45415, 55.789237], [37.454148, 55.789113], [37.454147, 55.788969], [37.454144, 55.788799], [37.454101, 55.787724], [37.454117, 55.787162], [37.454158, 55.786874], [37.454241, 55.786549], [37.454468, 55.785984], [37.454673, 55.785601], [37.45491, 55.785234]], [[37.454387, 55.794098], [37.454388, 55.794027], [37.45438, 55.793199], [37.454376, 55.792863], [37.454365, 55.791797], [37.454358, 55.791718], [37.45419, 55.789757], [37.454156, 55.789354]], [[37.461332, 55.809533], [37.461288, 55.80948], [37.461208, 55.809414], [37.461126, 55.809351], [37.460979, 55.809229], [37.460402, 55.808774], [37.460317, 55.808708], [37.458153, 55.806844]], [[37.4619, 55.810182], [37.462172, 55.810296], [37.462251, 55.810345], [37.462299, 55.810387], [37.462333, 55.810443], [37.462344, 55.810488], [37.462348, 55.810523], [37.462337, 55.810554], [37.46232, 55.81059], [37.462287, 55.81062], [37.462259, 55.810641], [37.462227, 55.810662], [37.462194, 55.810681], [37.462148, 55.810699], [37.4621, 55.810716], [37.462042, 55.810729], [37.461993, 55.810738], [37.461942, 55.810743], [37.46181, 55.810742]], [[37.46133, 55.810405], [37.461385, 55.810289], [37.461402, 55.810232], [37.461424, 55.81004]], [[37.472868, 55.813342], [37.473389, 55.812847]], [[37.474388, 55.812253], [37.4746, 55.812146], [37.474783, 55.812033], [37.474906, 55.811884], [37.474992, 55.81165], [37.475004, 55.811525]], [[37.45368, 55.818724], [37.451463, 55.819246]], [[37.450386, 55.81929], [37.45024, 55.819242], [37.45013, 55.819204], [37.45, 55.819169], [37.44986, 55.819142], [37.449704, 55.819125], [37.449508, 55.819119], [37.449305, 55.819128], [37.449175, 55.819146], [37.449037, 55.819176], [37.448919, 55.819212], [37.448821, 55.819252], [37.448692, 55.819324], [37.448588, 55.819399], [37.44851, 55.819482], [37.448445, 55.819578], [37.448414, 55.819662], [37.448402, 55.819777], [37.448424, 55.819885], [37.448475, 55.819983], [37.448577, 55.820107]], [[37.448577, 55.820107], [37.449546, 55.82106]], [[37.451398, 55.824236], [37.451754, 55.8251], [37.451921, 55.825512], [37.452326, 55.826516], [37.452361, 55.826614], [37.452371, 55.826644], [37.452384, 55.82668], [37.452448, 55.826932], [37.452745, 55.828393], [37.452764, 55.828489], [37.452788, 55.828601], [37.452812, 55.828727], [37.452857, 55.828949], [37.452925, 55.82929], [37.45307, 55.830011], [37.453081, 55.830085], [37.453105, 55.830179]], [[37.454072, 55.834988], [37.454202, 55.835607]], [[37.436019, 55.856146], [37.43567, 55.856352], [37.435347, 55.856528], [37.43501, 55.856695], [37.434597, 55.856881], [37.434169, 55.857062], [37.433863, 55.857179], [37.433552, 55.857291], [37.43288, 55.857498], [37.432407, 55.857624], [37.432189, 55.857673], [37.432014, 55.857715], [37.431565, 55.857811], [37.43103, 55.857905], [37.430637, 55.857962], [37.429882, 55.858061], [37.429056, 55.858138], [37.4285, 55.858177], [37.428206, 55.858194], [37.427276, 55.858241], [37.42671, 55.858273], [37.426467, 55.858282], [37.426281, 55.858288], [37.425758, 55.858297], [37.42516, 55.858297], [37.424689, 55.858295], [37.423588, 55.858269], [37.421744, 55.858193], [37.421046, 55.858168], [37.420578, 55.858143], [37.420308, 55.858127], [37.419919, 55.858098], [37.419625, 55.858073], [37.419328, 55.85805], [37.418811, 55.858005], [37.417993, 55.857953], [37.417316, 55.857887], [37.41681, 55.857836], [37.41608, 55.857723], [37.415906, 55.857691], [37.41567, 55.857649], [37.415143, 55.857545], [37.414897, 55.857493], [37.414782, 55.857466], [37.414573, 55.857417], [37.414266, 55.857334], [37.413891, 55.857222], [37.413632, 55.857142], [37.412962, 55.856918], [37.412759, 55.856839], [37.412451, 55.856713], [37.411896, 55.856485], [37.411491, 55.856282], [37.411197, 55.85612], [37.41086, 55.855918], [37.410747, 55.855849], [37.410212, 55.855505], [37.409847, 55.855231], [37.409368, 55.854838]], [[37.453164, 55.835885], [37.453248, 55.83594], [37.453287, 55.83598], [37.453314, 55.836033], [37.453315, 55.836067], [37.453312, 55.836097], [37.453285, 55.83614], [37.453247, 55.836168], [37.453181, 55.836198]], [[37.452286, 55.836405], [37.452178, 55.836405], [37.452083, 55.836397], [37.452003, 55.83637], [37.451946, 55.836346], [37.451883, 55.836279], [37.451864, 55.836217], [37.451883, 55.836137]], [[37.40726, 55.850818], [37.407402, 55.85083], [37.407504, 55.850887], [37.407549, 55.850985], [37.407506, 55.851126], [37.407417, 55.851333], [37.407328, 55.851566], [37.407283, 55.851677]], [[37.656117, 55.835936], [37.655683, 55.8355]], [[37.655729, 55.835485], [37.656163, 55.835922]], [[37.645691, 55.827329], [37.645764, 55.827308], [37.645889, 55.82727], [37.646071, 55.827215], [37.646509, 55.827085]], [[37.646543, 55.827111], [37.646097, 55.827242], [37.645915, 55.827298], [37.64579, 55.827335], [37.645715, 55.827357]], [[37.660933, 55.863055], [37.660969, 55.86313], [37.660994, 55.863182], [37.661324, 55.863854], [37.661697, 55.864596], [37.661738, 55.864675], [37.661743, 55.864686], [37.661794, 55.86478], [37.663016, 55.86716], [37.663058, 55.867244], [37.663579, 55.868288], [37.663601, 55.868339], [37.663804, 55.868754], [37.663822, 55.868789], [37.66384, 55.868833]], [[37.617229, 55.822737], [37.61691, 55.822754], [37.61676, 55.822761]], [[37.655656, 55.835412], [37.65569, 55.835446], [37.655729, 55.835485]], [[37.654298, 55.834122], [37.653955, 55.833833], [37.653934, 55.833812]], [[37.660899, 55.86306], [37.66064, 55.862549]], [[37.660684, 55.862539], [37.660933, 55.863055]], [[37.653967, 55.833787], [37.653988, 55.833806], [37.65434, 55.834112]], [[37.655683, 55.8355], [37.655643, 55.835461], [37.655607, 55.835427]], [[37.663799, 55.868845], [37.663782, 55.868795], [37.66367, 55.868552], [37.663569, 55.868344], [37.663503, 55.86821], [37.663426, 55.868048], [37.663018, 55.867252], [37.662973, 55.867165], [37.661749, 55.864787], [37.6617, 55.864693], [37.661694, 55.864683], [37.661653, 55.864603], [37.66147, 55.864242], [37.661282, 55.863859], [37.660961, 55.863186], [37.660935, 55.863134], [37.660899, 55.86306]], [[37.655607, 55.835427], [37.655025, 55.834839], [37.65484, 55.834653]], [[37.654889, 55.834636], [37.655072, 55.834822], [37.655656, 55.835412]], [[37.659148, 55.837731], [37.66057, 55.838804], [37.661666, 55.839626], [37.662371, 55.840208]], [[37.662324, 55.840226], [37.661621, 55.839642], [37.660529, 55.838822], [37.659103, 55.837749]], [[37.66064, 55.862549], [37.660234, 55.861653], [37.660075, 55.861046], [37.660028, 55.860764], [37.660021, 55.860423], [37.660025, 55.860166], [37.660068, 55.859861], [37.660077, 55.859821]], [[37.660119, 55.859825], [37.660111, 55.859862], [37.66007, 55.860166], [37.66006, 55.86042], [37.660077, 55.860764], [37.660116, 55.861032], [37.660282, 55.861652], [37.660684, 55.862539]], [[37.636525, 55.822866], [37.636812, 55.823017], [37.637617, 55.823421], [37.637816, 55.82353]], [[37.656163, 55.835922], [37.656222, 55.835979], [37.656301, 55.836057], [37.656392, 55.836126], [37.656509, 55.836195], [37.656652, 55.836267], [37.657123, 55.836434], [37.657431, 55.836539], [37.657583, 55.836602], [37.657724, 55.836668], [37.657852, 55.836765]], [[37.657807, 55.836783], [37.657684, 55.836691], [37.657549, 55.836628], [37.657399, 55.836571], [37.657094, 55.836463], [37.656628, 55.836295], [37.656478, 55.836222], [37.656361, 55.836155], [37.65626, 55.836072], [37.656176, 55.835994], [37.656117, 55.835936]], [[37.637776, 55.823552], [37.637581, 55.823444], [37.636783, 55.823038], [37.636499, 55.822889]], [[37.664762, 55.84263], [37.664644, 55.842527], [37.664598, 55.842481], [37.66456, 55.84243], [37.66453, 55.842367], [37.664514, 55.842293], [37.664501, 55.842117], [37.66449, 55.84205], [37.664457, 55.841984], [37.664327, 55.841861], [37.664165, 55.841702]], [[37.664206, 55.841684], [37.664378, 55.841843], [37.664507, 55.841975], [37.664542, 55.842047], [37.664551, 55.842116], [37.664562, 55.842291], [37.664576, 55.84236], [37.664601, 55.842421], [37.664635, 55.84247], [37.66468, 55.842514], [37.664803, 55.842613]], [[37.666842, 55.844031], [37.668379, 55.845164]], [[37.668339, 55.845181], [37.666801, 55.844047]], [[37.662371, 55.840208], [37.662628, 55.840418], [37.662779, 55.84054]], [[37.668534, 55.845324], [37.668465, 55.845275], [37.668339, 55.845181]], [[37.662724, 55.840556], [37.662578, 55.840435], [37.662324, 55.840226]], [[37.668379, 55.845164], [37.668507, 55.845257], [37.668545, 55.845283], [37.668577, 55.845306]], [[37.662779, 55.84054], [37.663575, 55.841162], [37.664007, 55.841524], [37.664206, 55.841684]], [[37.633809, 55.780467], [37.634028, 55.780444], [37.634384, 55.780406], [37.634589, 55.780384], [37.635491, 55.78029], [37.636094, 55.780226], [37.636662, 55.780166], [37.637306, 55.780097], [37.637735, 55.780053], [37.637883, 55.780038], [37.638649, 55.779958], [37.639392, 55.779881], [37.63998, 55.77982], [37.640142, 55.779803], [37.64101, 55.779716]], [[37.665778, 55.843331], [37.665853, 55.843393], [37.665913, 55.84344], [37.665955, 55.843468]], [[37.63355, 55.780527], [37.633361, 55.780538], [37.633147, 55.780553], [37.632988, 55.780561]], [[37.664165, 55.841702], [37.663961, 55.841542], [37.663524, 55.841177], [37.662724, 55.840556]], [[37.665913, 55.843485], [37.665873, 55.843455], [37.665813, 55.843408], [37.665734, 55.843347]], [[37.648977, 55.776729], [37.648922, 55.776792], [37.648587, 55.777194]], [[37.669598, 55.846108], [37.669177, 55.845799], [37.669054, 55.845714], [37.668988, 55.845658], [37.668534, 55.845324]], [[37.668577, 55.845306], [37.66903, 55.845639], [37.669222, 55.845779], [37.669496, 55.845982], [37.669643, 55.846088]], [[37.665955, 55.843468], [37.66603, 55.843522], [37.666083, 55.843561], [37.666173, 55.843615], [37.666463, 55.84378], [37.666724, 55.843939], [37.666842, 55.844031]], [[37.648534, 55.777185], [37.648877, 55.776783], [37.648938, 55.776709]], [[37.666801, 55.844047], [37.666682, 55.843957], [37.666423, 55.843801], [37.666133, 55.843635], [37.666041, 55.84358], [37.665988, 55.843542], [37.665913, 55.843485]], [[37.596472, 55.783813], [37.596217, 55.783633], [37.595766, 55.783324], [37.592718, 55.781237], [37.592607, 55.78116], [37.592461, 55.781062], [37.592106, 55.780823], [37.590841, 55.779993], [37.590679, 55.779887], [37.590092, 55.779503], [37.590005, 55.779447], [37.589847, 55.779348], [37.589423, 55.779078]], [[37.503765, 55.814741], [37.50376, 55.815187]], [[37.457739, 55.806556], [37.457616, 55.806484], [37.457443, 55.806395], [37.457005, 55.806211], [37.456743, 55.806122], [37.456462, 55.806043], [37.455988, 55.805932], [37.455529, 55.805847], [37.455228, 55.805796], [37.454785, 55.80575], [37.454202, 55.805702]], [[37.452286, 55.805551], [37.452152, 55.805525], [37.452058, 55.805499]], [[37.451008, 55.805432], [37.451212, 55.805445], [37.452058, 55.805499]], [[37.461373, 55.810004], [37.4614, 55.809781], [37.461402, 55.809715], [37.461394, 55.809656], [37.461387, 55.809628], [37.461332, 55.809533]], [[37.685376, 55.759591], [37.685309, 55.758769]], [[37.464053, 55.810021], [37.463133, 55.809988], [37.462484, 55.809969]], [[37.649499, 55.833549], [37.64933, 55.833608], [37.649179, 55.833637], [37.649143, 55.833639], [37.649045, 55.833644], [37.648814, 55.833616]], [[37.652195, 55.832051], [37.652672, 55.832537], [37.653409, 55.83326]], [[37.648823, 55.83337], [37.648276, 55.832872], [37.64693, 55.831646], [37.646331, 55.831102], [37.646003, 55.830803]], [[37.652549, 55.832465], [37.652426, 55.832402], [37.652327, 55.832372], [37.652229, 55.832364], [37.652124, 55.832377], [37.652084, 55.832387], [37.65202, 55.832418]], [[37.64893, 55.829106], [37.648322, 55.828513], [37.647771, 55.827973], [37.647281, 55.827481], [37.646976, 55.827169]], [[37.577671, 55.808256], [37.577705, 55.808324], [37.577714, 55.808381], [37.577674, 55.808442], [37.577593, 55.808512], [37.577235, 55.808759], [37.577205, 55.808776], [37.577172, 55.808792]], [[37.57748, 55.808114], [37.577644, 55.808208], [37.577671, 55.808256], [37.577658, 55.808328], [37.577629, 55.808403], [37.577554, 55.808469], [37.577082, 55.808802], [37.57704, 55.808823], [37.577003, 55.808842]], [[37.81673, 55.74544], [37.816671, 55.745362], [37.816631, 55.745324], [37.81655, 55.745285], [37.816531, 55.745279], [37.81625, 55.74519]], [[37.81673, 55.74544], [37.816691, 55.745314]], [[37.783076, 55.764597], [37.781964, 55.764381]], [[37.714092, 55.775568], [37.713162, 55.775105]], [[37.720153, 55.778574], [37.720004, 55.778503], [37.719723, 55.778363], [37.715377, 55.776201], [37.715296, 55.776161], [37.71518, 55.776105], [37.714225, 55.775638], [37.714092, 55.775568]], [[37.71414, 55.775538], [37.714257, 55.7756], [37.715228, 55.776078], [37.715341, 55.776133], [37.715597, 55.77626], [37.719716, 55.778302], [37.72005, 55.778472], [37.72011, 55.778503], [37.720196, 55.778546]], [[37.71321, 55.775075], [37.71414, 55.775538]], [[37.717174, 55.783746], [37.717583, 55.783714]], [[37.716334, 55.783765], [37.717076, 55.783709]], [[37.715083, 55.783899], [37.716345, 55.78381]], [[37.767439, 55.828916], [37.767592, 55.828991], [37.7678, 55.829088], [37.768138, 55.829248]], [[37.449682, 55.805423], [37.448219, 55.805349], [37.444243, 55.805186], [37.442196, 55.805108], [37.440522, 55.805057]], [[37.396353, 55.79923], [37.395728, 55.799361], [37.395605, 55.799387], [37.392337, 55.800089]], [[37.389894, 55.800063], [37.390043, 55.800152], [37.390176, 55.800231]], [[37.725365, 55.753645], [37.725454, 55.753493], [37.725474, 55.753459], [37.725481, 55.753425], [37.725466, 55.753391], [37.725434, 55.75336], [37.725388, 55.753336]], [[37.725329, 55.753703], [37.725365, 55.753645]], [[37.726167, 55.753865], [37.726106, 55.7539], [37.726031, 55.753923], [37.725947, 55.753931], [37.725863, 55.753924], [37.725772, 55.753904], [37.725532, 55.753849], [37.725459, 55.753826], [37.725401, 55.753791], [37.725365, 55.753747], [37.725354, 55.7537], [37.725365, 55.753645]], [[37.726138, 55.753912], [37.726105, 55.753965], [37.726045, 55.753999], [37.72597, 55.754021], [37.725887, 55.75403], [37.725803, 55.754023], [37.725712, 55.754003], [37.725468, 55.753956], [37.725394, 55.753933], [37.725336, 55.753898], [37.7253, 55.753855], [37.725289, 55.753808], [37.7253, 55.753753], [37.725329, 55.753703]], [[37.726138, 55.753912], [37.726078, 55.753946], [37.726003, 55.753968], [37.72592, 55.753976], [37.725836, 55.75397], [37.725745, 55.75395], [37.725497, 55.753907], [37.725423, 55.753883], [37.725365, 55.753848], [37.72533, 55.753805], [37.725319, 55.753758], [37.725329, 55.753703]], [[37.7263, 55.753484], [37.726334, 55.753506], [37.726343, 55.753519], [37.726354, 55.753533], [37.726359, 55.753562], [37.726349, 55.753591], [37.726325, 55.753617], [37.726167, 55.753865]], [[37.726167, 55.753865], [37.726138, 55.753912]], [[37.725388, 55.753336], [37.723873, 55.753049]], [[37.723767, 55.752988], [37.7263, 55.753484]], [[37.732304, 55.754673], [37.727984, 55.753832], [37.727004, 55.753646], [37.726343, 55.753519], [37.725388, 55.753336]], [[37.72176, 55.752606], [37.721998, 55.752651], [37.723767, 55.752988]], [[37.727581, 55.805638], [37.727771, 55.80527], [37.728298, 55.804252], [37.728371, 55.80411]], [[37.728696, 55.803586], [37.728338, 55.804278], [37.72782, 55.805278], [37.727509, 55.805882], [37.727415, 55.806065]], [[37.728468, 55.80336], [37.727293, 55.803162]], [[37.714903, 55.795946], [37.714948, 55.795957], [37.716951, 55.796307], [37.7184, 55.796563], [37.723036, 55.797358], [37.724461, 55.797609], [37.724722, 55.79765], [37.725728, 55.797831], [37.728475, 55.798295]], [[37.726668, 55.807938], [37.726676, 55.80796], [37.72673, 55.80808], [37.726819, 55.808187], [37.726929, 55.808287], [37.727321, 55.808507], [37.727514, 55.808618]], [[37.727476, 55.808637], [37.727284, 55.808527], [37.72689, 55.808305], [37.726767, 55.808202], [37.726682, 55.808091], [37.726617, 55.807941]], [[37.735398, 55.813218], [37.735327, 55.813179], [37.734512, 55.812711], [37.734378, 55.812634], [37.733067, 55.811869], [37.732422, 55.811497], [37.731452, 55.810934], [37.730897, 55.81062], [37.730842, 55.810588], [37.730799, 55.810561], [37.730708, 55.810508], [37.730587, 55.810438], [37.730468, 55.81037], [37.730063, 55.81013], [37.729067, 55.809552], [37.727476, 55.808637]], [[37.727514, 55.808618], [37.729103, 55.809531], [37.730101, 55.810111], [37.730505, 55.81035], [37.730624, 55.810418], [37.730744, 55.810487], [37.730835, 55.810542], [37.730879, 55.810568], [37.730934, 55.8106], [37.73149, 55.810914], [37.732459, 55.811477], [37.733104, 55.811849], [37.734415, 55.812614], [37.735366, 55.813157], [37.735433, 55.813196]], [[37.591722, 55.61407], [37.591119, 55.613932], [37.590572, 55.613802], [37.590356, 55.6137], [37.59034, 55.613692], [37.590162, 55.613593]], [[37.591606, 55.614001], [37.59141, 55.613947], [37.590356, 55.6137]], [[37.69801, 55.767139], [37.697913, 55.766984]], [[37.701071, 55.769055], [37.700489, 55.76869], [37.699014, 55.767766], [37.6982, 55.767274], [37.6981, 55.767209], [37.69801, 55.767139]], [[37.698043, 55.767099], [37.698054, 55.767114], [37.698148, 55.767191], [37.698241, 55.76725], [37.699072, 55.767735], [37.700548, 55.76866], [37.70113, 55.769025]], [[37.706964, 55.771821], [37.707547, 55.772072], [37.707749, 55.772174], [37.709713, 55.773167], [37.709835, 55.773228], [37.710138, 55.773378], [37.71023, 55.773424], [37.710409, 55.773513], [37.711399, 55.774004]], [[37.711365, 55.774037], [37.710515, 55.773616], [37.710372, 55.773547], [37.710198, 55.773462], [37.710096, 55.773411], [37.709788, 55.773261], [37.70966, 55.773198], [37.707701, 55.772207], [37.7075, 55.772105], [37.706935, 55.771866]], [[37.679991, 55.754031], [37.68015, 55.75415]], [[37.697176, 55.73397], [37.698223, 55.735359]], [[37.695902, 55.734174], [37.695895, 55.734093], [37.695918, 55.734038], [37.695957, 55.733988], [37.696019, 55.733961], [37.696468, 55.733871]], [[37.611693, 55.726734], [37.611703, 55.726756], [37.611712, 55.726767], [37.61172, 55.726778], [37.611734, 55.726793], [37.611748, 55.726805], [37.611758, 55.726813], [37.611771, 55.726821], [37.611784, 55.726831], [37.611812, 55.726846], [37.61183, 55.726853], [37.611855, 55.726862], [37.611867, 55.726866], [37.611886, 55.726872], [37.611907, 55.726876], [37.611928, 55.72688], [37.611953, 55.726883], [37.611978, 55.726886], [37.612008, 55.726887], [37.612053, 55.726887], [37.612149, 55.726889]], [[37.612316, 55.726891], [37.61249, 55.726894]], [[37.612149, 55.726889], [37.612316, 55.726891]], [[37.612372, 55.727353], [37.612135, 55.727357]], [[37.612135, 55.727357], [37.612088, 55.727357], [37.612039, 55.727355], [37.612003, 55.727351], [37.611969, 55.727345], [37.611926, 55.727334], [37.611885, 55.727321], [37.611854, 55.727307], [37.611827, 55.727292], [37.611798, 55.727272], [37.611778, 55.727254], [37.611761, 55.727236], [37.611747, 55.727216], [37.611738, 55.727189], [37.611732, 55.727161]], [[37.639087, 55.764788], [37.639013, 55.764781], [37.63893, 55.764763], [37.638854, 55.764731], [37.638837, 55.76472], [37.638788, 55.764679], [37.638758, 55.764643]], [[37.662996, 55.731203], [37.662949, 55.731193]], [[37.53743, 55.692273], [37.537714, 55.692111]], [[37.616758, 55.82273], [37.616911, 55.822722], [37.618445, 55.822646], [37.618799, 55.822627]], [[37.618807, 55.822657], [37.618451, 55.822676], [37.617843, 55.822707], [37.617229, 55.822737]], [[37.61959, 55.821862], [37.619641, 55.821861], [37.619721, 55.82186], [37.61996, 55.82186], [37.621339, 55.82186], [37.621649, 55.821858], [37.622575, 55.821853], [37.623231, 55.82185], [37.624877, 55.821838], [37.625132, 55.821836], [37.625742, 55.821836], [37.628137, 55.821823], [37.628395, 55.821822], [37.628617, 55.821821], [37.629317, 55.821818]], [[37.62929, 55.821837], [37.628605, 55.821841], [37.628395, 55.821843], [37.625707, 55.821857], [37.625132, 55.821858], [37.624879, 55.821861], [37.623221, 55.821881], [37.622575, 55.821884], [37.622128, 55.821886], [37.62165, 55.821888], [37.61996, 55.821889], [37.619723, 55.821889], [37.619642, 55.821891], [37.619593, 55.821891]], [[37.588464, 55.595419], [37.588317, 55.595517], [37.588287, 55.595537], [37.588085, 55.595672], [37.587931, 55.595871], [37.587907, 55.596052], [37.587897, 55.596192], [37.587893, 55.596245], [37.58795, 55.59653]], [[37.587838, 55.596314], [37.587818, 55.596194], [37.587822, 55.596053], [37.587851, 55.595853], [37.588018, 55.595638], [37.588225, 55.5955], [37.58825, 55.595483], [37.588406, 55.595379], [37.588609, 55.595247]], [[37.625615, 55.67902], [37.625403, 55.679122], [37.625281, 55.679211], [37.625213, 55.679317]], [[37.661373, 55.730862], [37.661303, 55.730847]], [[37.661393, 55.73083], [37.664068, 55.731409]], [[37.662949, 55.731193], [37.661373, 55.730862]], [[37.661353, 55.730821], [37.661393, 55.73083]], [[37.612489, 55.727351], [37.612372, 55.727353]], [[37.701282, 55.794711], [37.702966, 55.794894]], [[37.702939, 55.79492], [37.701273, 55.794739]], [[37.651906, 55.727907], [37.651807, 55.727857]], [[37.653376, 55.728508], [37.655739, 55.729548]], [[37.647173, 55.831781], [37.647101, 55.831741], [37.647021, 55.8317], [37.646986, 55.831683], [37.64693, 55.831646]], [[37.426893, 55.80375], [37.426249, 55.803761], [37.425495, 55.803774], [37.424902, 55.803795], [37.42459, 55.803816], [37.424342, 55.803839], [37.42168, 55.804164], [37.420237, 55.804351], [37.420083, 55.80437], [37.41612, 55.80488], [37.415804, 55.804923], [37.413564, 55.80525], [37.413362, 55.805278], [37.411878, 55.80548], [37.41158, 55.805523], [37.411492, 55.805534], [37.411251, 55.805567]], [[37.383872, 55.797487], [37.383718, 55.797431], [37.383581, 55.797372], [37.383468, 55.797297], [37.383424, 55.79721], [37.383412, 55.797112], [37.383445, 55.797054], [37.383505, 55.797001], [37.383596, 55.796946]], [[37.454466, 55.780615], [37.454328, 55.780618], [37.454235, 55.780608], [37.454143, 55.78059], [37.454093, 55.78057], [37.454055, 55.780548], [37.454019, 55.780519], [37.453998, 55.780486], [37.453893, 55.780239]], [[37.4548, 55.780095], [37.454806, 55.780108]], [[37.455079, 55.780739], [37.455201, 55.780999]], [[37.454806, 55.780108], [37.454943, 55.780425]], [[37.621873, 55.702032], [37.621739, 55.701658], [37.621716, 55.701592], [37.621655, 55.701423], [37.621626, 55.701297], [37.621494, 55.70096]], [[37.621655, 55.701216], [37.621685, 55.701291], [37.621722, 55.701448], [37.621779, 55.701593], [37.6218, 55.701663], [37.621805, 55.701677]], [[37.588798, 55.595171], [37.588951, 55.595115], [37.589025, 55.59509], [37.589099, 55.59507], [37.590968, 55.594773], [37.591055, 55.594775], [37.591151, 55.594787], [37.591305, 55.594831]], [[37.606364, 55.711664], [37.606334, 55.711577], [37.606316, 55.711529], [37.606301, 55.711488], [37.606287, 55.711457], [37.606252, 55.711375]], [[37.687522, 55.736658], [37.686981, 55.736715], [37.686592, 55.736753], [37.684216, 55.736987], [37.683895, 55.737019], [37.68372, 55.737037], [37.679502, 55.737508], [37.67939, 55.737522], [37.679142, 55.737551], [37.678559, 55.737625], [37.678014, 55.737695], [37.677515, 55.737758], [37.676968, 55.737828], [37.67666, 55.737868], [37.676156, 55.737932], [37.675726, 55.737987], [37.675509, 55.738014], [37.675311, 55.73804], [37.674742, 55.738114]], [[37.588912, 55.778744], [37.588757, 55.778598]], [[37.474707, 55.810323], [37.474824, 55.810345], [37.474903, 55.810368], [37.474957, 55.810383], [37.475, 55.810409], [37.475051, 55.810441], [37.475069, 55.810458], [37.475095, 55.81049], [37.475116, 55.810547], [37.475133, 55.810598], [37.475131, 55.810634]], [[37.475085, 55.810633], [37.475075, 55.810589], [37.475069, 55.81055], [37.47505, 55.810499], [37.475037, 55.810482], [37.475012, 55.810457], [37.474968, 55.81043], [37.474891, 55.8104], [37.474865, 55.810393], [37.4748, 55.810379], [37.4747, 55.810362]], [[37.740156, 55.756288], [37.738327, 55.755897]], [[37.740159, 55.756251], [37.740918, 55.756413], [37.741063, 55.756444]], [[37.410383, 55.805261], [37.410407, 55.805341], [37.410418, 55.805421], [37.410413, 55.805541], [37.410359, 55.805719], [37.4103, 55.805827], [37.410264, 55.805891]], [[37.410226, 55.805878], [37.410276, 55.805789], [37.410325, 55.805684], [37.410349, 55.805588], [37.410366, 55.805504], [37.410364, 55.805416], [37.410328, 55.805241]], [[37.637025, 55.730027], [37.637054, 55.73003], [37.637142, 55.730037], [37.638064, 55.7301], [37.638731, 55.730145], [37.639219, 55.730182], [37.63931, 55.730188]], [[37.639305, 55.730221], [37.639213, 55.730215], [37.638715, 55.730181], [37.638055, 55.730135], [37.637189, 55.730075], [37.637008, 55.730063]], [[37.637008, 55.730063], [37.636935, 55.730061], [37.636926, 55.730061], [37.636857, 55.730067], [37.636796, 55.730076], [37.636767, 55.730081], [37.636702, 55.730097], [37.636654, 55.730114], [37.636601, 55.730139], [37.636578, 55.730165], [37.63651, 55.730243]], [[37.636545, 55.730127], [37.636584, 55.730106], [37.636637, 55.730082], [37.636682, 55.730065], [37.636718, 55.730056], [37.636793, 55.730043], [37.636853, 55.730036], [37.636892, 55.73003], [37.636957, 55.730026], [37.637025, 55.730027]], [[37.717413, 55.786257], [37.717215, 55.786938], [37.717142, 55.787188]], [[37.666909, 55.732684], [37.66653, 55.732509], [37.66635, 55.732402], [37.666274, 55.732348], [37.665903, 55.732128]], [[37.637008, 55.730063], [37.636944, 55.730047], [37.636917, 55.73004], [37.636892, 55.73003], [37.636875, 55.730024], [37.636827, 55.730002], [37.636789, 55.729987], [37.636741, 55.729961], [37.636706, 55.729937], [37.636664, 55.729888], [37.636647, 55.729857], [37.636632, 55.729749]], [[37.636706, 55.729754], [37.636725, 55.729861], [37.636769, 55.729927], [37.636784, 55.729939], [37.636822, 55.729958], [37.636882, 55.729985], [37.636938, 55.730006], [37.636961, 55.730015], [37.637025, 55.730027]], [[37.636457, 55.73023], [37.636491, 55.730151], [37.636566, 55.729974], [37.636602, 55.729854], [37.636632, 55.729749]], [[37.636706, 55.729754], [37.636673, 55.729858], [37.636664, 55.729888], [37.636636, 55.729984], [37.636584, 55.730106], [37.636554, 55.730161], [37.63651, 55.730243]], [[37.622588, 55.702291], [37.622491, 55.702433], [37.62244, 55.70248], [37.622134, 55.702715], [37.622047, 55.702781]], [[37.701004, 55.816837], [37.70118, 55.816992], [37.701262, 55.817067], [37.701275, 55.817079], [37.701617, 55.817398], [37.701856, 55.817518], [37.701875, 55.817528], [37.702149, 55.817664], [37.70216, 55.817671]], [[37.678558, 55.752468], [37.678589, 55.752486], [37.678608, 55.752493], [37.678632, 55.752505], [37.678651, 55.752522], [37.6787, 55.752585]], [[37.684197, 55.736935], [37.686107, 55.736748], [37.686709, 55.73669], [37.687483, 55.736614], [37.688128, 55.736556], [37.688444, 55.736527], [37.688606, 55.736513]], [[37.390823, 55.800713], [37.391011, 55.801027], [37.391231, 55.801352]], [[37.391324, 55.80157], [37.391282, 55.801503], [37.39097, 55.80104], [37.390784, 55.800725]], [[37.392337, 55.800089], [37.392077, 55.800144], [37.391129, 55.800343]], [[37.391114, 55.800317], [37.391951, 55.800134]], [[37.668474, 55.733607], [37.667503, 55.733028], [37.667419, 55.732977]], [[37.616143, 55.823888], [37.616147, 55.823912], [37.616155, 55.823938], [37.616166, 55.823959], [37.6162, 55.824042], [37.616208, 55.824062], [37.616216, 55.824085], [37.616222, 55.824109], [37.616223, 55.824115], [37.616225, 55.824136]], [[37.616222, 55.823351], [37.616219, 55.823385], [37.616213, 55.823414], [37.616202, 55.823445], [37.616189, 55.823472], [37.616164, 55.82352], [37.616153, 55.823547], [37.616145, 55.823579], [37.616142, 55.823609], [37.616142, 55.82364], [37.616143, 55.823888]], [[37.636457, 55.73023], [37.636517, 55.730155], [37.636527, 55.730142], [37.636545, 55.730127]], [[37.690216, 55.806927], [37.689571, 55.807413], [37.689535, 55.80744], [37.688312, 55.808361], [37.688044, 55.808563], [37.685442, 55.810522], [37.684878, 55.810947]], [[37.684852, 55.810913], [37.685398, 55.810502], [37.687708, 55.808762], [37.688001, 55.808542], [37.689492, 55.807419], [37.689527, 55.807393], [37.690176, 55.806904]], [[37.685725, 55.812402], [37.685305, 55.811841], [37.684799, 55.811182]], [[37.684841, 55.81117], [37.685342, 55.811831], [37.685758, 55.812377]], [[37.645082, 55.827313], [37.644961, 55.827249], [37.644863, 55.827197], [37.64389, 55.826683], [37.642467, 55.825969], [37.642265, 55.825873], [37.640954, 55.825188], [37.639461, 55.82442], [37.639315, 55.82434], [37.638272, 55.823805], [37.637949, 55.823639], [37.637827, 55.823577], [37.637776, 55.823552]], [[37.637816, 55.82353], [37.637865, 55.823555], [37.637986, 55.823616], [37.63874, 55.824007], [37.639353, 55.824317], [37.6395, 55.824395], [37.640992, 55.825164], [37.642268, 55.82583], [37.642505, 55.825945], [37.643934, 55.826663], [37.644912, 55.827178], [37.645016, 55.827233], [37.645134, 55.827297]], [[37.676622, 55.74992], [37.676872, 55.750276], [37.677026, 55.75049], [37.677181, 55.750711], [37.67726, 55.75082], [37.677302, 55.750875], [37.677864, 55.751601]], [[37.675729, 55.748758], [37.675874, 55.748887], [37.676495, 55.749701], [37.676521, 55.749777]], [[37.715873, 55.754029], [37.715874, 55.754004], [37.715875, 55.754], [37.715874, 55.753945], [37.715874, 55.753928], [37.71588, 55.753844], [37.715884, 55.753818], [37.715895, 55.753773], [37.71591, 55.753718], [37.715926, 55.753668], [37.715947, 55.753616], [37.715979, 55.753562]], [[37.682938, 55.746944], [37.684596, 55.747074], [37.686449, 55.747228]], [[37.686439, 55.74726], [37.684582, 55.747108], [37.682944, 55.746978]], [[37.680698, 55.746914], [37.680816, 55.746897], [37.680964, 55.746867], [37.681136, 55.746834], [37.681181, 55.746832], [37.681245, 55.746828], [37.681317, 55.746825], [37.681395, 55.746825]], [[37.706008, 55.749532], [37.705357, 55.749405], [37.704631, 55.749264], [37.703835, 55.74912], [37.7034, 55.749038], [37.7029, 55.748969], [37.702502, 55.748903], [37.702175, 55.748841], [37.701158, 55.748648], [37.700856, 55.748593], [37.700282, 55.748485], [37.700098, 55.748443], [37.699961, 55.748407], [37.699804, 55.748365], [37.699634, 55.74832], [37.698982, 55.748185], [37.698284, 55.74811], [37.696951, 55.748005], [37.696522, 55.747985], [37.696036, 55.747971], [37.695019, 55.747905], [37.694877, 55.747895], [37.694504, 55.747858], [37.692763, 55.747707], [37.689001, 55.747422], [37.688625, 55.747396], [37.686439, 55.74726]], [[37.822608, 55.793624], [37.82278, 55.793632], [37.822898, 55.79366], [37.822982, 55.793709], [37.822994, 55.793719], [37.823037, 55.793754], [37.823058, 55.793778], [37.823094, 55.793847], [37.823074, 55.794144], [37.82307, 55.794196]], [[37.666984, 55.853334], [37.666868, 55.853362], [37.666767, 55.853391], [37.666678, 55.853411], [37.666624, 55.85342], [37.666563, 55.85342], [37.666502, 55.853415], [37.666421, 55.853396], [37.666348, 55.853369], [37.666294, 55.853329], [37.666265, 55.853279], [37.666256, 55.853229], [37.666284, 55.853138]], [[37.645315, 55.830709], [37.64534, 55.83067], [37.64537, 55.830644], [37.645455, 55.830599], [37.645727, 55.830504], [37.645973, 55.830418]], [[37.646003, 55.830803], [37.645921, 55.830731], [37.645861, 55.830669], [37.64584, 55.830606], [37.645842, 55.830565], [37.645843, 55.830553], [37.645868, 55.830508], [37.645915, 55.830462], [37.645973, 55.830418]], [[37.64889, 55.829416], [37.648946, 55.829363], [37.648983, 55.829299], [37.648983, 55.829241], [37.648964, 55.829169], [37.648955, 55.829146], [37.64894, 55.829133], [37.64893, 55.829106]], [[37.64933, 55.833608], [37.649169, 55.833663], [37.64913, 55.833676], [37.649028, 55.833704], [37.648954, 55.833708], [37.648869, 55.833705], [37.648822, 55.8337], [37.648745, 55.833687], [37.648675, 55.833675], [37.64867, 55.833674]], [[37.700512, 55.789996], [37.700565, 55.790051], [37.70058, 55.790098], [37.700579, 55.79015], [37.700563, 55.790197], [37.700521, 55.790237], [37.70046, 55.790294]], [[37.700401, 55.790299], [37.700498, 55.790191], [37.700522, 55.79012], [37.700503, 55.790053]], [[37.700402, 55.789931], [37.700512, 55.789996]], [[37.700503, 55.790053], [37.700451, 55.790021], [37.700252, 55.789901]], [[37.701004, 55.790307], [37.700826, 55.790222], [37.70058, 55.790098], [37.700503, 55.790053]], [[37.697953, 55.766959], [37.698043, 55.767099]], [[37.666366, 55.678734], [37.666538, 55.678782], [37.666998, 55.678905], [37.667147, 55.678946], [37.667488, 55.679035], [37.668359, 55.679273], [37.669101, 55.679474], [37.669252, 55.679515], [37.669891, 55.679688], [37.670186, 55.679767], [37.670517, 55.679857], [37.671336, 55.680079], [37.671678, 55.680171], [37.671914, 55.680235], [37.672043, 55.68027], [37.672301, 55.680339], [37.67282, 55.68048], [37.673128, 55.680563], [37.673529, 55.680671], [37.673765, 55.680735], [37.674657, 55.680976], [37.674904, 55.681043], [37.675472, 55.681197], [37.675701, 55.681259], [37.675891, 55.681311], [37.676749, 55.681543], [37.676971, 55.681603], [37.677524, 55.681753], [37.678045, 55.681895], [37.67937, 55.682254], [37.680595, 55.682587], [37.681423, 55.682811], [37.681657, 55.682875], [37.6817, 55.682886], [37.68185, 55.682927], [37.682445, 55.683088], [37.682596, 55.683129], [37.683711, 55.683432], [37.684206, 55.683566], [37.68502, 55.683787], [37.68536, 55.683879], [37.685594, 55.683943], [37.686182, 55.684102], [37.686276, 55.684127], [37.686626, 55.684222], [37.686777, 55.684263], [37.68797, 55.684587], [37.688058, 55.684611], [37.688231, 55.684658], [37.68945, 55.684992], [37.689794, 55.685086], [37.689969, 55.685134]], [[37.676521, 55.749777], [37.676524, 55.749912]], [[37.675602, 55.748666], [37.675729, 55.748758]], [[37.783285, 55.7647], [37.783163, 55.764672], [37.782765, 55.764593]], [[37.783285, 55.7647], [37.783202, 55.764659], [37.783076, 55.764597]], [[37.717576, 55.751774], [37.717734, 55.75181]], [[37.715058, 55.753713], [37.715261, 55.753757]], [[37.712402, 55.75321], [37.713428, 55.753404], [37.714258, 55.753561], [37.715058, 55.753713]], [[37.604804, 55.644377], [37.604676, 55.644376], [37.604573, 55.644363], [37.604482, 55.644332], [37.604414, 55.644286], [37.604377, 55.64423], [37.604373, 55.64417], [37.604369, 55.643659], [37.604368, 55.643554], [37.604383, 55.643489], [37.604435, 55.643431], [37.604518, 55.643386], [37.604624, 55.643359], [37.604728, 55.643356], [37.604797, 55.643358]], [[37.60445, 55.643851], [37.604448, 55.643554], [37.604487, 55.643485], [37.604562, 55.643426], [37.604665, 55.643384], [37.604797, 55.643358]], [[37.604797, 55.643358], [37.604925, 55.643358], [37.605056, 55.643358]], [[37.604952, 55.644378], [37.604804, 55.644377]], [[37.590985, 55.613299], [37.591056, 55.613382], [37.5911, 55.613451], [37.591194, 55.613545], [37.591724, 55.613995], [37.592002, 55.614137]], [[37.607881, 55.658124], [37.608004, 55.658091], [37.608122, 55.658092], [37.608224, 55.658118], [37.608313, 55.658161], [37.608614, 55.658401], [37.608724, 55.658488], [37.60876, 55.658557], [37.608745, 55.658626], [37.608698, 55.658687], [37.608634, 55.65873], [37.608517, 55.658776]], [[37.691436, 55.685957], [37.691216, 55.685754], [37.691054, 55.685606]], [[37.691436, 55.685957], [37.691204, 55.685836], [37.691114, 55.685753], [37.690971, 55.685621]], [[37.61166, 55.726583], [37.611666, 55.72661], [37.611669, 55.726625], [37.611676, 55.726658], [37.611693, 55.726734]], [[37.585587, 55.680138], [37.585565, 55.680117]], [[37.695815, 55.73408], [37.695801, 55.734047], [37.695797, 55.734012], [37.695823, 55.733981], [37.695866, 55.733948], [37.695918, 55.733924], [37.695973, 55.733911], [37.696437, 55.733815]], [[37.673456, 55.738524], [37.673378, 55.738555], [37.673306, 55.738579], [37.673246, 55.738585], [37.673222, 55.738588], [37.673176, 55.738592], [37.673091, 55.73859], [37.673025, 55.738581], [37.672993, 55.738577], [37.672899, 55.738543], [37.672823, 55.738498], [37.672746, 55.738422]], [[37.672812, 55.738406], [37.672889, 55.738479], [37.672951, 55.738515], [37.672995, 55.738529], [37.673052, 55.738546], [37.673166, 55.738551], [37.67318, 55.73855], [37.673282, 55.738539], [37.67336, 55.738516], [37.673449, 55.73848]], [[37.823074, 55.794144], [37.82295, 55.79425], [37.822857, 55.794306], [37.82276, 55.794334], [37.822651, 55.794343], [37.822544, 55.79433], [37.82245, 55.794298], [37.822381, 55.79425], [37.822336, 55.794179], [37.822327, 55.79392], [37.822325, 55.793851], [37.822306, 55.793799], [37.822274, 55.793751], [37.82219, 55.793702], [37.822074, 55.793654], [37.821929, 55.793653]], [[37.734243, 55.814266], [37.734329, 55.814218], [37.734468, 55.814109]], [[37.735433, 55.813196], [37.735504, 55.813247], [37.735516, 55.813259], [37.735545, 55.813293], [37.73555, 55.813302], [37.735569, 55.813341], [37.735578, 55.813384], [37.735577, 55.813428], [37.735567, 55.813476], [37.735538, 55.813522], [37.735418, 55.813614]], [[37.736177, 55.813658], [37.735981, 55.813574], [37.735881, 55.813552], [37.735808, 55.813542], [37.735743, 55.81354], [37.735674, 55.81354], [37.73562, 55.813548], [37.735537, 55.813562], [37.735478, 55.813582], [37.735418, 55.813614]], [[37.735378, 55.813588], [37.735476, 55.813515], [37.735501, 55.813469], [37.735508, 55.813433], [37.735514, 55.813404], [37.73551, 55.81336], [37.735494, 55.813328], [37.735476, 55.813298], [37.735467, 55.813286], [37.735447, 55.813258], [37.735398, 55.813218]], [[37.499171, 55.818568], [37.49924, 55.818484]], [[37.498558, 55.819322], [37.499021, 55.818752], [37.499171, 55.818568]], [[37.498915, 55.818807], [37.499017, 55.818685], [37.499171, 55.818568]], [[37.454943, 55.780425], [37.454977, 55.780502], [37.455079, 55.780739]], [[37.605903, 55.657132], [37.607122, 55.658154]], [[37.718736, 55.782375], [37.718768, 55.782329], [37.718804, 55.782294], [37.718854, 55.782261], [37.718858, 55.78226], [37.718924, 55.782235], [37.718935, 55.782231], [37.719002, 55.782215], [37.719073, 55.782205], [37.719144, 55.782201], [37.719166, 55.782202], [37.719215, 55.782204], [37.719453, 55.782217]], [[37.719448, 55.782246], [37.719204, 55.782238], [37.719142, 55.782238], [37.719085, 55.782241], [37.719021, 55.782253], [37.718965, 55.782267], [37.718916, 55.782287], [37.718904, 55.782293], [37.718854, 55.78232], [37.718823, 55.782349], [37.718794, 55.782387]], [[37.728457, 55.798322], [37.725713, 55.797859], [37.724707, 55.797678], [37.724451, 55.797637], [37.723025, 55.797386], [37.718384, 55.79659], [37.717558, 55.796439], [37.716935, 55.796334], [37.714921, 55.795982], [37.714887, 55.795975]], [[37.45173, 55.805303], [37.45182, 55.805351], [37.451857, 55.80537], [37.451969, 55.805428], [37.452032, 55.805455], [37.452166, 55.805497], [37.452284, 55.805519]], [[37.388027, 55.799518], [37.388001, 55.799472], [37.387985, 55.799416], [37.388002, 55.79936], [37.388049, 55.799309], [37.388123, 55.79927], [37.388215, 55.799246], [37.388316, 55.79924], [37.388415, 55.799252], [37.388591, 55.799292]], [[37.40726, 55.850818], [37.407308, 55.850837], [37.407369, 55.850862], [37.407436, 55.850912], [37.407468, 55.850969], [37.407475, 55.851028], [37.407363, 55.851306], [37.407236, 55.851669]], [[37.407283, 55.851677], [37.407243, 55.851785], [37.407241, 55.851841], [37.407279, 55.851943]], [[37.475085, 55.810633], [37.47509, 55.810596], [37.475116, 55.810547], [37.475131, 55.810521], [37.475208, 55.810452], [37.475287, 55.810417], [37.475365, 55.810395], [37.475415, 55.810383], [37.47557, 55.810347]], [[37.475553, 55.810387], [37.475411, 55.810414], [37.475324, 55.810436], [37.475244, 55.810468], [37.475179, 55.810526], [37.475131, 55.810634]], [[37.52191, 55.8391], [37.521879, 55.83897], [37.521878, 55.838869], [37.521907, 55.838802], [37.521982, 55.838728]], [[37.69168, 55.788773], [37.692039, 55.78891]], [[37.691893, 55.789496], [37.691158, 55.789214]], [[37.611732, 55.727161], [37.611671, 55.726893]], [[37.694908, 55.735943], [37.695133, 55.735921], [37.695847, 55.735855], [37.696092, 55.735833]], [[37.388591, 55.799292], [37.388678, 55.799355]], [[37.46181, 55.810742], [37.461734, 55.810741], [37.461609, 55.810732], [37.461534, 55.810715], [37.461458, 55.81069], [37.461376, 55.810635], [37.461342, 55.810597], [37.461325, 55.810558], [37.46133, 55.810405], [37.461373, 55.810004]], [[37.665705, 55.750544], [37.666042, 55.750098], [37.667086, 55.748966]], [[37.661009, 55.754425], [37.66116, 55.754401], [37.661628, 55.754327], [37.662414, 55.754195], [37.662671, 55.754135], [37.662769, 55.754104], [37.662891, 55.754062], [37.662939, 55.754046], [37.663052, 55.753992], [37.663187, 55.753911], [37.663292, 55.753823], [37.6635, 55.753582], [37.663527, 55.753546]], [[37.822189, 55.793765], [37.822165, 55.79375], [37.82212, 55.793721], [37.822078, 55.793701], [37.822007, 55.793673], [37.821929, 55.793653], [37.821697, 55.793648], [37.821512, 55.793645]], [[37.681394, 55.746853], [37.681179, 55.746838], [37.681136, 55.746834], [37.68106, 55.746828], [37.680626, 55.746804], [37.68037, 55.746793], [37.680303, 55.746793], [37.68013, 55.746795], [37.679897, 55.746798], [37.679841, 55.746801], [37.679492, 55.746818], [37.679216, 55.746841], [37.678329, 55.746917], [37.677846, 55.746964], [37.677411, 55.747007], [37.676462, 55.74709], [37.676219, 55.747115], [37.675829, 55.74714], [37.675747, 55.747144], [37.675438, 55.747142], [37.675125, 55.747135], [37.674752, 55.747114], [37.673799, 55.747051], [37.67343, 55.747026], [37.6733, 55.747017], [37.673032, 55.746999], [37.672695, 55.746977], [37.671979, 55.746934], [37.670882, 55.746859], [37.670491, 55.746836], [37.670236, 55.746822], [37.670163, 55.746818], [37.670118, 55.746817], [37.670032, 55.746808], [37.669935, 55.7468], [37.669715, 55.746786], [37.669575, 55.746788], [37.669476, 55.746791], [37.669327, 55.746824], [37.66924, 55.746862], [37.669099, 55.746961], [37.669046, 55.746998], [37.668988, 55.747047], [37.668909, 55.747119]], [[37.668813, 55.747129], [37.668955, 55.746994], [37.669029, 55.746946], [37.66919, 55.74684], [37.669308, 55.746793], [37.669457, 55.746759], [37.669579, 55.746755], [37.669718, 55.746758], [37.669891, 55.746768], [37.670003, 55.746777], [37.670034, 55.746779], [37.670125, 55.746785], [37.67017, 55.746788], [37.670241, 55.746792], [37.670488, 55.746809], [37.671012, 55.746844], [37.672494, 55.746942], [37.672692, 55.74695], [37.673037, 55.746975], [37.673089, 55.746978], [37.673411, 55.746997], [37.673537, 55.747004], [37.674264, 55.747049], [37.674754, 55.74708], [37.675131, 55.747104], [37.675439, 55.747107], [37.675746, 55.747107], [37.675828, 55.747104], [37.676213, 55.747083], [37.676453, 55.747062], [37.6774, 55.746974], [37.677837, 55.746932], [37.678316, 55.746887], [37.679205, 55.746811], [37.679485, 55.746788], [37.67983, 55.746772], [37.679888, 55.746769], [37.680111, 55.746766], [37.680282, 55.746763], [37.680342, 55.746763], [37.680638, 55.74677], [37.681069, 55.746797], [37.681186, 55.746807], [37.681395, 55.746825]], [[37.638043, 55.765262], [37.637886, 55.765333], [37.637316, 55.765591], [37.636892, 55.765789], [37.636832, 55.765829], [37.636778, 55.765886], [37.63676, 55.765926], [37.636752, 55.765992], [37.636756, 55.766047], [37.636789, 55.766099], [37.636846, 55.766151], [37.637026, 55.766254], [37.637368, 55.76645], [37.637715, 55.766648], [37.639121, 55.767482], [37.640497, 55.768275], [37.641865, 55.769062], [37.641939, 55.769104], [37.643057, 55.76981], [37.643627, 55.77023], [37.643789, 55.770349], [37.644542, 55.770898], [37.644846, 55.771127], [37.644884, 55.771155], [37.644917, 55.77118], [37.645973, 55.771972], [37.646541, 55.772375], [37.646868, 55.772607], [37.647482, 55.773044], [37.647705, 55.7732], [37.647885, 55.773316], [37.648137, 55.773468], [37.648228, 55.773509], [37.648452, 55.77361], [37.648754, 55.773749]], [[37.651218, 55.77455], [37.651327, 55.774576], [37.651537, 55.774613], [37.651661, 55.774634], [37.651859, 55.774666], [37.651908, 55.774668], [37.651951, 55.774667], [37.651993, 55.774658], [37.652035, 55.774649], [37.652139, 55.774615], [37.652245, 55.774581]], [[37.648729, 55.773786], [37.64855, 55.773711], [37.648165, 55.773542], [37.648062, 55.77349], [37.647822, 55.773343], [37.64765, 55.773223], [37.647425, 55.77307], [37.64681, 55.772636], [37.646553, 55.77245], [37.645844, 55.771938], [37.64486, 55.77121], [37.644823, 55.771181], [37.644509, 55.770946], [37.64448, 55.770924], [37.64372, 55.770371], [37.643553, 55.770251], [37.642996, 55.769836], [37.641881, 55.769142], [37.641803, 55.769096], [37.640712, 55.768458], [37.639188, 55.767572], [37.638353, 55.767091], [37.637003, 55.766296], [37.636978, 55.766281], [37.636801, 55.766176], [37.636543, 55.766019], [37.636477, 55.765968], [37.636452, 55.765921], [37.63644, 55.765869], [37.636452, 55.765819], [37.636478, 55.765771], [37.636516, 55.765732], [37.636572, 55.765693], [37.637126, 55.765441], [37.637208, 55.76539], [37.637284, 55.765343], [37.637535, 55.765142], [37.637603, 55.765094], [37.637791, 55.764996]], [[37.65153, 55.774651], [37.651565, 55.774667], [37.651606, 55.774691], [37.651641, 55.774718], [37.651662, 55.774739], [37.651681, 55.774763], [37.651693, 55.774785], [37.651702, 55.77481], [37.651707, 55.774836], [37.651705, 55.774876], [37.65169, 55.774915], [37.651668, 55.774949], [37.651642, 55.774975], [37.651611, 55.775]], [[37.652278, 55.7746], [37.652168, 55.774636], [37.652153, 55.774641], [37.652082, 55.774664], [37.652046, 55.774675], [37.651996, 55.774687], [37.651942, 55.774694], [37.651901, 55.774697], [37.651843, 55.774694], [37.651665, 55.774665], [37.651536, 55.774642], [37.651471, 55.774632], [37.651292, 55.774604], [37.65119, 55.774583]], [[37.591471, 55.594883], [37.591533, 55.594923], [37.591561, 55.594981], [37.59157, 55.595034], [37.591547, 55.595104], [37.591468, 55.595165], [37.591332, 55.595201], [37.591178, 55.595217], [37.589234, 55.595215], [37.588934, 55.595226]], [[37.607122, 55.658154], [37.6072, 55.658195], [37.607269, 55.658218], [37.607361, 55.658234], [37.607464, 55.658234], [37.607635, 55.658195], [37.607881, 55.658124]], [[37.608551, 55.658432], [37.608641, 55.658504], [37.608673, 55.658569], [37.608681, 55.658616], [37.608659, 55.658668], [37.608614, 55.65872], [37.608517, 55.658776]], [[37.642955, 55.886558], [37.643044, 55.886462], [37.643174, 55.886323], [37.643198, 55.886237], [37.643185, 55.886167], [37.643174, 55.88615]], [[37.643211, 55.886106], [37.643392, 55.886297]], [[37.643174, 55.88615], [37.643149, 55.886113], [37.642965, 55.885917], [37.642674, 55.885625], [37.64181, 55.884705], [37.641315, 55.884181], [37.641159, 55.884016], [37.639322, 55.882091], [37.639022, 55.881785], [37.63894, 55.881697], [37.636213, 55.878851], [37.636105, 55.878744]], [[37.636156, 55.878737], [37.636263, 55.878839], [37.638894, 55.881574], [37.638995, 55.881679], [37.639389, 55.882075], [37.641209, 55.883997], [37.641376, 55.884174], [37.641866, 55.884693], [37.642734, 55.885607], [37.643012, 55.885902], [37.643023, 55.885914], [37.643211, 55.886106]], [[37.635961, 55.878208], [37.635958, 55.878228], [37.635952, 55.878378], [37.636017, 55.878549], [37.63608, 55.878638], [37.636123, 55.878697], [37.636156, 55.878737]], [[37.636105, 55.878744], [37.636072, 55.87871], [37.636026, 55.878644], [37.635963, 55.878552], [37.635901, 55.878378], [37.635895, 55.878234], [37.635899, 55.878207]], [[37.635899, 55.878207], [37.635946, 55.878034], [37.635971, 55.87794], [37.636614, 55.875766], [37.636997, 55.874471], [37.637015, 55.874412], [37.63739, 55.873151], [37.637782, 55.871842], [37.637807, 55.871755], [37.637969, 55.871201]], [[37.638019, 55.871209], [37.637879, 55.871696], [37.63786, 55.871759], [37.637445, 55.873157], [37.637082, 55.874366], [37.637067, 55.874417], [37.636673, 55.875772], [37.636043, 55.877941], [37.636013, 55.878037], [37.635961, 55.878208]], [[37.638902, 55.870892], [37.638791, 55.870893], [37.638631, 55.870896], [37.638506, 55.87092], [37.638406, 55.87094], [37.638385, 55.870946], [37.638307, 55.870976], [37.638201, 55.871026], [37.638077, 55.871111], [37.638028, 55.871195], [37.638019, 55.871209]], [[37.637969, 55.871201], [37.637975, 55.87119], [37.638025, 55.871102], [37.63813, 55.871018], [37.638255, 55.870951], [37.638308, 55.87093], [37.638365, 55.870907], [37.638399, 55.8709], [37.638487, 55.870879], [37.638624, 55.870864], [37.638749, 55.870864], [37.63891, 55.870863]], [[37.655433, 55.870922], [37.655596, 55.8709], [37.656901, 55.870694]], [[37.656909, 55.870726], [37.65565, 55.870925], [37.655497, 55.870949]], [[37.662489, 55.869842], [37.662366, 55.869864], [37.662214, 55.869891], [37.659618, 55.870295], [37.65871, 55.870439], [37.657109, 55.870694], [37.656909, 55.870726]], [[37.656901, 55.870694], [37.657113, 55.87066], [37.658635, 55.870417], [37.658697, 55.870407], [37.6622, 55.869863], [37.662343, 55.86984], [37.662461, 55.869818]], [[37.66384, 55.868833], [37.663846, 55.868881], [37.663846, 55.868906], [37.663844, 55.868971], [37.663812, 55.869086], [37.66379, 55.869119], [37.663768, 55.869161], [37.663738, 55.869211], [37.66373, 55.869232], [37.66368, 55.869286], [37.663648, 55.869323], [37.663528, 55.869437], [37.663452, 55.869495], [37.663372, 55.869547], [37.663209, 55.869637], [37.663085, 55.869688], [37.662995, 55.869719], [37.662922, 55.869741], [37.662832, 55.869766], [37.662746, 55.869788], [37.66262, 55.869816], [37.662489, 55.869842]], [[37.662461, 55.869818], [37.662588, 55.869791], [37.662708, 55.869765], [37.662821, 55.869736], [37.662898, 55.869714], [37.662923, 55.869707], [37.663039, 55.869668], [37.663177, 55.869614], [37.663267, 55.869566], [37.663346, 55.869517], [37.663417, 55.869471], [37.663481, 55.869421], [37.663606, 55.869304], [37.663656, 55.869245], [37.66369, 55.8692], [37.663724, 55.869136], [37.663748, 55.869096], [37.663768, 55.869052], [37.663799, 55.868936], [37.663802, 55.868892], [37.663799, 55.868845]], [[37.670554, 55.850767], [37.670591, 55.850549], [37.670625, 55.850348], [37.670695, 55.850013], [37.670723, 55.84987], [37.670788, 55.849526], [37.670828, 55.849154], [37.670792, 55.848665], [37.67075, 55.848422], [37.670682, 55.848159], [37.670575, 55.847863], [37.670282, 55.84722], [37.670127, 55.846772]], [[37.670178, 55.846765], [37.670333, 55.847216], [37.670627, 55.847849], [37.670742, 55.848159], [37.670801, 55.848422], [37.670853, 55.848661], [37.670884, 55.849157], [37.67084, 55.849533], [37.670781, 55.849874], [37.670749, 55.850013], [37.670681, 55.850349], [37.670606, 55.850768]], [[37.670398, 55.851048], [37.67051, 55.850902], [37.670541, 55.85081], [37.670554, 55.850767]], [[37.670606, 55.850768], [37.670584, 55.85083], [37.670556, 55.850904], [37.670446, 55.851055], [37.670259, 55.851199]], [[37.669643, 55.846088], [37.669738, 55.846169], [37.669806, 55.846228], [37.669873, 55.846293], [37.669927, 55.846355], [37.669976, 55.846418], [37.670043, 55.846511], [37.670085, 55.84658], [37.670124, 55.846646], [37.670128, 55.846658], [37.670178, 55.846765]], [[37.670127, 55.846772], [37.670088, 55.846686], [37.67007, 55.846655], [37.670033, 55.84659], [37.669995, 55.846521], [37.669927, 55.846431], [37.669876, 55.846368], [37.669822, 55.846306], [37.669758, 55.846244], [37.669691, 55.846186], [37.669598, 55.846108]], [[37.665734, 55.843347], [37.66563, 55.843269], [37.665288, 55.843027], [37.66523, 55.842984], [37.664762, 55.84263]], [[37.664803, 55.842613], [37.665247, 55.842943], [37.665333, 55.843008], [37.665448, 55.843096], [37.665652, 55.843238], [37.665778, 55.843331]], [[37.659103, 55.837749], [37.658988, 55.837663], [37.658712, 55.837464]], [[37.658755, 55.837444], [37.659031, 55.837644], [37.659148, 55.837731]], [[37.657852, 55.836765], [37.658222, 55.837047], [37.65842, 55.837194], [37.658755, 55.837444]], [[37.658712, 55.837464], [37.658378, 55.837212], [37.657987, 55.83692], [37.657807, 55.836783]], [[37.65484, 55.834653], [37.654298, 55.834122]], [[37.65434, 55.834112], [37.654889, 55.834636]], [[37.65366, 55.833562], [37.653559, 55.833467], [37.653461, 55.833372], [37.653369, 55.83328]], [[37.653409, 55.83326], [37.653537, 55.833382], [37.653604, 55.833451], [37.653698, 55.833534]], [[37.653369, 55.83328], [37.652816, 55.832729], [37.65263, 55.832551]], [[37.65263, 55.832551], [37.652549, 55.832465], [37.65221, 55.832129], [37.652071, 55.831983]], [[37.65211, 55.831967], [37.652195, 55.832051]], [[37.652071, 55.831983], [37.651583, 55.831485]], [[37.651638, 55.83147], [37.651964, 55.831821], [37.65211, 55.831967]], [[37.651583, 55.831485], [37.651465, 55.831379], [37.651317, 55.83129]], [[37.651359, 55.831283], [37.651502, 55.831361], [37.651638, 55.83147]], [[37.649671, 55.829781], [37.651081, 55.831094], [37.651359, 55.831283]], [[37.651317, 55.83129], [37.65104, 55.831113], [37.650959, 55.831037]], [[37.649389, 55.829554], [37.649218, 55.829402], [37.649042, 55.829221], [37.648946, 55.829131], [37.64893, 55.829106]], [[37.649411, 55.829543], [37.649671, 55.829781]], [[37.649226, 55.829366], [37.649312, 55.829454], [37.649411, 55.829543]], [[37.65202, 55.832418], [37.651825, 55.832567], [37.651721, 55.832666], [37.651516, 55.832815], [37.651492, 55.832832], [37.651251, 55.832921]], [[37.645715, 55.827357], [37.64563, 55.827377], [37.645587, 55.827385], [37.645544, 55.82739], [37.645496, 55.827395], [37.645447, 55.827397], [37.645407, 55.827397], [37.645366, 55.827397], [37.645322, 55.827394], [37.645272, 55.827388], [37.645223, 55.827376], [37.645181, 55.82736], [37.645159, 55.827351], [37.645138, 55.827341], [37.645082, 55.827313]], [[37.645134, 55.827297], [37.645173, 55.827318], [37.645213, 55.827335], [37.645249, 55.827348], [37.64529, 55.827358], [37.645331, 55.827363], [37.645369, 55.827366], [37.645408, 55.827366], [37.645445, 55.827366], [37.645489, 55.827364], [37.645533, 55.82736], [37.645573, 55.827355], [37.645611, 55.827348], [37.645691, 55.827329]], [[37.635555, 55.822322], [37.635867, 55.822502], [37.636252, 55.822716], [37.636525, 55.822866]], [[37.636499, 55.822889], [37.636227, 55.822737], [37.635841, 55.82252], [37.635531, 55.822341]], [[37.635531, 55.822341], [37.635382, 55.822248], [37.635278, 55.822193], [37.63527, 55.822189], [37.635175, 55.822141]], [[37.635195, 55.82212], [37.635287, 55.822168], [37.635298, 55.822173], [37.635402, 55.822227], [37.635555, 55.822322]], [[37.635175, 55.822141], [37.635079, 55.822093], [37.635039, 55.822078], [37.634954, 55.82206], [37.634895, 55.822061], [37.634842, 55.822063]], [[37.634851, 55.82204], [37.63491, 55.82204], [37.634965, 55.822041], [37.635057, 55.822063], [37.635096, 55.822075], [37.635195, 55.82212]], [[37.631359, 55.822138], [37.632213, 55.822125], [37.633691, 55.822074], [37.634174, 55.82206], [37.634611, 55.822049], [37.634851, 55.82204]], [[37.634842, 55.822063], [37.634609, 55.82207], [37.63417, 55.822084], [37.633908, 55.822092], [37.632263, 55.822142], [37.631442, 55.822168]], [[37.630843, 55.822084], [37.630915, 55.822099], [37.630973, 55.82211], [37.631359, 55.822138]], [[37.631442, 55.822168], [37.631184, 55.822158], [37.630943, 55.822128], [37.630911, 55.822122]], [[37.630911, 55.822122], [37.63084, 55.822109], [37.629749, 55.821898]], [[37.629756, 55.821874], [37.630843, 55.822084]], [[37.629749, 55.821898], [37.62929, 55.821837]], [[37.629317, 55.821818], [37.629756, 55.821874]], [[37.647215, 55.826869], [37.647845, 55.826656], [37.648082, 55.826578], [37.649281, 55.826172]], [[37.649281, 55.826172], [37.651056, 55.825581]], [[37.651056, 55.825581], [37.65122, 55.825515], [37.651465, 55.825396], [37.651555, 55.825344], [37.651711, 55.82525], [37.65188, 55.825158], [37.652157, 55.825015], [37.652278, 55.824971]], [[37.651086, 55.825602], [37.649303, 55.826195], [37.648725, 55.82639], [37.648106, 55.826601], [37.647881, 55.826674], [37.647868, 55.826678], [37.647242, 55.826896]], [[37.652386, 55.824959], [37.652179, 55.825033], [37.651902, 55.825176], [37.651731, 55.825271], [37.65158, 55.825362], [37.651494, 55.825413]], [[37.651494, 55.825413], [37.651241, 55.825539], [37.651086, 55.825602]], [[37.652278, 55.824971], [37.652891, 55.824752], [37.653179, 55.824654], [37.653498, 55.82454], [37.654676, 55.824137], [37.654867, 55.824072], [37.655147, 55.823977]], [[37.655147, 55.823977], [37.655671, 55.823799], [37.65605, 55.823674], [37.656781, 55.823425], [37.657077, 55.823325], [37.657532, 55.823168]], [[37.666971, 55.820375], [37.666255, 55.820587], [37.664375, 55.821121], [37.663941, 55.821247], [37.663833, 55.821279], [37.663061, 55.821503], [37.662383, 55.821716], [37.662139, 55.821792]], [[37.667552, 55.820202], [37.666971, 55.820375]], [[37.668319, 55.819959], [37.670295, 55.819377], [37.670851, 55.819213], [37.671284, 55.819088]], [[37.671284, 55.819088], [37.67177, 55.818953], [37.675201, 55.817984]], [[37.67522, 55.81801], [37.671795, 55.818984], [37.671324, 55.81912], [37.670881, 55.819244], [37.670322, 55.819406], [37.66834, 55.819982]], [[37.675201, 55.817984], [37.675557, 55.8179], [37.675745, 55.817866]], [[37.675755, 55.817893], [37.675575, 55.817925], [37.67522, 55.81801]], [[37.675745, 55.817866], [37.676993, 55.817643], [37.677383, 55.817576], [37.677927, 55.817489], [37.678024, 55.817472], [37.67815, 55.817451], [37.678192, 55.817446]], [[37.678206, 55.817472], [37.678166, 55.817477], [37.678051, 55.817497], [37.677941, 55.817516], [37.677391, 55.817604], [37.677008, 55.817669], [37.675755, 55.817893]], [[37.67909, 55.817294], [37.679358, 55.81724], [37.679541, 55.817201], [37.67979, 55.817106]], [[37.679817, 55.817128], [37.679561, 55.817225], [37.679379, 55.817268], [37.679196, 55.817305]], [[37.683408, 55.815535], [37.684005, 55.815434], [37.684311, 55.815388]], [[37.684298, 55.815419], [37.684019, 55.81546], [37.683416, 55.815562]], [[37.683416, 55.815562], [37.683241, 55.815592], [37.683, 55.815663], [37.682715, 55.81577]], [[37.682682, 55.815745], [37.682968, 55.815639], [37.68322, 55.815567], [37.683408, 55.815535]], [[37.685432, 55.816135], [37.685326, 55.816092], [37.685183, 55.816023], [37.685096, 55.815965], [37.685019, 55.815864], [37.684946, 55.815722], [37.68491, 55.81565]], [[37.684958, 55.815645], [37.685074, 55.815861], [37.685145, 55.815947], [37.685218, 55.816001], [37.685361, 55.816069], [37.68546, 55.816109]], [[37.68835, 55.817073], [37.688251, 55.817099], [37.688174, 55.817113], [37.688122, 55.817119], [37.688111, 55.81712], [37.68808, 55.817122], [37.688025, 55.817122], [37.687959, 55.817121], [37.687948, 55.817119], [37.687907, 55.817112], [37.687813, 55.817082]], [[37.687853, 55.817051], [37.687933, 55.817079], [37.68797, 55.817085], [37.687993, 55.817085], [37.688026, 55.817086], [37.688034, 55.817086], [37.688075, 55.817086], [37.688111, 55.817084], [37.688158, 55.817079], [37.688231, 55.817065], [37.688318, 55.817042]], [[37.688907, 55.816888], [37.689456, 55.816744], [37.690172, 55.816555]], [[37.690172, 55.816555], [37.690351, 55.816507], [37.690593, 55.81643], [37.690792, 55.816358], [37.691213, 55.816182]], [[37.691223, 55.816216], [37.69082, 55.816386], [37.690562, 55.816487], [37.690199, 55.816583], [37.689362, 55.816806], [37.688909, 55.816925]], [[37.691213, 55.816182], [37.692364, 55.815603]], [[37.692364, 55.815603], [37.69245, 55.81556], [37.692624, 55.815482], [37.692925, 55.815347], [37.693047, 55.815292]], [[37.694657, 55.814633], [37.694614, 55.814653], [37.6945, 55.814705], [37.694172, 55.814853], [37.693261, 55.81523], [37.693075, 55.815313]], [[37.693075, 55.815313], [37.692866, 55.815406], [37.692654, 55.815501], [37.692485, 55.815581], [37.692391, 55.815628]], [[37.688909, 55.816925], [37.68879, 55.816957], [37.68835, 55.817073]], [[37.688318, 55.817042], [37.688762, 55.816926], [37.688907, 55.816888]], [[37.695167, 55.814307], [37.695498, 55.814039], [37.695645, 55.813916]], [[37.695685, 55.813935], [37.69554, 55.814056], [37.695305, 55.814258], [37.69522, 55.814332]], [[37.695645, 55.813916], [37.695663, 55.813901], [37.695707, 55.813865], [37.696061, 55.813573], [37.696064, 55.813571], [37.69628, 55.813393], [37.696312, 55.813367], [37.696799, 55.812965]], [[37.696799, 55.812965], [37.696885, 55.812894], [37.697015, 55.812808], [37.697178, 55.812701], [37.697391, 55.812582], [37.697635, 55.812469], [37.697837, 55.812389], [37.697857, 55.812382], [37.698007, 55.812326]], [[37.696834, 55.812987], [37.695813, 55.813828], [37.695749, 55.813881], [37.695685, 55.813935]], [[37.698035, 55.81235], [37.697888, 55.812405], [37.697855, 55.812417], [37.697573, 55.812535], [37.697426, 55.812604], [37.697215, 55.81272], [37.696925, 55.812912], [37.696834, 55.812987]], [[37.698007, 55.812326], [37.698091, 55.812295], [37.698175, 55.812264], [37.698876, 55.812004], [37.699726, 55.811704], [37.700095, 55.811574], [37.700292, 55.811505], [37.700527, 55.811426], [37.700957, 55.811281], [37.701113, 55.811229]], [[37.701136, 55.811254], [37.700364, 55.811513], [37.700122, 55.811599], [37.699754, 55.811728], [37.699358, 55.811867], [37.698905, 55.812027], [37.698035, 55.81235]], [[37.701113, 55.811229], [37.701355, 55.811147], [37.701864, 55.810953], [37.701963, 55.810914], [37.702379, 55.810741], [37.702671, 55.81061], [37.70303, 55.810414], [37.70321, 55.81031], [37.703453, 55.810164], [37.703897, 55.809887]], [[37.703934, 55.809907], [37.70349, 55.810184], [37.703246, 55.81033], [37.703066, 55.810435], [37.703029, 55.810455], [37.702704, 55.810631], [37.70241, 55.810764], [37.701993, 55.810938], [37.701388, 55.81117], [37.701136, 55.811254]], [[37.703897, 55.809887], [37.704335, 55.809621], [37.704462, 55.80954], [37.704954, 55.809226], [37.705232, 55.809042], [37.705367, 55.808953]], [[37.705408, 55.80897], [37.705271, 55.809063], [37.704993, 55.809245], [37.704372, 55.809641], [37.703934, 55.809907]], [[37.705367, 55.808953], [37.70561, 55.808774], [37.705685, 55.808662], [37.705731, 55.808508]], [[37.705781, 55.808514], [37.705752, 55.808611], [37.705734, 55.808671], [37.705655, 55.808788], [37.705408, 55.80897]], [[37.705731, 55.808508], [37.70581, 55.808257], [37.705979, 55.807766]], [[37.706029, 55.807772], [37.70601, 55.80783], [37.705849, 55.808298], [37.705781, 55.808514]], [[37.705979, 55.807766], [37.706016, 55.807658], [37.706227, 55.807164], [37.706377, 55.806841]], [[37.706427, 55.806848], [37.706356, 55.807006], [37.706211, 55.80733], [37.706066, 55.807664], [37.706029, 55.807772]], [[37.706377, 55.806841], [37.706497, 55.806541], [37.706886, 55.805557], [37.707079, 55.805039], [37.707164, 55.804788], [37.707201, 55.804692], [37.707246, 55.804567], [37.707392, 55.80419], [37.707403, 55.804161], [37.70742, 55.804118], [37.707508, 55.803901]], [[37.707555, 55.80391], [37.707468, 55.80413], [37.707442, 55.804196], [37.707298, 55.804567], [37.707251, 55.804698], [37.707196, 55.80485], [37.707163, 55.804953], [37.706955, 55.805515], [37.706427, 55.806848]], [[37.707508, 55.803901], [37.707543, 55.803803], [37.70761, 55.803694], [37.707652, 55.80365], [37.707769, 55.803526], [37.707924, 55.803408], [37.708066, 55.80331]], [[37.708113, 55.803326], [37.707966, 55.803424], [37.707813, 55.803542], [37.707658, 55.803705], [37.707592, 55.803809], [37.707555, 55.80391]], [[37.708066, 55.80331], [37.70823, 55.803202], [37.708732, 55.802884], [37.708878, 55.802793], [37.709205, 55.802591], [37.7103, 55.801921]], [[37.710338, 55.801941], [37.709243, 55.80261], [37.708917, 55.802812], [37.708769, 55.802904], [37.708113, 55.803326]], [[37.7103, 55.801921], [37.710809, 55.80161], [37.710817, 55.801605], [37.71113, 55.801416]], [[37.711168, 55.801435], [37.710854, 55.801625], [37.710338, 55.801941]], [[37.711588, 55.801175], [37.711353, 55.801322], [37.711283, 55.801366], [37.711258, 55.801381], [37.711168, 55.801435]], [[37.71113, 55.801416], [37.711246, 55.801346], [37.71131, 55.801307], [37.711552, 55.801155]], [[37.712877, 55.799965], [37.71269, 55.800189], [37.712432, 55.800516], [37.712241, 55.800724], [37.711896, 55.800981], [37.711588, 55.801175]], [[37.711552, 55.801155], [37.711857, 55.800963], [37.712198, 55.800709], [37.712268, 55.800632], [37.712385, 55.800503], [37.712581, 55.800262], [37.71283, 55.799953]], [[37.714411, 55.796101], [37.714397, 55.796249], [37.71439, 55.796325], [37.71438, 55.796421], [37.714363, 55.796614], [37.714357, 55.796683], [37.714359, 55.796739], [37.714365, 55.796783], [37.714381, 55.796829], [37.71441, 55.796876], [37.71445, 55.796922], [37.714509, 55.79697], [37.714729, 55.79712], [37.714799, 55.797175], [37.714846, 55.797224], [37.714886, 55.797273], [37.714912, 55.797323], [37.714923, 55.797365], [37.71492, 55.797412], [37.714908, 55.797462], [37.714884, 55.797513], [37.714841, 55.797574], [37.714717, 55.797721]], [[37.714671, 55.797709], [37.714794, 55.797562], [37.714835, 55.797504], [37.714858, 55.797456], [37.714869, 55.79741], [37.714872, 55.797367], [37.714862, 55.797329], [37.714838, 55.797283], [37.7148, 55.797237], [37.714755, 55.79719], [37.714688, 55.797137], [37.714467, 55.796987], [37.714405, 55.796936], [37.71436, 55.796882], [37.714332, 55.796836], [37.714314, 55.796787], [37.714308, 55.79674], [37.714306, 55.796683], [37.714312, 55.796613], [37.71433, 55.796414], [37.714339, 55.796317]], [[37.729001, 55.798733], [37.728843, 55.799025], [37.72849, 55.799678], [37.728464, 55.799726], [37.728427, 55.799794], [37.727644, 55.801223]], [[37.728953, 55.798719], [37.728997, 55.798647], [37.729003, 55.798606], [37.728993, 55.798555], [37.728969, 55.798515], [37.728942, 55.798484], [37.728887, 55.798439], [37.728877, 55.798431], [37.728804, 55.7984], [37.728726, 55.798375], [37.728603, 55.798347], [37.728457, 55.798322]], [[37.728475, 55.798295], [37.728625, 55.79832], [37.728751, 55.798346], [37.728834, 55.798371], [37.728926, 55.798411], [37.728977, 55.798453], [37.728992, 55.798466], [37.729034, 55.798512], [37.729051, 55.798555], [37.729056, 55.79861], [37.729043, 55.798655], [37.729001, 55.798733]], [[37.727354, 55.801789], [37.727253, 55.801994], [37.727183, 55.802137], [37.727092, 55.802323], [37.726897, 55.802719]], [[37.726839, 55.802709], [37.727005, 55.802374], [37.727035, 55.802314], [37.727127, 55.802128], [37.727202, 55.801985], [37.7273, 55.801783]], [[37.7273, 55.801783], [37.727415, 55.801546], [37.727469, 55.801434], [37.72759, 55.801214]], [[37.727644, 55.801223], [37.727523, 55.801444], [37.727469, 55.801555], [37.727354, 55.801789]], [[37.727308, 55.803134], [37.728494, 55.803335]], [[37.726897, 55.802719], [37.726831, 55.802854], [37.72683, 55.80292], [37.726856, 55.802978], [37.726911, 55.803026], [37.726986, 55.803064], [37.727094, 55.803098], [37.727308, 55.803134]], [[37.727293, 55.803162], [37.727074, 55.803125], [37.726959, 55.803098], [37.726864, 55.803053], [37.726798, 55.802996], [37.726787, 55.802973], [37.726767, 55.802931], [37.726772, 55.802845], [37.726839, 55.802709]], [[37.728371, 55.80411], [37.728644, 55.803582]], [[37.727365, 55.806058], [37.72746, 55.805874], [37.727581, 55.805638]], [[37.726804, 55.807269], [37.72665, 55.80755], [37.726636, 55.807762], [37.726668, 55.807938]], [[37.726617, 55.807941], [37.726615, 55.807922], [37.726578, 55.807762], [37.726598, 55.807547], [37.726749, 55.807253]], [[37.732708, 55.815243], [37.732503, 55.815308], [37.732358, 55.815351], [37.732024, 55.815449]], [[37.732342, 55.815319], [37.732441, 55.815261], [37.732848, 55.81502]], [[37.732, 55.815424], [37.732321, 55.815325], [37.732342, 55.815319]], [[37.722127, 55.818165], [37.722795, 55.81798], [37.723727, 55.817717], [37.725986, 55.817088], [37.726293, 55.817005], [37.726426, 55.816966], [37.726541, 55.816934], [37.72941, 55.81615], [37.731316, 55.815616], [37.732, 55.815424]], [[37.732024, 55.815449], [37.73134, 55.815641], [37.729461, 55.816168], [37.726653, 55.816937], [37.726581, 55.816955], [37.726465, 55.816987], [37.726328, 55.817027], [37.726008, 55.817114], [37.72375, 55.817743], [37.722817, 55.818007], [37.722147, 55.818192]], [[37.721019, 55.818121], [37.721151, 55.818212], [37.721167, 55.818224], [37.721254, 55.818252], [37.721348, 55.818272], [37.721363, 55.818274], [37.721446, 55.818284], [37.721547, 55.818287], [37.721647, 55.818281], [37.721744, 55.818266], [37.722127, 55.818165]], [[37.722147, 55.818192], [37.721753, 55.818295], [37.721651, 55.81831], [37.721546, 55.818316], [37.721441, 55.818313], [37.721352, 55.818303], [37.721338, 55.818301], [37.721239, 55.818281], [37.721147, 55.818252], [37.721119, 55.818234], [37.720997, 55.818152]], [[37.719568, 55.817172], [37.720749, 55.817946], [37.721019, 55.818121]], [[37.720997, 55.818152], [37.720875, 55.81807], [37.720713, 55.817966], [37.71953, 55.817191]], [[37.71953, 55.817191], [37.719456, 55.817143], [37.719417, 55.817122], [37.719372, 55.817105], [37.719323, 55.817092], [37.719271, 55.817084], [37.719217, 55.817081], [37.719163, 55.817082], [37.71911, 55.817089], [37.71906, 55.8171], [37.719013, 55.817116], [37.718969, 55.817135], [37.718829, 55.817195]], [[37.718793, 55.817175], [37.718942, 55.817112], [37.719005, 55.817091], [37.719073, 55.817076], [37.719145, 55.817067], [37.719219, 55.817065], [37.719292, 55.817069], [37.719363, 55.81708], [37.71943, 55.817098], [37.71949, 55.817121], [37.719568, 55.817172]], [[37.718829, 55.817195], [37.717463, 55.817778], [37.716244, 55.818297], [37.716008, 55.818399], [37.715875, 55.818456], [37.71572, 55.818524], [37.715698, 55.818534], [37.715261, 55.818722], [37.714554, 55.819036]], [[37.714524, 55.819013], [37.714589, 55.818984], [37.715476, 55.818593], [37.715667, 55.818511], [37.715687, 55.818502], [37.715844, 55.818433], [37.715976, 55.818375], [37.716213, 55.818274], [37.717435, 55.817754], [37.718793, 55.817175]], [[37.714554, 55.819036], [37.71427, 55.81916], [37.713337, 55.819445], [37.713289, 55.81946], [37.713274, 55.819465], [37.713146, 55.819504], [37.712947, 55.819551], [37.712703, 55.819609]], [[37.71268, 55.819582], [37.713124, 55.819478], [37.713189, 55.819458], [37.713264, 55.819435], [37.713312, 55.81942], [37.714112, 55.819172], [37.714238, 55.819138], [37.714524, 55.819013]], [[37.712703, 55.819609], [37.711635, 55.819862]], [[37.711618, 55.819829], [37.71268, 55.819582]], [[37.710943, 55.819854], [37.711067, 55.819871], [37.711164, 55.819882], [37.711273, 55.819885], [37.711305, 55.819883], [37.711382, 55.819878], [37.711485, 55.81986], [37.711618, 55.819829]], [[37.711635, 55.819862], [37.711549, 55.819882], [37.711463, 55.819898], [37.711383, 55.819909], [37.711302, 55.819916], [37.711284, 55.819916], [37.711221, 55.819918], [37.711139, 55.819913], [37.71106, 55.819901], [37.710931, 55.819883]], [[37.710495, 55.819792], [37.710943, 55.819854]], [[37.709845, 55.819685], [37.709958, 55.819704], [37.710193, 55.819743], [37.710403, 55.819779], [37.710495, 55.819792]], [[37.710481, 55.819819], [37.710388, 55.819806], [37.710283, 55.819788], [37.710178, 55.819771], [37.70983, 55.819713]], [[37.710931, 55.819883], [37.710481, 55.819819]], [[37.706786, 55.819193], [37.70693, 55.819218], [37.708135, 55.819411], [37.70952, 55.819633], [37.709845, 55.819685]], [[37.706147, 55.819082], [37.706378, 55.819126], [37.706786, 55.819193]], [[37.70983, 55.819713], [37.708259, 55.819461], [37.706916, 55.819245], [37.706765, 55.81922]], [[37.706765, 55.81922], [37.706359, 55.819152], [37.706119, 55.819108]], [[37.704944, 55.818857], [37.705146, 55.818895], [37.705188, 55.818903], [37.705294, 55.818922], [37.706147, 55.819082]], [[37.706119, 55.819108], [37.705279, 55.818953], [37.705131, 55.818924], [37.704931, 55.818886]], [[37.704931, 55.818886], [37.704589, 55.818821], [37.704004, 55.818652], [37.703852, 55.818608], [37.703409, 55.8184], [37.703212, 55.818291]], [[37.70216, 55.817671], [37.702875, 55.818065], [37.702884, 55.818071], [37.703244, 55.818269]], [[37.701761, 55.817509], [37.701574, 55.817415], [37.701288, 55.817148]], [[37.700903, 55.816748], [37.701004, 55.816837]], [[37.701288, 55.817148], [37.701255, 55.817117], [37.701136, 55.817006], [37.700866, 55.81677], [37.700817, 55.816752], [37.700578, 55.816664]], [[37.699062, 55.816133], [37.699619, 55.816305], [37.699751, 55.816345], [37.700611, 55.81664], [37.700886, 55.816742], [37.700903, 55.816748]], [[37.700578, 55.816664], [37.699964, 55.816453], [37.699707, 55.816365], [37.699041, 55.816158]], [[37.699041, 55.816158], [37.698743, 55.816065], [37.698436, 55.815989]], [[37.698449, 55.815962], [37.698747, 55.816036], [37.698758, 55.816039], [37.699062, 55.816133]], [[37.697278, 55.815652], [37.697685, 55.815771], [37.697729, 55.815784], [37.697746, 55.815789], [37.698449, 55.815962]], [[37.698436, 55.815989], [37.69772, 55.815814], [37.697706, 55.81581], [37.697662, 55.815797], [37.697612, 55.815782], [37.697253, 55.815677]], [[37.696409, 55.815265], [37.696769, 55.815479], [37.697278, 55.815652]], [[37.697253, 55.815677], [37.696738, 55.815502], [37.696374, 55.815286]], [[37.766217, 55.82834], [37.766594, 55.828518], [37.767439, 55.828916]], [[37.766183, 55.828361], [37.764656, 55.827631], [37.763711, 55.827165], [37.763634, 55.827128], [37.763394, 55.82701], [37.763284, 55.826955], [37.763145, 55.826887], [37.761632, 55.826143], [37.76102, 55.825852], [37.760832, 55.825763], [37.759506, 55.825117], [37.758578, 55.824653], [37.758344, 55.824535], [37.757864, 55.824293], [37.757758, 55.82424], [37.757281, 55.823997], [37.756638, 55.823664], [37.75557, 55.823106], [37.755507, 55.823073], [37.755219, 55.822927]], [[37.755245, 55.822911], [37.755438, 55.823007], [37.755558, 55.823074], [37.755581, 55.823085], [37.756668, 55.823644], [37.757316, 55.823978], [37.757896, 55.824272], [37.758131, 55.82439], [37.758364, 55.824507], [37.758623, 55.824637], [37.759542, 55.825096], [37.760869, 55.825742], [37.760881, 55.825747], [37.761054, 55.825831], [37.76166, 55.826124], [37.763199, 55.826872], [37.763329, 55.826936], [37.763431, 55.826987], [37.763675, 55.827107], [37.763744, 55.827141], [37.764687, 55.827606], [37.766217, 55.82834]], [[37.754157, 55.822248], [37.754267, 55.822306], [37.754849, 55.822694], [37.75508, 55.822827], [37.755245, 55.822911]], [[37.755219, 55.822927], [37.755044, 55.822843], [37.754813, 55.822711], [37.754241, 55.822327], [37.754121, 55.822265]], [[37.741987, 55.816998], [37.740409, 55.816084]], [[37.740448, 55.816062], [37.742028, 55.816979]], [[37.742028, 55.816979], [37.742166, 55.817059], [37.742333, 55.817156], [37.742699, 55.817326], [37.74315, 55.81752]], [[37.743152, 55.817556], [37.742669, 55.817347], [37.742256, 55.817154], [37.74211, 55.817069], [37.741987, 55.816998]], [[37.68528, 55.81516], [37.685379, 55.815088], [37.686517, 55.814262]], [[37.686559, 55.814279], [37.685421, 55.815103], [37.685318, 55.815177]], [[37.686792, 55.813696], [37.686824, 55.813739], [37.686849, 55.813788], [37.68686, 55.813836], [37.686866, 55.813894], [37.686859, 55.813952], [37.686858, 55.813962], [37.686841, 55.814015], [37.686819, 55.81406], [37.686785, 55.814107], [37.686736, 55.814152], [37.686559, 55.814279]], [[37.686517, 55.814262], [37.686693, 55.814134], [37.686742, 55.814092], [37.686772, 55.81405], [37.686793, 55.814009], [37.686797, 55.813998], [37.686809, 55.81396], [37.686815, 55.813894], [37.686815, 55.813838], [37.686801, 55.813794], [37.686782, 55.813747], [37.686751, 55.813708]], [[37.685758, 55.812377], [37.686301, 55.813058], [37.686792, 55.813696]], [[37.686751, 55.813708], [37.686254, 55.813069], [37.685725, 55.812402]], [[37.684878, 55.810947], [37.684842, 55.810978], [37.684819, 55.811004], [37.684799, 55.811038], [37.684796, 55.811061], [37.684794, 55.811077], [37.684816, 55.811131], [37.684841, 55.81117]], [[37.684799, 55.811182], [37.684764, 55.81113], [37.684749, 55.811098], [37.684746, 55.811068], [37.684751, 55.811038], [37.684775, 55.810992], [37.684805, 55.810955], [37.684852, 55.810913]], [[37.690176, 55.806904], [37.691552, 55.805868]], [[37.69159, 55.805893], [37.690216, 55.806927]], [[37.691552, 55.805868], [37.691719, 55.805743]], [[37.691754, 55.805769], [37.69159, 55.805893]], [[37.691719, 55.805743], [37.691732, 55.805734], [37.691764, 55.805696], [37.691773, 55.805649], [37.69177, 55.805612], [37.691755, 55.805581], [37.691735, 55.805552], [37.691709, 55.805523], [37.691675, 55.805489]], [[37.69172, 55.805476], [37.69176, 55.805519], [37.691802, 55.805567], [37.691827, 55.805616], [37.691828, 55.805633], [37.69183, 55.805661], [37.691817, 55.805703], [37.691779, 55.805747], [37.691754, 55.805769]], [[37.691675, 55.805489], [37.690615, 55.804539], [37.690143, 55.80411], [37.688813, 55.802898], [37.688727, 55.802818], [37.688491, 55.802619]], [[37.688544, 55.802602], [37.688773, 55.802804], [37.688782, 55.802812], [37.688862, 55.802883], [37.690202, 55.80409], [37.690695, 55.804537], [37.69172, 55.805476]], [[37.687778, 55.801675], [37.687862, 55.801822], [37.688011, 55.802047], [37.688235, 55.802325], [37.688544, 55.802602]], [[37.688491, 55.802619], [37.688189, 55.802343], [37.688157, 55.802313], [37.687957, 55.802049], [37.687814, 55.801831], [37.687729, 55.801683]], [[37.687729, 55.801683], [37.687498, 55.801282], [37.687464, 55.801225], [37.686974, 55.800424]], [[37.687026, 55.800412], [37.687536, 55.801254], [37.687778, 55.801675]], [[37.686974, 55.800424], [37.686847, 55.800215], [37.686617, 55.799943], [37.686175, 55.799548]], [[37.686222, 55.799524], [37.686397, 55.799668], [37.686673, 55.799929], [37.686897, 55.800199], [37.687026, 55.800412]], [[37.686175, 55.799548], [37.686128, 55.799505], [37.686048, 55.79944], [37.685989, 55.799386], [37.685913, 55.79931], [37.685614, 55.799026]], [[37.685614, 55.799026], [37.685245, 55.798675], [37.684991, 55.798396]], [[37.685967, 55.799291], [37.686036, 55.79936], [37.686044, 55.799368], [37.686091, 55.799416], [37.686169, 55.79948], [37.686222, 55.799524]], [[37.684659, 55.797958], [37.685299, 55.798662], [37.685967, 55.799291]], [[37.684991, 55.798396], [37.683278, 55.796515]], [[37.683328, 55.796498], [37.684083, 55.797326], [37.684659, 55.797958]], [[37.682949, 55.795855], [37.683009, 55.796011], [37.683088, 55.796187], [37.683133, 55.796265], [37.683183, 55.796339], [37.683328, 55.796498]], [[37.683278, 55.796515], [37.683128, 55.79635], [37.683067, 55.796252], [37.683032, 55.796194], [37.682957, 55.796028], [37.682894, 55.795868]], [[37.681475, 55.7928], [37.680722, 55.792629], [37.680539, 55.792586]], [[37.680485, 55.792541], [37.681146, 55.792694], [37.68151, 55.792778]], [[37.68151, 55.792778], [37.681609, 55.792801], [37.681647, 55.792815], [37.681675, 55.792829], [37.68168, 55.792832], [37.681708, 55.792852], [37.68173, 55.792874], [37.681746, 55.792897], [37.681776, 55.792972]], [[37.681727, 55.792981], [37.681696, 55.792904], [37.681679, 55.792882], [37.681655, 55.792862], [37.681626, 55.792844], [37.681601, 55.792833], [37.681591, 55.792829], [37.681553, 55.792818], [37.681475, 55.7928]], [[37.680777, 55.791632], [37.680885, 55.791466], [37.680958, 55.791356], [37.681003, 55.791287]], [[37.680539, 55.792586], [37.680446, 55.792565], [37.680406, 55.792548], [37.680377, 55.792532], [37.680341, 55.792505], [37.68034, 55.792504], [37.680319, 55.79248], [37.680305, 55.792453], [37.680299, 55.792429], [37.680299, 55.792397], [37.68031, 55.792363]], [[37.687024, 55.791605], [37.687084, 55.791628], [37.687205, 55.791674]], [[37.687464, 55.791593], [37.687442, 55.791623], [37.687433, 55.791651], [37.687433, 55.791678], [37.687436, 55.791702], [37.687457, 55.791748], [37.687507, 55.791789]], [[37.687451, 55.791803], [37.687417, 55.791776], [37.68739, 55.791745], [37.687381, 55.791714], [37.687378, 55.79168], [37.68738, 55.791642], [37.687392, 55.791613], [37.687412, 55.791578]], [[37.692327, 55.793547], [37.691969, 55.793491], [37.691608, 55.793412], [37.691288, 55.793312]], [[37.691327, 55.793284], [37.69162, 55.79338], [37.691981, 55.79346], [37.69234, 55.793515]], [[37.698285, 55.794363], [37.698544, 55.794396], [37.698713, 55.794418], [37.699191, 55.794474], [37.69947, 55.794509], [37.700141, 55.794589], [37.701282, 55.794711]], [[37.701273, 55.794739], [37.70013, 55.794616], [37.699459, 55.794537], [37.699178, 55.794501], [37.698687, 55.794445], [37.698531, 55.794424], [37.698258, 55.794392]], [[37.706004, 55.795247], [37.705748, 55.795247], [37.705477, 55.795248], [37.7046, 55.795124]], [[37.704628, 55.795098], [37.705484, 55.795219], [37.705751, 55.795218], [37.705993, 55.795218]], [[37.709152, 55.795221], [37.708864, 55.795224], [37.708684, 55.795225], [37.708363, 55.795228], [37.707964, 55.795232], [37.707165, 55.795236], [37.706126, 55.795246], [37.706004, 55.795247]], [[37.705993, 55.795218], [37.706127, 55.795217], [37.707165, 55.795207], [37.707963, 55.795203], [37.708362, 55.795199], [37.708683, 55.795196], [37.708864, 55.795195], [37.709606, 55.795186]], [[37.713654, 55.795735], [37.711814, 55.795367]], [[37.711831, 55.795339], [37.713671, 55.795705]], [[37.694808, 55.790289], [37.694545, 55.790094], [37.694463, 55.790033], [37.694257, 55.789879], [37.693679, 55.789451], [37.692383, 55.788489], [37.692171, 55.788331]], [[37.69222, 55.788302], [37.69244, 55.788464], [37.692998, 55.788874], [37.693644, 55.789355], [37.693739, 55.789425], [37.694853, 55.79025]], [[37.69155, 55.788244], [37.691674, 55.788145], [37.6917, 55.788134], [37.691738, 55.788118], [37.691796, 55.788108], [37.69185, 55.788107], [37.691917, 55.788114], [37.691981, 55.788138], [37.692025, 55.788164], [37.69222, 55.788302]], [[37.692171, 55.788331], [37.692039, 55.788234], [37.691956, 55.78817], [37.69191, 55.788148], [37.691834, 55.788138], [37.691761, 55.788147], [37.69174, 55.788157], [37.691704, 55.788174], [37.691598, 55.78826]], [[37.694853, 55.79025], [37.694887, 55.790275], [37.694986, 55.790349], [37.695063, 55.790401], [37.695116, 55.79044], [37.695185, 55.79049], [37.695225, 55.790519]], [[37.695166, 55.79055], [37.695123, 55.790519], [37.695016, 55.790438], [37.694833, 55.790307], [37.694808, 55.790289]], [[37.695242, 55.790288], [37.695163, 55.790325], [37.695123, 55.790337], [37.695067, 55.790348], [37.694986, 55.790349], [37.694929, 55.790341], [37.694833, 55.790307]], [[37.694887, 55.790275], [37.69496, 55.790303], [37.695043, 55.79031], [37.695097, 55.790303], [37.695148, 55.790287]], [[37.702894, 55.793797], [37.702439, 55.793638], [37.700802, 55.793066]], [[37.700836, 55.793028], [37.70139, 55.793224], [37.701891, 55.793402], [37.702864, 55.793746], [37.702926, 55.793769]], [[37.698759, 55.793236], [37.69885, 55.79331], [37.698893, 55.793341], [37.698996, 55.793376], [37.69906, 55.793387], [37.699146, 55.793396], [37.699227, 55.793389], [37.699298, 55.793369]], [[37.699314, 55.793402], [37.699249, 55.79342], [37.69916, 55.793427], [37.699085, 55.793425], [37.699046, 55.793419], [37.698969, 55.793408], [37.698904, 55.793388], [37.69884, 55.793365], [37.69879, 55.793336], [37.698697, 55.793261]], [[37.700517, 55.793062], [37.699314, 55.793402]], [[37.699298, 55.793369], [37.700491, 55.793028]], [[37.700491, 55.793028], [37.700587, 55.793], [37.700675, 55.792992], [37.700761, 55.793001], [37.700836, 55.793028]], [[37.700802, 55.793066], [37.700725, 55.793043], [37.700664, 55.793035], [37.700588, 55.793042], [37.700517, 55.793062]], [[37.69853, 55.788525], [37.698635, 55.788558], [37.698737, 55.788615], [37.698822, 55.788717]], [[37.700252, 55.789901], [37.699794, 55.789606], [37.699502, 55.789421], [37.69896, 55.788953], [37.698767, 55.78873]], [[37.698767, 55.78873], [37.698673, 55.788622], [37.698602, 55.788588], [37.698577, 55.78858], [37.698523, 55.788573], [37.698427, 55.788563], [37.69833, 55.788568], [37.698232, 55.788583], [37.698064, 55.788635]], [[37.698015, 55.7886], [37.698193, 55.788543], [37.698282, 55.788521], [37.698317, 55.788521], [37.69839, 55.788521], [37.69853, 55.788525]], [[37.698064, 55.788635], [37.698006, 55.788652], [37.697168, 55.788928]], [[37.697125, 55.788887], [37.698015, 55.7886]], [[37.696647, 55.789145], [37.696811, 55.78902], [37.696888, 55.78897], [37.696994, 55.788929], [37.697125, 55.788887]], [[37.697168, 55.788928], [37.697027, 55.788974], [37.696951, 55.789004], [37.69688, 55.789048], [37.696772, 55.789129], [37.696711, 55.789174]], [[37.681875, 55.789685], [37.680974, 55.789307], [37.680752, 55.789187], [37.680617, 55.78911], [37.680455, 55.789005]], [[37.680481, 55.788976], [37.680655, 55.789089], [37.68079, 55.789164], [37.681007, 55.789285], [37.681906, 55.789662]], [[37.680455, 55.789005], [37.680346, 55.788921], [37.680044, 55.788685], [37.680038, 55.788679], [37.679755, 55.788482], [37.679689, 55.788434], [37.679042, 55.787939], [37.676686, 55.786118], [37.676466, 55.78595], [37.676417, 55.785913], [37.676235, 55.785763]], [[37.676296, 55.785763], [37.676428, 55.785872], [37.676514, 55.785937], [37.676728, 55.786101], [37.679082, 55.78791], [37.67973, 55.788415], [37.679802, 55.788467], [37.680089, 55.788672], [37.680366, 55.788887], [37.680481, 55.788976]], [[37.676235, 55.785763], [37.675858, 55.785439], [37.675823, 55.785409], [37.675728, 55.785319], [37.675533, 55.78511], [37.675511, 55.785079], [37.675475, 55.785026], [37.675458, 55.785002], [37.675434, 55.784967], [37.675353, 55.784814], [37.675211, 55.784581], [37.675109, 55.784463], [37.674996, 55.78435], [37.674844, 55.784231], [37.674692, 55.784129], [37.674457, 55.783989], [37.673248, 55.783312]], [[37.673282, 55.783287], [37.674492, 55.783974], [37.674726, 55.784113], [37.674878, 55.784217], [37.675025, 55.784337], [37.675146, 55.784452], [37.675248, 55.784569], [37.675396, 55.784806], [37.675483, 55.784959], [37.675523, 55.785014], [37.675587, 55.785102], [37.67578, 55.785308], [37.675802, 55.785327], [37.675874, 55.785392], [37.675907, 55.785421], [37.676296, 55.785763]], [[37.673248, 55.783312], [37.672812, 55.783062], [37.672733, 55.783016], [37.670273, 55.781595]], [[37.670312, 55.781567], [37.67054, 55.781701], [37.672774, 55.782992], [37.672857, 55.78304], [37.673282, 55.783287]], [[37.66883, 55.780786], [37.669499, 55.781121], [37.670063, 55.78143], [37.670259, 55.781536], [37.670312, 55.781567]], [[37.670273, 55.781595], [37.670216, 55.781559], [37.670024, 55.78145], [37.669447, 55.781144], [37.668795, 55.780814]], [[37.665777, 55.779329], [37.66576, 55.779321], [37.66462, 55.778863], [37.664026, 55.77863]], [[37.664054, 55.778602], [37.66466, 55.778844], [37.665607, 55.779227], [37.665788, 55.779299], [37.665806, 55.779307]], [[37.662973, 55.778139], [37.663188, 55.77824], [37.663799, 55.7785], [37.664054, 55.778602]], [[37.664026, 55.77863], [37.663762, 55.778526], [37.663159, 55.778267], [37.662937, 55.778163]], [[37.662937, 55.778163], [37.662618, 55.778014], [37.660545, 55.777063], [37.659136, 55.776411], [37.658813, 55.776271]], [[37.658842, 55.776249], [37.659166, 55.77639], [37.660574, 55.777042], [37.662651, 55.77799], [37.662973, 55.778139]], [[37.658813, 55.776271], [37.658615, 55.776186], [37.658547, 55.776157], [37.658234, 55.776047], [37.658205, 55.776037], [37.65815, 55.776018], [37.658028, 55.775977]], [[37.658048, 55.775953], [37.658174, 55.775994], [37.658224, 55.776012], [37.658265, 55.776027], [37.658575, 55.776135], [37.658635, 55.776161], [37.658842, 55.776249]], [[37.658028, 55.775977], [37.657161, 55.775692]], [[37.657182, 55.775668], [37.658048, 55.775953]], [[37.657161, 55.775692], [37.657006, 55.77564], [37.6569, 55.775606], [37.656795, 55.775573], [37.656676, 55.775545], [37.656308, 55.775462]], [[37.656326, 55.775437], [37.656694, 55.775519], [37.656815, 55.775549], [37.656926, 55.775583], [37.657029, 55.775617], [37.657182, 55.775668]], [[37.656308, 55.775462], [37.655945, 55.77539], [37.6555, 55.775303], [37.655137, 55.77523], [37.654532, 55.775108]], [[37.654532, 55.77508], [37.655516, 55.775277], [37.655963, 55.775365], [37.656326, 55.775437]], [[37.652764, 55.774526], [37.653156, 55.774632], [37.653471, 55.774717], [37.653541, 55.774738], [37.653574, 55.774747], [37.653597, 55.774755], [37.653635, 55.774767], [37.653674, 55.774783], [37.653753, 55.774816], [37.65415, 55.774972], [37.654246, 55.775007], [37.654327, 55.775033], [37.654429, 55.775059], [37.654532, 55.77508]], [[37.654411, 55.775084], [37.654305, 55.775057], [37.654221, 55.77503], [37.654123, 55.774994], [37.653734, 55.774841], [37.653645, 55.774805], [37.653601, 55.774787], [37.653579, 55.774779], [37.653553, 55.77477], [37.653531, 55.774763], [37.653453, 55.774738], [37.653415, 55.774728], [37.652851, 55.774579], [37.652745, 55.774551]], [[37.652745, 55.774551], [37.652686, 55.774538], [37.652664, 55.774533], [37.652629, 55.774529], [37.652593, 55.774527], [37.652561, 55.774529], [37.652521, 55.774533], [37.652485, 55.774537], [37.652448, 55.774546], [37.65233, 55.774584], [37.652278, 55.7746]], [[37.652245, 55.774581], [37.65237, 55.77454], [37.65243, 55.774521], [37.652463, 55.774512], [37.652505, 55.774506], [37.65256, 55.774503], [37.652599, 55.774502], [37.65264, 55.774502], [37.652679, 55.774507], [37.652706, 55.774513], [37.652764, 55.774526]], [[37.650312, 55.775798], [37.650931, 55.775398]], [[37.650972, 55.775419], [37.650348, 55.775828]], [[37.648938, 55.776709], [37.648984, 55.776653], [37.649116, 55.77653], [37.649268, 55.776428]], [[37.649149, 55.776546], [37.649031, 55.776666], [37.648977, 55.776729]], [[37.648587, 55.777194], [37.648451, 55.77736], [37.648324, 55.777478]], [[37.648282, 55.777464], [37.648399, 55.777344], [37.648534, 55.777185]], [[37.648324, 55.777478], [37.647485, 55.778024], [37.646867, 55.778439], [37.646497, 55.77868], [37.646243, 55.778858], [37.645187, 55.779566]], [[37.645109, 55.779566], [37.645425, 55.779353], [37.646203, 55.778839], [37.646819, 55.778416], [37.647456, 55.778005], [37.648282, 55.777464]], [[37.643674, 55.779697], [37.643852, 55.7797], [37.643881, 55.779703], [37.644297, 55.779726], [37.644647, 55.779756], [37.644718, 55.779755], [37.644787, 55.779745], [37.644853, 55.779725], [37.644975, 55.779655], [37.645109, 55.779566]], [[37.645187, 55.779566], [37.645018, 55.779681], [37.644885, 55.779754], [37.644833, 55.779772], [37.64477, 55.779785], [37.644659, 55.779788], [37.644543, 55.779783], [37.644287, 55.779765], [37.64388, 55.779742], [37.643675, 55.779738]], [[37.642573, 55.779688], [37.642768, 55.779689], [37.643203, 55.779692], [37.643674, 55.779697]], [[37.643675, 55.779738], [37.642577, 55.779726]], [[37.642577, 55.779726], [37.641593, 55.779715]], [[37.641594, 55.779682], [37.642043, 55.779685], [37.642573, 55.779688]], [[37.64101, 55.779716], [37.64113, 55.779704], [37.641281, 55.77969], [37.641378, 55.779683], [37.641477, 55.779681], [37.641594, 55.779682]], [[37.641593, 55.779715], [37.641479, 55.779714], [37.641386, 55.779716], [37.641296, 55.779722], [37.641143, 55.779736], [37.641013, 55.779749]], [[37.633826, 55.780499], [37.63357, 55.780525], [37.63355, 55.780527]], [[37.632979, 55.780521], [37.633134, 55.780513], [37.633349, 55.780504], [37.633562, 55.780494], [37.633809, 55.780467]], [[37.631968, 55.780694], [37.632375, 55.780614], [37.63258, 55.780573], [37.632663, 55.780556], [37.632764, 55.780541], [37.632906, 55.780524], [37.632979, 55.780521]], [[37.632988, 55.780561], [37.632921, 55.780563], [37.632762, 55.78058], [37.632604, 55.780606], [37.632265, 55.780676], [37.631994, 55.780733]], [[37.63123, 55.780432], [37.63129, 55.780567], [37.631305, 55.780595], [37.631324, 55.780622], [37.631357, 55.780652], [37.631393, 55.780672], [37.631426, 55.780688], [37.631479, 55.78071], [37.631564, 55.780727], [37.631669, 55.780739], [37.631757, 55.780736], [37.631818, 55.780728], [37.631855, 55.78072], [37.631968, 55.780694]], [[37.631994, 55.780733], [37.631876, 55.780753], [37.631842, 55.780758], [37.631815, 55.780762], [37.63176, 55.780768], [37.631678, 55.780769], [37.631555, 55.780758], [37.63145, 55.780734], [37.631413, 55.780721], [37.631361, 55.780699], [37.631311, 55.780668], [37.631279, 55.780641], [37.631251, 55.780608], [37.631224, 55.780571], [37.631195, 55.780504], [37.631172, 55.780434]], [[37.631172, 55.780434], [37.631141, 55.780344], [37.6311, 55.780226], [37.63101, 55.779934], [37.630937, 55.779708]], [[37.630937, 55.779708], [37.630889, 55.779524], [37.630877, 55.779471], [37.630836, 55.779298]], [[37.631008, 55.779709], [37.631028, 55.779778], [37.631071, 55.779928], [37.63115, 55.780178], [37.631211, 55.780374], [37.63123, 55.780432]], [[37.630905, 55.779295], [37.630955, 55.779524], [37.631008, 55.779709]], [[37.630755, 55.778573], [37.630778, 55.778706], [37.630905, 55.779295]], [[37.630836, 55.779298], [37.6308, 55.779118], [37.630702, 55.778638], [37.630688, 55.778572]], [[37.630688, 55.778572], [37.630674, 55.778502], [37.630662, 55.778454], [37.630651, 55.778432], [37.630633, 55.778412], [37.630604, 55.77839], [37.630562, 55.778372], [37.6305, 55.778356], [37.630442, 55.778348], [37.630367, 55.778342], [37.630196, 55.778342]], [[37.630198, 55.778314], [37.630372, 55.778315], [37.630453, 55.778319], [37.630498, 55.778321], [37.63055, 55.778328], [37.630607, 55.778344], [37.630684, 55.778381], [37.630715, 55.778415], [37.63073, 55.778453], [37.630742, 55.778504], [37.630755, 55.778573]], [[37.630196, 55.778342], [37.629565, 55.778342], [37.629197, 55.778341], [37.629129, 55.778342], [37.629028, 55.778342], [37.628768, 55.778339], [37.628213, 55.778335]], [[37.628228, 55.778306], [37.628768, 55.77831], [37.629038, 55.778312], [37.629139, 55.778315], [37.629198, 55.778313]], [[37.628213, 55.778335], [37.628101, 55.778335], [37.627813, 55.778334], [37.627439, 55.778335]], [[37.627438, 55.778308], [37.627811, 55.778302], [37.628097, 55.778304], [37.628228, 55.778306]], [[37.625978, 55.778513], [37.626148, 55.77848], [37.626656, 55.778382], [37.626924, 55.778349], [37.627192, 55.778325], [37.627438, 55.778308]], [[37.627439, 55.778335], [37.627198, 55.778351], [37.626935, 55.778375], [37.626673, 55.778408], [37.626281, 55.778475], [37.62616, 55.7785], [37.625561, 55.778619], [37.624711, 55.778787], [37.624324, 55.778863], [37.624024, 55.778922], [37.623627, 55.779], [37.623197, 55.77909]], [[37.623723, 55.778951], [37.624007, 55.778897], [37.624309, 55.778838], [37.624697, 55.778763], [37.625548, 55.778597], [37.625978, 55.778513]], [[37.623197, 55.77909], [37.623016, 55.779127], [37.622802, 55.779173], [37.622663, 55.779214], [37.622635, 55.779224], [37.62248, 55.779271], [37.622416, 55.779291]], [[37.622384, 55.779273], [37.62246, 55.779249], [37.622612, 55.779198], [37.622674, 55.779178], [37.622777, 55.779144], [37.623293, 55.77904], [37.62361, 55.778973], [37.623723, 55.778951]], [[37.621866, 55.779437], [37.622127, 55.779353], [37.622307, 55.779297], [37.622384, 55.779273]], [[37.622416, 55.779291], [37.622326, 55.779319], [37.622149, 55.779375], [37.621888, 55.779458]], [[37.621411, 55.7796], [37.621548, 55.779547], [37.621638, 55.779515], [37.621755, 55.779473], [37.621866, 55.779437]], [[37.621888, 55.779458], [37.621777, 55.779493], [37.621659, 55.779536], [37.621573, 55.779567], [37.621432, 55.779622]], [[37.620813, 55.779834], [37.621206, 55.77968], [37.621343, 55.779627], [37.621411, 55.7796]], [[37.621432, 55.779622], [37.621372, 55.779646], [37.621232, 55.7797], [37.620837, 55.779854]], [[37.620127, 55.779737], [37.620206, 55.779793], [37.620244, 55.779818], [37.620281, 55.779838], [37.620313, 55.779854], [37.620352, 55.779868], [37.62036, 55.77987], [37.620394, 55.779879], [37.62044, 55.779888], [37.620493, 55.779895], [37.620543, 55.779898], [37.62059, 55.779896], [37.620638, 55.77989], [37.620655, 55.779887], [37.620685, 55.77988], [37.62073, 55.779867], [37.620813, 55.779834]], [[37.620837, 55.779854], [37.620753, 55.779887], [37.620703, 55.779903], [37.620682, 55.779907], [37.620652, 55.779914], [37.620596, 55.77992], [37.620543, 55.779922], [37.620486, 55.779919], [37.620428, 55.779911], [37.620379, 55.779902], [37.620331, 55.77989], [37.620301, 55.779879], [37.620286, 55.779873], [37.620252, 55.779857], [37.620212, 55.779835], [37.620174, 55.779809], [37.620094, 55.779753]], [[37.620094, 55.779753], [37.619713, 55.779486], [37.619234, 55.779149], [37.618585, 55.778694]], [[37.618619, 55.778679], [37.619267, 55.779133], [37.619743, 55.779468], [37.620127, 55.779737]], [[37.618078, 55.778504], [37.618201, 55.778517], [37.618255, 55.778525], [37.618305, 55.778535], [37.618355, 55.778548], [37.618394, 55.778559], [37.618438, 55.778575], [37.618478, 55.778592], [37.618521, 55.778614], [37.618551, 55.778631], [37.618619, 55.778679]], [[37.618585, 55.778694], [37.61852, 55.778648], [37.61849, 55.778631], [37.61845, 55.778611], [37.618413, 55.778595], [37.618373, 55.77858], [37.618335, 55.778569], [37.618289, 55.778558], [37.618242, 55.778548], [37.618192, 55.778542], [37.618066, 55.778528]], [[37.617657, 55.778458], [37.617795, 55.778473], [37.617994, 55.778495], [37.618078, 55.778504]], [[37.618066, 55.778528], [37.617985, 55.778519], [37.617786, 55.778497], [37.617649, 55.778483]], [[37.616987, 55.778521], [37.617291, 55.778468], [37.617333, 55.778461], [37.617382, 55.778455], [37.617428, 55.778451], [37.617476, 55.778448], [37.617485, 55.778448], [37.617523, 55.778449], [37.617568, 55.778451], [37.617615, 55.778454], [37.617657, 55.778458]], [[37.617649, 55.778483], [37.617608, 55.778478], [37.617563, 55.778476], [37.617522, 55.778473], [37.617478, 55.778473], [37.617434, 55.778475], [37.617392, 55.778479], [37.617348, 55.778484], [37.617303, 55.778492], [37.617003, 55.778544]], [[37.61418, 55.779029], [37.615037, 55.778872], [37.616205, 55.778658], [37.616284, 55.778643], [37.616295, 55.778641], [37.616987, 55.778521]], [[37.617003, 55.778544], [37.616843, 55.778572], [37.616583, 55.778617], [37.61631, 55.778665], [37.616219, 55.778681], [37.615476, 55.778818], [37.614668, 55.778966], [37.614265, 55.779039], [37.614194, 55.779052]], [[37.614194, 55.779052], [37.614037, 55.779081], [37.61363, 55.779199], [37.613546, 55.779229], [37.613419, 55.779275], [37.613376, 55.779296], [37.613304, 55.77933], [37.613223, 55.779373]], [[37.613155, 55.779343], [37.613248, 55.779293], [37.613319, 55.779261], [37.613443, 55.779205], [37.61345, 55.779202], [37.613598, 55.779157], [37.613634, 55.779146], [37.614024, 55.779057], [37.61418, 55.779029]], [[37.612735, 55.779572], [37.612856, 55.779501], [37.613155, 55.779343]], [[37.613223, 55.779373], [37.613141, 55.779419], [37.613096, 55.779444], [37.6128, 55.779607]], [[37.612038, 55.779793], [37.612227, 55.779758], [37.612297, 55.779746], [37.612324, 55.779738], [37.61236, 55.779728], [37.612424, 55.779707], [37.612673, 55.779609], [37.612735, 55.779572]], [[37.6128, 55.779607], [37.612754, 55.779632], [37.612555, 55.779719], [37.612533, 55.779726], [37.612354, 55.779784], [37.612255, 55.779805], [37.61206, 55.779845]], [[37.61206, 55.779845], [37.611882, 55.779882], [37.611435, 55.779974], [37.61073, 55.780114], [37.610395, 55.780181], [37.610371, 55.780186], [37.609803, 55.780305]], [[37.609766, 55.780243], [37.610146, 55.780161], [37.610357, 55.780119], [37.611051, 55.779978], [37.611714, 55.779853], [37.6119, 55.779818], [37.612038, 55.779793]], [[37.608902, 55.780585], [37.609007, 55.780513], [37.609268, 55.780376], [37.609308, 55.78036], [37.609355, 55.780343], [37.609646, 55.780268], [37.609766, 55.780243]], [[37.609803, 55.780305], [37.609681, 55.78033], [37.609412, 55.780394], [37.609336, 55.780426], [37.609242, 55.780476], [37.609091, 55.780558], [37.609014, 55.780608]], [[37.608959, 55.780963], [37.60881, 55.780831], [37.608808, 55.78083], [37.608794, 55.780808], [37.608786, 55.780773], [37.608789, 55.780745], [37.608792, 55.780714], [37.608825, 55.780672], [37.608859, 55.780634], [37.608902, 55.780585]], [[37.609014, 55.780608], [37.608975, 55.780636], [37.608908, 55.780711], [37.608896, 55.780737], [37.608896, 55.780756], [37.608896, 55.780777], [37.608925, 55.780819], [37.608956, 55.780846], [37.60898, 55.780868], [37.609058, 55.780942]], [[37.609058, 55.780942], [37.609136, 55.781015], [37.609167, 55.781046], [37.609225, 55.781102], [37.609615, 55.781483], [37.610037, 55.781892], [37.610555, 55.782382], [37.610848, 55.782657], [37.610939, 55.782742]], [[37.61088, 55.782755], [37.610498, 55.782401], [37.609977, 55.781913], [37.609915, 55.78185], [37.609547, 55.781503], [37.609191, 55.781166], [37.60915, 55.78113], [37.60908, 55.781069], [37.609037, 55.781031], [37.608959, 55.780963]], [[37.610732, 55.783048], [37.610768, 55.783036], [37.610878, 55.782999], [37.61093, 55.782975], [37.610964, 55.782948], [37.610976, 55.782936], [37.610987, 55.78291], [37.610992, 55.782874], [37.61096, 55.78283], [37.610911, 55.782784], [37.61088, 55.782755]], [[37.610939, 55.782742], [37.61103, 55.782827], [37.61105, 55.782851], [37.611058, 55.782872], [37.611063, 55.782893], [37.611064, 55.782916], [37.611063, 55.782931], [37.611053, 55.782964], [37.611018, 55.783], [37.610968, 55.783031], [37.610812, 55.78308], [37.610763, 55.783094]], [[37.60618, 55.784596], [37.606242, 55.784572], [37.60635, 55.784535], [37.606785, 55.784381], [37.60691, 55.784338], [37.607033, 55.784295]], [[37.607066, 55.784325], [37.606774, 55.784424], [37.606652, 55.784469], [37.606644, 55.784471]], [[37.606621, 55.785128], [37.606203, 55.78484]], [[37.606253, 55.784818], [37.606664, 55.785107]], [[37.607183, 55.785582], [37.607045, 55.785449], [37.606877, 55.785304], [37.606621, 55.785128]], [[37.606664, 55.785107], [37.606773, 55.785184], [37.606917, 55.785286], [37.607085, 55.785434], [37.607161, 55.785508], [37.607223, 55.785567]], [[37.609565, 55.79007], [37.609651, 55.790062], [37.609738, 55.790038], [37.609805, 55.790003], [37.609851, 55.789958], [37.609872, 55.789908], [37.609873, 55.78987]], [[37.609922, 55.789865], [37.60992, 55.78991], [37.609913, 55.789964], [37.609894, 55.789992], [37.609877, 55.790015], [37.609816, 55.790056], [37.609734, 55.790086], [37.609647, 55.790098], [37.609545, 55.790096]], [[37.600263, 55.789127], [37.600252, 55.789166], [37.60025, 55.789182], [37.600245, 55.789226], [37.60027, 55.789286], [37.600324, 55.789338], [37.600399, 55.789379], [37.600499, 55.789408], [37.600606, 55.789418]], [[37.600598, 55.789445], [37.600476, 55.789437], [37.600397, 55.789416], [37.600384, 55.789413], [37.600364, 55.789408], [37.600274, 55.789361], [37.600214, 55.789301], [37.600203, 55.789269], [37.60019, 55.789233], [37.600201, 55.789176], [37.600203, 55.789164], [37.600216, 55.789122]], [[37.604804, 55.785217], [37.605224, 55.785015], [37.605501, 55.784883], [37.605541, 55.784864], [37.605641, 55.784816], [37.605661, 55.784806], [37.605705, 55.78479]], [[37.605747, 55.784824], [37.605584, 55.784892], [37.605209, 55.785064], [37.604931, 55.785193], [37.604838, 55.785237]], [[37.604125, 55.785313], [37.604339, 55.785322], [37.604432, 55.785322], [37.604517, 55.785315], [37.60458, 55.7853], [37.604667, 55.78528], [37.604696, 55.785267], [37.60474, 55.785247], [37.60476, 55.785238], [37.604804, 55.785217]], [[37.604838, 55.785237], [37.604791, 55.785259], [37.604727, 55.785289], [37.604707, 55.785298], [37.604657, 55.785316], [37.604616, 55.785326], [37.604519, 55.785342], [37.604464, 55.785349], [37.604382, 55.785358], [37.604261, 55.785352], [37.60412, 55.785345]], [[37.60412, 55.785345], [37.603902, 55.785333]], [[37.603902, 55.785333], [37.603722, 55.785323], [37.60358, 55.785316]], [[37.603584, 55.785285], [37.60373, 55.785293], [37.603912, 55.785303]], [[37.603912, 55.785303], [37.604125, 55.785313]], [[37.60163, 55.785044], [37.601671, 55.785073], [37.60172, 55.785103], [37.601766, 55.785123], [37.601808, 55.785136], [37.601872, 55.785153], [37.601895, 55.785157], [37.601952, 55.785166], [37.602101, 55.785181], [37.60223, 55.78519]], [[37.602749, 55.785259], [37.60222, 55.785221]], [[37.601703, 55.785213], [37.601702, 55.785261], [37.601697, 55.78529], [37.601681, 55.78534], [37.601664, 55.785393]], [[37.601612, 55.785387], [37.60163, 55.785338], [37.601644, 55.785287], [37.60165, 55.785258], [37.601651, 55.785239], [37.601651, 55.785213], [37.601651, 55.785187], [37.601646, 55.785162], [37.601636, 55.785135], [37.601614, 55.785099], [37.601586, 55.785063]], [[37.600959, 55.784803], [37.601105, 55.784828], [37.601222, 55.784847], [37.601304, 55.784865], [37.601346, 55.784877], [37.601379, 55.784888], [37.601452, 55.784918], [37.601505, 55.784948]], [[37.601216, 55.784591], [37.601214, 55.784638], [37.601219, 55.784678], [37.601245, 55.78473], [37.60129, 55.784781], [37.601335, 55.784816], [37.601505, 55.784948]], [[37.601464, 55.78497], [37.601388, 55.784911], [37.601346, 55.784877], [37.601292, 55.784837], [37.601241, 55.784797], [37.601191, 55.784742], [37.601161, 55.784678], [37.601159, 55.784644], [37.601164, 55.78458]], [[37.601164, 55.78458], [37.60122, 55.784333], [37.601228, 55.784297], [37.601336, 55.783831], [37.601359, 55.783736], [37.601479, 55.783233]], [[37.601542, 55.78324], [37.601497, 55.783459], [37.601414, 55.78374], [37.601401, 55.783791], [37.601349, 55.78402], [37.6013, 55.784223], [37.601216, 55.784591]], [[37.601479, 55.783233], [37.601497, 55.783159], [37.601544, 55.782887], [37.601566, 55.782726]], [[37.601632, 55.782727], [37.601622, 55.78281], [37.601611, 55.782902], [37.601564, 55.783153], [37.601542, 55.78324]], [[37.601566, 55.782726], [37.60158, 55.782624], [37.601634, 55.782194], [37.601642, 55.782131], [37.601662, 55.781979], [37.601671, 55.781895], [37.601694, 55.781687]], [[37.601758, 55.781687], [37.601703, 55.782168], [37.601691, 55.782253], [37.601632, 55.782727]], [[37.601694, 55.781687], [37.601706, 55.781581], [37.60175, 55.78122], [37.601765, 55.781151]], [[37.601835, 55.781159], [37.601804, 55.781312], [37.601782, 55.781477], [37.601758, 55.781687]], [[37.601765, 55.781151], [37.601855, 55.78071], [37.602062, 55.78012], [37.602188, 55.779837]], [[37.602188, 55.779837], [37.602212, 55.779785], [37.602248, 55.779731], [37.602312, 55.779675], [37.602381, 55.77963], [37.602456, 55.779596], [37.602465, 55.779592], [37.602543, 55.779564], [37.602562, 55.779558], [37.602616, 55.779534], [37.602689, 55.779497], [37.602746, 55.779471], [37.602812, 55.779437], [37.602853, 55.779415], [37.602888, 55.779393], [37.602936, 55.779364]], [[37.602245, 55.779844], [37.602181, 55.779978], [37.602122, 55.780121], [37.602081, 55.780247], [37.601922, 55.780729], [37.601835, 55.781159]], [[37.602941, 55.779679], [37.602789, 55.779629], [37.602717, 55.779618], [37.602686, 55.779613], [37.602616, 55.779611], [37.602543, 55.779618], [37.60253, 55.779623], [37.602483, 55.779643], [37.602383, 55.779699], [37.602325, 55.77973], [37.602293, 55.779763], [37.602263, 55.779805], [37.602245, 55.779844]], [[37.603712, 55.778878], [37.603806, 55.778821], [37.603862, 55.778793], [37.603892, 55.778783], [37.603911, 55.778781], [37.603927, 55.77878], [37.603933, 55.77878], [37.603969, 55.778783], [37.604006, 55.778789], [37.604103, 55.778809], [37.604497, 55.778886]], [[37.604497, 55.778886], [37.604886, 55.778967], [37.60499, 55.778993], [37.605041, 55.779007], [37.605099, 55.779024], [37.605294, 55.779085]], [[37.605294, 55.779085], [37.605383, 55.779116], [37.605435, 55.779137], [37.605481, 55.779168], [37.605499, 55.779187], [37.605516, 55.779208], [37.605531, 55.779235], [37.605533, 55.77924], [37.605535, 55.779245], [37.605536, 55.779251], [37.605536, 55.779257], [37.605509, 55.779338], [37.605498, 55.77936]], [[37.605498, 55.77936], [37.605415, 55.779533], [37.605159, 55.780068]], [[37.605159, 55.780068], [37.605088, 55.780183], [37.605063, 55.780205], [37.605034, 55.780222], [37.604961, 55.780248], [37.604872, 55.780257], [37.604847, 55.780256], [37.604793, 55.780251], [37.604703, 55.780234], [37.604575, 55.780193]], [[37.600945, 55.784834], [37.600855, 55.784818], [37.600381, 55.78474], [37.59899, 55.784514], [37.598496, 55.784432], [37.598266, 55.784391], [37.597953, 55.784336], [37.597278, 55.784226], [37.59724, 55.78422]], [[37.597258, 55.784195], [37.597317, 55.784205], [37.597703, 55.784268], [37.597974, 55.784312], [37.598419, 55.784385], [37.599107, 55.784497], [37.599502, 55.784562], [37.599535, 55.784568], [37.599932, 55.784633], [37.600959, 55.784803]], [[37.596507, 55.783795], [37.596621, 55.78388], [37.596736, 55.783969], [37.596758, 55.783986], [37.596809, 55.784025], [37.596869, 55.784071], [37.596986, 55.784142], [37.597054, 55.784162], [37.597103, 55.78417], [37.597258, 55.784195]], [[37.59724, 55.78422], [37.597083, 55.784194], [37.597035, 55.784185], [37.596964, 55.784164], [37.59685, 55.784091], [37.596749, 55.784019], [37.596713, 55.783994], [37.5967, 55.783984], [37.5966, 55.783899], [37.596472, 55.783813]], [[37.58812, 55.778229], [37.588004, 55.778154], [37.587825, 55.778037], [37.587695, 55.777953], [37.587599, 55.77789], [37.586925, 55.777452], [37.586805, 55.777374], [37.586782, 55.777359], [37.586626, 55.77726], [37.586252, 55.777031], [37.585755, 55.776723]], [[37.589423, 55.779078], [37.589298, 55.778996], [37.58927, 55.778979], [37.588912, 55.778744], [37.588454, 55.778447], [37.588191, 55.778276], [37.58812, 55.778229]], [[37.583561, 55.776383], [37.583335, 55.776225], [37.583294, 55.776191], [37.583268, 55.776163], [37.583252, 55.776129], [37.583247, 55.776091], [37.583252, 55.776045], [37.583265, 55.776009], [37.583293, 55.775976], [37.583327, 55.775948], [37.583365, 55.775925], [37.583431, 55.775895], [37.583508, 55.77587], [37.583606, 55.775847], [37.583683, 55.775832], [37.583775, 55.775825], [37.583868, 55.775826], [37.583961, 55.775831], [37.584004, 55.775837], [37.584053, 55.775849], [37.58411, 55.775867], [37.584122, 55.775873], [37.584168, 55.775894], [37.584739, 55.776243], [37.584766, 55.77626], [37.584793, 55.776275], [37.584835, 55.776293], [37.584849, 55.776298], [37.584891, 55.776314], [37.584908, 55.776319], [37.584972, 55.776339], [37.585041, 55.776358]], [[37.588162, 55.778208], [37.588234, 55.778255], [37.588505, 55.778431], [37.588757, 55.778598], [37.589146, 55.778856], [37.58948, 55.779082]], [[37.585008, 55.776375], [37.584971, 55.776366], [37.584925, 55.776357], [37.584898, 55.776352], [37.58488, 55.776349], [37.584832, 55.776345], [37.5848, 55.776345], [37.584767, 55.776346], [37.584724, 55.776354], [37.584687, 55.776365], [37.584652, 55.776379], [37.584618, 55.776393], [37.584585, 55.776409], [37.584283, 55.776565], [37.584237, 55.776583], [37.584187, 55.776596], [37.584165, 55.7766], [37.584145, 55.776604], [37.584095, 55.77661], [37.584047, 55.776612], [37.583996, 55.776609], [37.583944, 55.776601], [37.583889, 55.776587], [37.58384, 55.776567], [37.583798, 55.776543], [37.583561, 55.776383]], [[37.585802, 55.776708], [37.586601, 55.777202], [37.586665, 55.777238], [37.58682, 55.777337], [37.586843, 55.777352], [37.586964, 55.77743], [37.587641, 55.77787], [37.587736, 55.777932], [37.587869, 55.778018], [37.588045, 55.778132], [37.588162, 55.778208]], [[37.585755, 55.776723], [37.585635, 55.776647], [37.585538, 55.776582], [37.585425, 55.776519], [37.585365, 55.776493], [37.585298, 55.776467], [37.5852, 55.776432], [37.585102, 55.776402], [37.585008, 55.776375]], [[37.585041, 55.776358], [37.585139, 55.776387], [37.585228, 55.776416], [37.585321, 55.776451], [37.585389, 55.776478], [37.585453, 55.776505], [37.585568, 55.776566], [37.58567, 55.776626], [37.585802, 55.776708]], [[37.667901, 55.778405], [37.667757, 55.778497], [37.66752, 55.778643]], [[37.66748, 55.77862], [37.667714, 55.778475], [37.667851, 55.778385]], [[37.668841, 55.777625], [37.669239, 55.777313], [37.669323, 55.777236], [37.669405, 55.77715], [37.669654, 55.776912], [37.669935, 55.776686]], [[37.669605, 55.777011], [37.669446, 55.777164], [37.669361, 55.777251], [37.669278, 55.777329], [37.668892, 55.777646]], [[37.669975, 55.776702], [37.669693, 55.776926], [37.669605, 55.777011]], [[37.669935, 55.776686], [37.670632, 55.77616]], [[37.67067, 55.776176], [37.670382, 55.776394], [37.669975, 55.776702]], [[37.671271, 55.776127], [37.671182, 55.776087], [37.671111, 55.776077], [37.671071, 55.77607], [37.670945, 55.776071], [37.670859, 55.776087], [37.670822, 55.776094], [37.670785, 55.776104], [37.670731, 55.77613], [37.67067, 55.776176]], [[37.670632, 55.77616], [37.670692, 55.776114], [37.670752, 55.77608], [37.670803, 55.776061], [37.670873, 55.77604], [37.670982, 55.776029], [37.67105, 55.776032], [37.671109, 55.776039], [37.671143, 55.776047], [37.671197, 55.77606], [37.671292, 55.776102]], [[37.671292, 55.776102], [37.671566, 55.776222], [37.672899, 55.776812], [37.673074, 55.776891]], [[37.673044, 55.776912], [37.671537, 55.776243], [37.671271, 55.776127]], [[37.673074, 55.776891], [37.67317, 55.776934], [37.673431, 55.777062], [37.67354, 55.777121]], [[37.673496, 55.777135], [37.673422, 55.777094], [37.673399, 55.777082], [37.673139, 55.776955], [37.673044, 55.776912]], [[37.674465, 55.777119], [37.674161, 55.777267], [37.674094, 55.777294], [37.674087, 55.777297], [37.673985, 55.77732], [37.673894, 55.777318], [37.67381, 55.7773], [37.67374, 55.777268], [37.673727, 55.777261], [37.673496, 55.777135]], [[37.67354, 55.777121], [37.67376, 55.777241], [37.67384, 55.777271], [37.673933, 55.777284], [37.674056, 55.777277], [37.674064, 55.777274], [37.674132, 55.777246], [37.674431, 55.7771]], [[37.677796, 55.775227], [37.677854, 55.774995], [37.677885, 55.774891], [37.677894, 55.774862], [37.677973, 55.774536], [37.677995, 55.774463], [37.678017, 55.774389]], [[37.678074, 55.774394], [37.67799, 55.774703], [37.677941, 55.774868], [37.677864, 55.775174], [37.677847, 55.775234]], [[37.677483, 55.775585], [37.677592, 55.775525], [37.677662, 55.775486], [37.677709, 55.77545], [37.677741, 55.775409], [37.677765, 55.77535], [37.677796, 55.775227]], [[37.677847, 55.775234], [37.677812, 55.775356], [37.677787, 55.775417], [37.677751, 55.775463], [37.677699, 55.775503], [37.677625, 55.775545], [37.677515, 55.775605]], [[37.680257, 55.764114], [37.680267, 55.764033], [37.680271, 55.763927], [37.680248, 55.763753], [37.680114, 55.763269]], [[37.680167, 55.763262], [37.680296, 55.763752], [37.68032, 55.763933], [37.680316, 55.764036], [37.680306, 55.764116]], [[37.683355, 55.762723], [37.683546, 55.762704], [37.683744, 55.76268], [37.683806, 55.762669], [37.683892, 55.762654], [37.684001, 55.762634], [37.684112, 55.762606], [37.68447, 55.762485]], [[37.684498, 55.762509], [37.684189, 55.762615], [37.684048, 55.762657], [37.683899, 55.762689], [37.68374, 55.762715], [37.683623, 55.762732], [37.683571, 55.762739], [37.683405, 55.762758]], [[37.707971, 55.754451], [37.708165, 55.754393], [37.709384, 55.753965], [37.71042, 55.753593], [37.710646, 55.753512], [37.711587, 55.753196], [37.711767, 55.753146]], [[37.71179, 55.753165], [37.71161, 55.753217], [37.710677, 55.753538], [37.710448, 55.75362], [37.709413, 55.75399], [37.708717, 55.754228], [37.708186, 55.754411], [37.707999, 55.754474]], [[37.707999, 55.754474], [37.707757, 55.754556], [37.706893, 55.754857], [37.706587, 55.754958]], [[37.706566, 55.754932], [37.706873, 55.754829], [37.707971, 55.754451]], [[37.715873, 55.754029], [37.715864, 55.754005], [37.715862, 55.753996], [37.715848, 55.753973], [37.715829, 55.753948], [37.715806, 55.753924], [37.71579, 55.753914], [37.715747, 55.753885], [37.715684, 55.753863], [37.715645, 55.753852], [37.715601, 55.753845], [37.715444, 55.753818]], [[37.716021, 55.753569], [37.715995, 55.753623], [37.715974, 55.753674], [37.715953, 55.753724], [37.715941, 55.753774], [37.715936, 55.75382], [37.715931, 55.753882], [37.715925, 55.753956], [37.715923, 55.754003], [37.715922, 55.75403]], [[37.717, 55.751984], [37.717059, 55.7519], [37.717087, 55.751864], [37.717123, 55.751833], [37.717177, 55.751807], [37.71718, 55.751806], [37.717245, 55.751782], [37.717311, 55.75177], [37.717334, 55.751769], [37.717386, 55.751766], [37.717431, 55.751766], [37.71751, 55.751771], [37.717576, 55.751774]], [[37.717573, 55.751798], [37.717509, 55.751794], [37.717466, 55.751795], [37.717416, 55.751793], [37.717357, 55.751796], [37.717305, 55.751803], [37.717258, 55.75181], [37.717211, 55.751826], [37.717177, 55.751842], [37.717158, 55.751851], [37.717128, 55.751877], [37.717095, 55.751909], [37.717044, 55.751986]], [[37.717573, 55.751798], [37.717386, 55.751766], [37.717337, 55.751758], [37.717241, 55.751742]], [[37.716506, 55.751621], [37.716637, 55.751643], [37.71673, 55.751658], [37.716836, 55.75167], [37.717077, 55.751696], [37.717122, 55.751701], [37.717172, 55.751707], [37.717252, 55.751718], [37.71735, 55.751734], [37.717576, 55.751774]], [[37.717241, 55.751742], [37.717164, 55.751731], [37.717108, 55.751725], [37.717069, 55.75172], [37.716828, 55.751695], [37.716721, 55.751681], [37.716625, 55.751667], [37.716493, 55.751644]], [[37.716493, 55.751644], [37.715733, 55.751503]], [[37.715749, 55.75148], [37.716145, 55.751555], [37.716506, 55.751621]], [[37.713637, 55.751011], [37.714025, 55.751083], [37.714711, 55.751209]], [[37.714696, 55.751232], [37.714013, 55.751103], [37.713665, 55.751036]], [[37.686686, 55.761488], [37.686607, 55.761413], [37.686381, 55.761196], [37.686325, 55.761141], [37.68561, 55.760354]], [[37.68561, 55.760354], [37.685545, 55.760283], [37.68549, 55.760201], [37.685433, 55.759958]], [[37.68566, 55.760343], [37.686367, 55.761128], [37.686423, 55.761183], [37.686561, 55.761319], [37.686643, 55.761399], [37.686737, 55.761491]], [[37.685433, 55.759958], [37.685409, 55.759825], [37.685385, 55.759706], [37.685376, 55.759591]], [[37.685309, 55.758769], [37.6853, 55.75866], [37.685307, 55.75864], [37.685316, 55.758619], [37.685329, 55.7586], [37.685345, 55.758581], [37.685363, 55.758563], [37.685384, 55.758545], [37.685411, 55.75853], [37.685448, 55.758516]], [[37.679607, 55.753744], [37.679913, 55.753947], [37.679991, 55.754031]], [[37.67958, 55.75376], [37.679991, 55.754031]], [[37.679377, 55.753515], [37.679429, 55.753586], [37.679545, 55.753699], [37.679607, 55.753744]], [[37.679338, 55.753526], [37.679389, 55.753595], [37.67946, 55.75367], [37.679511, 55.753715], [37.67958, 55.75376]], [[37.679277, 55.753545], [37.678679, 55.752757], [37.678672, 55.752747], [37.678559, 55.752601], [37.678466, 55.75248], [37.678238, 55.752184], [37.67815, 55.752071]], [[37.679533, 55.753787], [37.679448, 55.753726], [37.679406, 55.753692], [37.679328, 55.75361], [37.679277, 55.753545]], [[37.680262, 55.754298], [37.67995, 55.754075], [37.679533, 55.753787]], [[37.678765, 55.752502], [37.6787, 55.752585]], [[37.67866, 55.752606], [37.679338, 55.753526]], [[37.67855, 55.752458], [37.678558, 55.752468], [37.67866, 55.752606]], [[37.678225, 55.752049], [37.678496, 55.752387], [37.67855, 55.752458]], [[37.677864, 55.751601], [37.677896, 55.751641], [37.678225, 55.752049]], [[37.677796, 55.751615], [37.677546, 55.751294], [37.67716, 55.750797], [37.676794, 55.750326], [37.676542, 55.749938], [37.676524, 55.749912]], [[37.67815, 55.752071], [37.677796, 55.751615]], [[37.676521, 55.749777], [37.676584, 55.749865], [37.676622, 55.74992]], [[37.674017, 55.748322], [37.674188, 55.748294], [37.674424, 55.748269], [37.674612, 55.748259], [37.674892, 55.748281], [37.67517, 55.748336], [37.675353, 55.748414], [37.675402, 55.74844], [37.675548, 55.748541], [37.675655, 55.748657], [37.675729, 55.748758]], [[37.675602, 55.748666], [37.675585, 55.748648], [37.675583, 55.748646], [37.675496, 55.748556], [37.675359, 55.748457], [37.675314, 55.748435], [37.67514, 55.748367], [37.674884, 55.748315], [37.674605, 55.748291], [37.674426, 55.748298], [37.674201, 55.748318], [37.674036, 55.748347]], [[37.674036, 55.748347], [37.673538, 55.748429], [37.673246, 55.748451], [37.672886, 55.748473]], [[37.672382, 55.74847], [37.672873, 55.748444], [37.673232, 55.748425], [37.673522, 55.7484], [37.674017, 55.748322]], [[37.672886, 55.748473], [37.672389, 55.748498]], [[37.672389, 55.748498], [37.672354, 55.7485], [37.67215, 55.748507], [37.671998, 55.748509], [37.671931, 55.748505], [37.671844, 55.748495], [37.671762, 55.748479], [37.671685, 55.748453], [37.671618, 55.748423], [37.671545, 55.74838], [37.671473, 55.748326], [37.671398, 55.74825]], [[37.671443, 55.748242], [37.671509, 55.748311], [37.671579, 55.748363], [37.671642, 55.748397], [37.671699, 55.748425], [37.671772, 55.748451], [37.671846, 55.748466], [37.671928, 55.748476], [37.672013, 55.748481], [37.672148, 55.748482], [37.672382, 55.74847]], [[37.670684, 55.747505], [37.670499, 55.747329], [37.670343, 55.747191], [37.670336, 55.747185]], [[37.670386, 55.747172], [37.670388, 55.747175], [37.67057, 55.747333], [37.670728, 55.74749]], [[37.669691, 55.747051], [37.669447, 55.747027], [37.669398, 55.747023], [37.669307, 55.747015], [37.669195, 55.747016], [37.669164, 55.747017], [37.669076, 55.747035], [37.668998, 55.747067], [37.668909, 55.747119]], [[37.668813, 55.747129], [37.668907, 55.747059], [37.668969, 55.747024], [37.669046, 55.746998], [37.669166, 55.746977], [37.669262, 55.746978], [37.66934, 55.74698], [37.669462, 55.746993], [37.669702, 55.747019]], [[37.667125, 55.748998], [37.666188, 55.750022]], [[37.666188, 55.750022], [37.666013, 55.750214], [37.665755, 55.750557]], [[37.664191, 55.752642], [37.664254, 55.752559], [37.664276, 55.752527], [37.664714, 55.751919]], [[37.664761, 55.751934], [37.664323, 55.752538], [37.664301, 55.75257], [37.664237, 55.752653]], [[37.664237, 55.752653], [37.664169, 55.752736], [37.664151, 55.752759], [37.664063, 55.752868]], [[37.664063, 55.752868], [37.664034, 55.75291], [37.663871, 55.75314], [37.663733, 55.753336], [37.66357, 55.75356]], [[37.662271, 55.75425], [37.661175, 55.754432], [37.661028, 55.754458], [37.66102, 55.75446]], [[37.663527, 55.753546], [37.663691, 55.753326], [37.66383, 55.753131], [37.663993, 55.752901], [37.664022, 55.75286]], [[37.660779, 55.754568], [37.660775, 55.754643], [37.660791, 55.754731]], [[37.660791, 55.754731], [37.660869, 55.755156], [37.660874, 55.755183], [37.660883, 55.755228], [37.660887, 55.755249]], [[37.714452, 55.795417], [37.714477, 55.795088], [37.714521, 55.794626], [37.714532, 55.794506], [37.714545, 55.794432], [37.714615, 55.793724], [37.714641, 55.793467], [37.714692, 55.792967], [37.714725, 55.792617]], [[37.714777, 55.792621], [37.714742, 55.792969], [37.714691, 55.793469], [37.714605, 55.794434], [37.714596, 55.794508], [37.714551, 55.794979], [37.71454, 55.79509], [37.714509, 55.795418]], [[37.714725, 55.792617], [37.714733, 55.792537], [37.714765, 55.792434], [37.714775, 55.7924], [37.714805, 55.792337], [37.714842, 55.792287], [37.71487, 55.792255], [37.714914, 55.792211]], [[37.714965, 55.792231], [37.714925, 55.792268], [37.714894, 55.792302], [37.71486, 55.792349], [37.714838, 55.792393], [37.714823, 55.792436], [37.714785, 55.792544], [37.714777, 55.792621]], [[37.714914, 55.792211], [37.715079, 55.792096], [37.715575, 55.791793], [37.715589, 55.791784], [37.715664, 55.791731], [37.715708, 55.791689]], [[37.715763, 55.791708], [37.715712, 55.791754], [37.715636, 55.791808], [37.71525, 55.792044], [37.715126, 55.792119], [37.714965, 55.792231]], [[37.715708, 55.791689], [37.71574, 55.791651], [37.71576, 55.791619], [37.715788, 55.791554], [37.715806, 55.791514], [37.715832, 55.791426]], [[37.715906, 55.791433], [37.715862, 55.791565], [37.715835, 55.79162], [37.715811, 55.791653], [37.715789, 55.79168], [37.715763, 55.791708]], [[37.715832, 55.791426], [37.715942, 55.791053], [37.716039, 55.790725], [37.716264, 55.790009], [37.716355, 55.789715]], [[37.716423, 55.789722], [37.716331, 55.790015], [37.716118, 55.790732], [37.716028, 55.791041], [37.715906, 55.791433]], [[37.716355, 55.789715], [37.7164, 55.789568], [37.716423, 55.78949], [37.716452, 55.789409], [37.71656, 55.78897], [37.716575, 55.788912], [37.716656, 55.78861], [37.716679, 55.788523], [37.716724, 55.788365], [37.716825, 55.788018]], [[37.716885, 55.788027], [37.716788, 55.788369], [37.716718, 55.788615], [37.716639, 55.788916], [37.716623, 55.788975], [37.716515, 55.789413], [37.716493, 55.789497], [37.716469, 55.789574], [37.716423, 55.789722]], [[37.716825, 55.788018], [37.716851, 55.787933], [37.716883, 55.787827]], [[37.716944, 55.787829], [37.716917, 55.787917], [37.716885, 55.788027]], [[37.717142, 55.787188], [37.717085, 55.787375], [37.717063, 55.787447], [37.716944, 55.787829]], [[37.716883, 55.787827], [37.717002, 55.78744], [37.717022, 55.787369], [37.717078, 55.787183]], [[37.717703, 55.785275], [37.717632, 55.785506], [37.717572, 55.785711], [37.717551, 55.785784]], [[37.717354, 55.786252], [37.717498, 55.78577]], [[37.717551, 55.785784], [37.717413, 55.786257]], [[37.717498, 55.78577], [37.717517, 55.785706], [37.71758, 55.785502], [37.717617, 55.785396], [37.717652, 55.78527]], [[37.717038, 55.785443], [37.716582, 55.785401], [37.716048, 55.785352], [37.715985, 55.785346], [37.715906, 55.785339], [37.714788, 55.785235]], [[37.714788, 55.785235], [37.714412, 55.785193], [37.714383, 55.785187], [37.714354, 55.785181], [37.71429, 55.785158], [37.714255, 55.785135], [37.714239, 55.785111], [37.714221, 55.785011], [37.714237, 55.784881]], [[37.714324, 55.78415], [37.714334, 55.784072], [37.714352, 55.78404], [37.71438, 55.784022], [37.714465, 55.783973], [37.714523, 55.783952], [37.714595, 55.783935], [37.714637, 55.783931], [37.715083, 55.783899]], [[37.718112, 55.783909], [37.718145, 55.783817], [37.718188, 55.783695], [37.718225, 55.783602], [37.718243, 55.783554]], [[37.718299, 55.783559], [37.718278, 55.783611], [37.718247, 55.7837], [37.718169, 55.783912]], [[37.718794, 55.782387], [37.718779, 55.782409], [37.718697, 55.782602], [37.718552, 55.78294]], [[37.718493, 55.78293], [37.718726, 55.782402], [37.718736, 55.782375]], [[37.74517, 55.783231], [37.744078, 55.783207], [37.742664, 55.783155]], [[37.746028, 55.785695], [37.747272, 55.786373]], [[37.74266, 55.783124], [37.745172, 55.783203]], [[37.745172, 55.783203], [37.745374, 55.783215], [37.745548, 55.783243], [37.745637, 55.783269], [37.74571, 55.783295], [37.745788, 55.78334], [37.745859, 55.783394], [37.745917, 55.783451], [37.745981, 55.783545], [37.746015, 55.783653], [37.745951, 55.783973]], [[37.745889, 55.783971], [37.745953, 55.783655], [37.745912, 55.78355], [37.745852, 55.783462], [37.745801, 55.783416], [37.745753, 55.783378], [37.745619, 55.7833], [37.745589, 55.783291], [37.745526, 55.783273], [37.745362, 55.783245], [37.74517, 55.783231]], [[37.745641, 55.785278], [37.745862, 55.784116], [37.745889, 55.783971]], [[37.745951, 55.783973], [37.745926, 55.784121], [37.745699, 55.785283]], [[37.74598, 55.78572], [37.745837, 55.785629], [37.745683, 55.785486], [37.745646, 55.785407], [37.745641, 55.785278]], [[37.745699, 55.785283], [37.745704, 55.785405], [37.745738, 55.785468], [37.745848, 55.785583], [37.746028, 55.785695]], [[37.747272, 55.786373], [37.7475, 55.786471], [37.74761, 55.786484], [37.747712, 55.786496], [37.747948, 55.786501]], [[37.747951, 55.786546], [37.747702, 55.786541], [37.747605, 55.786529], [37.747531, 55.786521], [37.747442, 55.786503], [37.747223, 55.786408]], [[37.747948, 55.786501], [37.748009, 55.786502], [37.750645, 55.786558], [37.7509, 55.786562], [37.751084, 55.786564], [37.751298, 55.786567], [37.754686, 55.786598], [37.758506, 55.786679], [37.759577, 55.786707], [37.761682, 55.786769]], [[37.761669, 55.786815], [37.760343, 55.786774], [37.759573, 55.786752], [37.758503, 55.786724], [37.754684, 55.786643], [37.751298, 55.786612], [37.751125, 55.786607], [37.750863, 55.786607], [37.750802, 55.786605], [37.750319, 55.786595], [37.748068, 55.786548], [37.747951, 55.786546]], [[37.762544, 55.787192], [37.762564, 55.787114], [37.762578, 55.787039], [37.762563, 55.787005], [37.762547, 55.786966], [37.762499, 55.786925], [37.762475, 55.786903], [37.76237, 55.786857], [37.762243, 55.786833], [37.761749, 55.786818], [37.761669, 55.786815]], [[37.761682, 55.786769], [37.761758, 55.786772], [37.762242, 55.786788], [37.762396, 55.786815], [37.762516, 55.786865], [37.762526, 55.78687], [37.7626, 55.786946], [37.762605, 55.786951], [37.762639, 55.787039], [37.762617, 55.78712], [37.762597, 55.787199]], [[37.762597, 55.787199], [37.762481, 55.787659], [37.762473, 55.78769], [37.762386, 55.788036]], [[37.762327, 55.78803], [37.762413, 55.787688], [37.762422, 55.787654], [37.762544, 55.787192]], [[37.762386, 55.788036], [37.762352, 55.788173], [37.762354, 55.78819], [37.762362, 55.788253], [37.762381, 55.788273], [37.76242, 55.788311], [37.762516, 55.788356], [37.762543, 55.788366], [37.762631, 55.788397], [37.762737, 55.788413], [37.762923, 55.78843]], [[37.762913, 55.788462], [37.762712, 55.788443], [37.762597, 55.788426], [37.762473, 55.788379], [37.762462, 55.788374], [37.76236, 55.78833], [37.762349, 55.788316], [37.7623, 55.788257], [37.762291, 55.788191], [37.76229, 55.788176], [37.762327, 55.78803]], [[37.762923, 55.78843], [37.763318, 55.788463], [37.763794, 55.788511], [37.764328, 55.788573], [37.764895, 55.788647]], [[37.764895, 55.788647], [37.765566, 55.788759], [37.766175, 55.788869], [37.76678, 55.788995], [37.767367, 55.789135], [37.767954, 55.789282], [37.768482, 55.789434]], [[37.768455, 55.789462], [37.767921, 55.789309], [37.767347, 55.789158], [37.766758, 55.789018], [37.766158, 55.788897], [37.765556, 55.788786], [37.764848, 55.788673]], [[37.764848, 55.788673], [37.764308, 55.788603], [37.763788, 55.788543], [37.763301, 55.788494], [37.762913, 55.788462]], [[37.768482, 55.789434], [37.769756, 55.78982], [37.770335, 55.789989], [37.770593, 55.790067], [37.771396, 55.790309], [37.771507, 55.790343], [37.77169, 55.790401], [37.772187, 55.79055], [37.772746, 55.79072], [37.774353, 55.791204], [37.774412, 55.791222], [37.775161, 55.791447], [37.775375, 55.791511], [37.775564, 55.791566], [37.776068, 55.791716]], [[37.776044, 55.791743], [37.775543, 55.791596], [37.775349, 55.79154], [37.774667, 55.791332], [37.774388, 55.791248], [37.774328, 55.79123], [37.772721, 55.790746], [37.772148, 55.790573], [37.771667, 55.790427], [37.771479, 55.790372], [37.771064, 55.790248], [37.770649, 55.790123], [37.770563, 55.790097], [37.770307, 55.790019], [37.769731, 55.789845], [37.768455, 55.789462]], [[37.777531, 55.792103], [37.777409, 55.792085], [37.777251, 55.792058], [37.777087, 55.79203], [37.776897, 55.791991], [37.776044, 55.791743]], [[37.776068, 55.791716], [37.776908, 55.79196], [37.777078, 55.791997], [37.77726, 55.792028], [37.777423, 55.792054], [37.777547, 55.792071]], [[37.782471, 55.792799], [37.781998, 55.792732], [37.781743, 55.792697], [37.781489, 55.792661], [37.780933, 55.792578], [37.780076, 55.79246], [37.779846, 55.792424], [37.779694, 55.792403], [37.778715, 55.792268], [37.777531, 55.792103]], [[37.783526, 55.792908], [37.783148, 55.79288], [37.782998, 55.792865], [37.782827, 55.792845], [37.782471, 55.792799]], [[37.777547, 55.792071], [37.778545, 55.79221], [37.778731, 55.792235], [37.779708, 55.792371], [37.77986, 55.792392], [37.780091, 55.792427], [37.780948, 55.792547], [37.781507, 55.792631], [37.781757, 55.792667], [37.782486, 55.79277]], [[37.782486, 55.79277], [37.782837, 55.792817], [37.783012, 55.792835], [37.783158, 55.792849], [37.783537, 55.792878]], [[37.783537, 55.792878], [37.783977, 55.792914], [37.784112, 55.792926], [37.784166, 55.792931], [37.784827, 55.792981]], [[37.784818, 55.793012], [37.784103, 55.792956], [37.783984, 55.792946], [37.783526, 55.792908]], [[37.784827, 55.792981], [37.785079, 55.79299], [37.785754, 55.793003], [37.785872, 55.793005]], [[37.785871, 55.79304], [37.785752, 55.793037], [37.785075, 55.793023], [37.784818, 55.793012]], [[37.785872, 55.793005], [37.787147, 55.793026], [37.787584, 55.793031]], [[37.78758, 55.793064], [37.787322, 55.793061], [37.787146, 55.793058], [37.785871, 55.79304]], [[37.787584, 55.793031], [37.788036, 55.79304], [37.788251, 55.793043], [37.788423, 55.793046], [37.789137, 55.793059], [37.789388, 55.793065], [37.790306, 55.793106], [37.790588, 55.793116], [37.790788, 55.793124], [37.791034, 55.793131]], [[37.79103, 55.793164], [37.790815, 55.793157], [37.790587, 55.793148], [37.790298, 55.793137], [37.789386, 55.793097], [37.78875, 55.793079], [37.788422, 55.793074], [37.788253, 55.793072], [37.788035, 55.793071], [37.78758, 55.793064]], [[37.796586, 55.793272], [37.795067, 55.793242], [37.794391, 55.793229], [37.79418, 55.793225], [37.794038, 55.793221], [37.793878, 55.793218], [37.79353, 55.793213], [37.79304, 55.793204], [37.79283, 55.7932], [37.79103, 55.793164]], [[37.791034, 55.793131], [37.792832, 55.793168], [37.793532, 55.793182], [37.793878, 55.793188], [37.794039, 55.793192], [37.794181, 55.793194], [37.79488, 55.793205], [37.79497, 55.793206], [37.795068, 55.793209], [37.796084, 55.79323], [37.796586, 55.793241]], [[37.799228, 55.793265], [37.798614, 55.793262], [37.798333, 55.793265], [37.798031, 55.793268], [37.797972, 55.793269], [37.797558, 55.793279], [37.797228, 55.79328], [37.796847, 55.793277], [37.79674, 55.793276], [37.796586, 55.793272]], [[37.796586, 55.793241], [37.796741, 55.793243], [37.796848, 55.793245], [37.797226, 55.79325], [37.797552, 55.793247], [37.797971, 55.793238], [37.798026, 55.793237], [37.798701, 55.793227], [37.799228, 55.793232]], [[37.82023, 55.793588], [37.820608, 55.793596], [37.8217, 55.793616], [37.822608, 55.793624]], [[37.820891, 55.793633], [37.820607, 55.793628], [37.819605, 55.79361], [37.819359, 55.793605], [37.819211, 55.793603]], [[37.817226, 55.79354], [37.817988, 55.79355], [37.819038, 55.793567], [37.819212, 55.79357]], [[37.819211, 55.793603], [37.819038, 55.793599], [37.818272, 55.793588], [37.817986, 55.793583], [37.817218, 55.793571]], [[37.718618, 55.781348], [37.718764, 55.781785], [37.718798, 55.781874]], [[37.718732, 55.78188], [37.718703, 55.78179], [37.718645, 55.781629], [37.718544, 55.781348]], [[37.718544, 55.781348], [37.718261, 55.780499]], [[37.718318, 55.780495], [37.718618, 55.781348]], [[37.718535, 55.780065], [37.718451, 55.780091], [37.718373, 55.780126], [37.718323, 55.780164], [37.718289, 55.780206], [37.718281, 55.780217], [37.718267, 55.780268], [37.718269, 55.780333], [37.718286, 55.780404], [37.718318, 55.780495]], [[37.718261, 55.780499], [37.718231, 55.780409], [37.718216, 55.780346], [37.718213, 55.780334], [37.718211, 55.780265], [37.718213, 55.780259], [37.718222, 55.780227], [37.718227, 55.780209], [37.71827, 55.780151], [37.718281, 55.780143], [37.718333, 55.780104], [37.71842, 55.780065], [37.71851, 55.780037]], [[37.71938, 55.779919], [37.719051, 55.779963], [37.718918, 55.779983], [37.718771, 55.78001], [37.71864, 55.780038], [37.718535, 55.780065]], [[37.71851, 55.780037], [37.718618, 55.780009], [37.718752, 55.77998], [37.718902, 55.779953], [37.719037, 55.779933], [37.719363, 55.779889]], [[37.719363, 55.779889], [37.720197, 55.779777]], [[37.720215, 55.779807], [37.71938, 55.779919]], [[37.720197, 55.779777], [37.720301, 55.779763], [37.720361, 55.779754], [37.720426, 55.779739], [37.720477, 55.779721], [37.720534, 55.779693], [37.720561, 55.779674], [37.720591, 55.779642], [37.72061, 55.779608], [37.720616, 55.779581], [37.72062, 55.779566], [37.720623, 55.779523], [37.720625, 55.779507], [37.720624, 55.779494]], [[37.72068, 55.779496], [37.720681, 55.779507], [37.720678, 55.779534], [37.720676, 55.779569], [37.720673, 55.779582], [37.720664, 55.779615], [37.720643, 55.779654], [37.720614, 55.779685], [37.72056, 55.779722], [37.72051, 55.779747], [37.720452, 55.779767], [37.720379, 55.779784], [37.720315, 55.779794], [37.720215, 55.779807]], [[37.720603, 55.778925], [37.720568, 55.778854], [37.720533, 55.77881], [37.720507, 55.778785], [37.720493, 55.778771], [37.720435, 55.778729], [37.720427, 55.778725], [37.720301, 55.778648], [37.720235, 55.778615], [37.720189, 55.778591], [37.720153, 55.778574]], [[37.720196, 55.778546], [37.720231, 55.778565], [37.720277, 55.778588], [37.720346, 55.778622], [37.720475, 55.7787], [37.720507, 55.778723], [37.720546, 55.778751], [37.720598, 55.778805], [37.720631, 55.778851], [37.720659, 55.778926]], [[37.720603, 55.778925], [37.720598, 55.778805], [37.720596, 55.778749], [37.720594, 55.778722], [37.720594, 55.778707], [37.72059, 55.778594], [37.720595, 55.778519], [37.720605, 55.778449], [37.720624, 55.778391], [37.720657, 55.778326], [37.720712, 55.778246], [37.720769, 55.778167]], [[37.72082, 55.77818], [37.720764, 55.778258], [37.72071, 55.778337], [37.720678, 55.778398], [37.72066, 55.778453], [37.720651, 55.778521], [37.720646, 55.778595], [37.720651, 55.778689], [37.720652, 55.778739], [37.720653, 55.778756], [37.720655, 55.778839], [37.720659, 55.778926]], [[37.713162, 55.775105], [37.712925, 55.77498], [37.712232, 55.774631]], [[37.712268, 55.774606], [37.712953, 55.774944], [37.71321, 55.775075]], [[37.712232, 55.774631], [37.712037, 55.774533], [37.711865, 55.774425], [37.711842, 55.774409], [37.71183, 55.774394], [37.711744, 55.774313], [37.711677, 55.774253], [37.711602, 55.774185], [37.711506, 55.774115], [37.711365, 55.774037]], [[37.711399, 55.774004], [37.711542, 55.774081], [37.711663, 55.774177], [37.711701, 55.77422], [37.71179, 55.774295], [37.711854, 55.774362], [37.71189, 55.774397], [37.711978, 55.774452], [37.712075, 55.774511], [37.712268, 55.774606]], [[37.706935, 55.771866], [37.705945, 55.771481]], [[37.705995, 55.771446], [37.706964, 55.771821]], [[37.705316, 55.771076], [37.705514, 55.771217], [37.70562, 55.771278], [37.705697, 55.771316], [37.705995, 55.771446]], [[37.704919, 55.770771], [37.705316, 55.771076]], [[37.705945, 55.771481], [37.705646, 55.77135], [37.705565, 55.77131], [37.705454, 55.771247], [37.705252, 55.771103]], [[37.705252, 55.771103], [37.704874, 55.770794]], [[37.704291, 55.770471], [37.704373, 55.770494], [37.704522, 55.770547], [37.704653, 55.770605], [37.704919, 55.770771]], [[37.704874, 55.770794], [37.704618, 55.770626], [37.704493, 55.770571], [37.704336, 55.770518], [37.704256, 55.770496]], [[37.704256, 55.770496], [37.703537, 55.770298], [37.703367, 55.770253]], [[37.703375, 55.770217], [37.703565, 55.770269], [37.704291, 55.770471]], [[37.70113, 55.769025], [37.702476, 55.769862]], [[37.702439, 55.769881], [37.701071, 55.769055]], [[37.697913, 55.766984], [37.69789, 55.766941], [37.69788, 55.766892], [37.697886, 55.766836], [37.697901, 55.766795], [37.697933, 55.766755], [37.697974, 55.766714], [37.698084, 55.766659], [37.698178, 55.766637], [37.698369, 55.766606]], [[37.698395, 55.766625], [37.698188, 55.766658], [37.698079, 55.766702], [37.698032, 55.766726], [37.697988, 55.766765], [37.697964, 55.766792], [37.697939, 55.766842], [37.697929, 55.766886], [37.697937, 55.766921], [37.697953, 55.766959]], [[37.69906, 55.766418], [37.698938, 55.766473], [37.698759, 55.766551], [37.698639, 55.766582], [37.698395, 55.766625]], [[37.698369, 55.766606], [37.69863, 55.766564], [37.698737, 55.766535], [37.698906, 55.766463], [37.699029, 55.7664]], [[37.699029, 55.7664], [37.699305, 55.76627], [37.70118, 55.765424], [37.701351, 55.765349], [37.701493, 55.765283], [37.701597, 55.765236], [37.702218, 55.764954]], [[37.704776, 55.76385], [37.703984, 55.76419], [37.703803, 55.764271], [37.703632, 55.764347], [37.702298, 55.764953], [37.701688, 55.765229]], [[37.704753, 55.763828], [37.704845, 55.763784], [37.704979, 55.763744], [37.70508, 55.763717], [37.705208, 55.763683], [37.705353, 55.763659], [37.705589, 55.763619]], [[37.705758, 55.763627], [37.705369, 55.763691], [37.705223, 55.763718], [37.705004, 55.763765], [37.704862, 55.763811], [37.704776, 55.76385]], [[37.705589, 55.763619], [37.705844, 55.763573], [37.70627, 55.763492], [37.706491, 55.763443], [37.706529, 55.76343], [37.706758, 55.763354]], [[37.706775, 55.763381], [37.706627, 55.763432], [37.706515, 55.763467], [37.706411, 55.763497], [37.706293, 55.763525], [37.705758, 55.763627]], [[37.715922, 55.75403], [37.715972, 55.754681], [37.716003, 55.755228], [37.71601, 55.755344], [37.716046, 55.755975], [37.71609, 55.756565], [37.716112, 55.756825], [37.716243, 55.758886], [37.71627, 55.75931], [37.716271, 55.759342]], [[37.716215, 55.759341], [37.716209, 55.759208], [37.716192, 55.758947], [37.716189, 55.758886], [37.716056, 55.756825], [37.716033, 55.756569], [37.715986, 55.755971], [37.71595, 55.75534], [37.715919, 55.754784], [37.715913, 55.754682], [37.715873, 55.754029]], [[37.715604, 55.759906], [37.715798, 55.759829], [37.715906, 55.759782], [37.716036, 55.759722], [37.716075, 55.759691], [37.716131, 55.759642], [37.716178, 55.759577], [37.716197, 55.759546], [37.716219, 55.759449], [37.716214, 55.759364], [37.716215, 55.759341]], [[37.716271, 55.759342], [37.716274, 55.759364], [37.716277, 55.759472], [37.716256, 55.759537], [37.716234, 55.759584], [37.716223, 55.759609], [37.716127, 55.759708], [37.716114, 55.759717], [37.715958, 55.759799], [37.715843, 55.759851], [37.715711, 55.7599], [37.715632, 55.759929]], [[37.719419, 55.752183], [37.719056, 55.752112], [37.717724, 55.751833]], [[37.717734, 55.75181], [37.719074, 55.752083], [37.719449, 55.752156]], [[37.721736, 55.752626], [37.721512, 55.752586]], [[37.734133, 55.755006], [37.736576, 55.755503]], [[37.736644, 55.755546], [37.73411, 55.755027]], [[37.736576, 55.755503], [37.737774, 55.755743], [37.738357, 55.755867]], [[37.738327, 55.755897], [37.737576, 55.755736], [37.736644, 55.755546]], [[37.742379, 55.756759], [37.74106, 55.756483], [37.740981, 55.756466]], [[37.741063, 55.756444], [37.741109, 55.756453], [37.742398, 55.756726]], [[37.744668, 55.757216], [37.742379, 55.756759]], [[37.744678, 55.757188], [37.744915, 55.757235], [37.745198, 55.757319], [37.745313, 55.757379]], [[37.745278, 55.757402], [37.745151, 55.757338], [37.74487, 55.757256], [37.744668, 55.757216]], [[37.745313, 55.757379], [37.745475, 55.757465], [37.745514, 55.757489], [37.745739, 55.757556]], [[37.745731, 55.757582], [37.745518, 55.757522], [37.745483, 55.757505], [37.745278, 55.757402]], [[37.745739, 55.757556], [37.746502, 55.757693]], [[37.746495, 55.757726], [37.745731, 55.757582]], [[37.746502, 55.757693], [37.746745, 55.757736], [37.746798, 55.757754], [37.746857, 55.757791], [37.746895, 55.757842], [37.74693, 55.75792], [37.746947, 55.758032]], [[37.746912, 55.75804], [37.74691, 55.757973], [37.746868, 55.757875], [37.74682, 55.757812], [37.746729, 55.75777], [37.746495, 55.757726]], [[37.746947, 55.758032], [37.746973, 55.758212], [37.746998, 55.759049]], [[37.746942, 55.759051], [37.746912, 55.75804]], [[37.750806, 55.758346], [37.750559, 55.758328], [37.749924, 55.758305], [37.749568, 55.758292]], [[37.749567, 55.758255], [37.74994, 55.758274], [37.750351, 55.75829], [37.750768, 55.758307]], [[37.752014, 55.75857], [37.751148, 55.7584], [37.750806, 55.758346]], [[37.750768, 55.758307], [37.750924, 55.758325], [37.751174, 55.758366], [37.752032, 55.758533]], [[37.781524, 55.764293], [37.780536, 55.764085], [37.778074, 55.763612], [37.774831, 55.762955]], [[37.774846, 55.762917], [37.778292, 55.763627], [37.78066, 55.764078], [37.781239, 55.764206]], [[37.773618, 55.762718], [37.773398, 55.762676], [37.77223, 55.762445]], [[37.772251, 55.76241], [37.77258, 55.762472], [37.77365, 55.762681]], [[37.774831, 55.762955], [37.773618, 55.762718]], [[37.77365, 55.762681], [37.774052, 55.76276], [37.774846, 55.762917]], [[37.782599, 55.764958], [37.782698, 55.765032], [37.782768, 55.765082], [37.782815, 55.765112], [37.782885, 55.765141], [37.782967, 55.765162], [37.78306, 55.765173], [37.783135, 55.765174], [37.783232, 55.765165], [37.783313, 55.765148]], [[37.781239, 55.764206], [37.781481, 55.764253], [37.781587, 55.76428], [37.781678, 55.76431], [37.781722, 55.76433], [37.78184, 55.764401], [37.781943, 55.764475], [37.78201, 55.764525]], [[37.781965, 55.76454], [37.781898, 55.764492], [37.781799, 55.764423], [37.78172, 55.764379], [37.781672, 55.764353], [37.781626, 55.764329], [37.781587, 55.764314], [37.781524, 55.764293]], [[37.78201, 55.764525], [37.782599, 55.764958]], [[37.782555, 55.764976], [37.781965, 55.76454]], [[37.783625, 55.76511], [37.78355, 55.765128], [37.783335, 55.765175], [37.783243, 55.765196], [37.783138, 55.765207], [37.783063, 55.765207], [37.782954, 55.765193], [37.782863, 55.765171], [37.782785, 55.765137], [37.782725, 55.765099], [37.782654, 55.765047], [37.782555, 55.764976]], [[37.783313, 55.765148], [37.783604, 55.765082], [37.783662, 55.765068], [37.783716, 55.765055], [37.783769, 55.765041], [37.783909, 55.765003], [37.783952, 55.764987], [37.783985, 55.764974], [37.784023, 55.764953], [37.784054, 55.764932], [37.78408, 55.76491], [37.784094, 55.764895], [37.784099, 55.764891], [37.784119, 55.764864], [37.784131, 55.764843], [37.784193, 55.764746], [37.784251, 55.764654]], [[37.784251, 55.764654], [37.784323, 55.764532], [37.784412, 55.764386], [37.784424, 55.764366], [37.784841, 55.763691], [37.78487, 55.763644], [37.784914, 55.763569], [37.785068, 55.763313], [37.785429, 55.762706], [37.785897, 55.761919], [37.786228, 55.761375], [37.786563, 55.760828], [37.78662, 55.760735], [37.786675, 55.760645], [37.786704, 55.760598], [37.787486, 55.759319], [37.787788, 55.758825], [37.787859, 55.758702], [37.78787, 55.758683], [37.787916, 55.758603], [37.787953, 55.75854], [37.787968, 55.758513], [37.788376, 55.757808], [37.788969, 55.756782], [37.789089, 55.756576], [37.789176, 55.756423], [37.789251, 55.7563], [37.789272, 55.756266], [37.789325, 55.756179], [37.789359, 55.75612], [37.789373, 55.756096], [37.789732, 55.755472], [37.790409, 55.754291], [37.790994, 55.7533], [37.791169, 55.752993], [37.791418, 55.752562]], [[37.791487, 55.75258], [37.791239, 55.753005], [37.791113, 55.75322], [37.790486, 55.754305], [37.789797, 55.755482], [37.78945, 55.756076], [37.789432, 55.756107], [37.78942, 55.756129], [37.789386, 55.75619], [37.789333, 55.75628], [37.789314, 55.756312], [37.789243, 55.756433], [37.789037, 55.756794], [37.78845, 55.757821], [37.788133, 55.758377], [37.788039, 55.758527], [37.788024, 55.758552], [37.787984, 55.758616], [37.787934, 55.758696], [37.787923, 55.758713], [37.787844, 55.758839], [37.787543, 55.759329], [37.786757, 55.760607], [37.786728, 55.760654], [37.786674, 55.760744], [37.786396, 55.761211], [37.786292, 55.761386], [37.785951, 55.76193], [37.785479, 55.762715], [37.784994, 55.763523], [37.784963, 55.763579], [37.784915, 55.76366], [37.784891, 55.7637], [37.784476, 55.764376], [37.784465, 55.764395], [37.784375, 55.764542], [37.784303, 55.764664]], [[37.792581, 55.752229], [37.792272, 55.752168], [37.792166, 55.752157], [37.792053, 55.752151], [37.79202, 55.75215], [37.791881, 55.752168], [37.791753, 55.752209], [37.791709, 55.752236], [37.791653, 55.752281], [37.791613, 55.752352], [37.791603, 55.75237], [37.791487, 55.75258]], [[37.791418, 55.752562], [37.791532, 55.752357], [37.791543, 55.752339], [37.791588, 55.752266], [37.791626, 55.752231], [37.791698, 55.75219], [37.79186, 55.752136], [37.791927, 55.752125], [37.79203, 55.752122], [37.792055, 55.752123], [37.792263, 55.752131], [37.792602, 55.752198]], [[37.792602, 55.752198], [37.792773, 55.75223], [37.793071, 55.752288], [37.79762, 55.753192], [37.798167, 55.753301], [37.798327, 55.753332], [37.798541, 55.753371], [37.799959, 55.753627]], [[37.799914, 55.753668], [37.798719, 55.753446], [37.79852, 55.753409], [37.798307, 55.753367], [37.798144, 55.753336], [37.793052, 55.752317], [37.792581, 55.752229]], [[37.799959, 55.753627], [37.80037, 55.753701], [37.800598, 55.753726], [37.800824, 55.753745], [37.8012, 55.753746], [37.801509, 55.753732], [37.801756, 55.753699]], [[37.80178, 55.753742], [37.801573, 55.753772], [37.801195, 55.753793], [37.800905, 55.753795], [37.800613, 55.75378], [37.800275, 55.753735], [37.799914, 55.753668]], [[37.818645, 55.75131], [37.818767, 55.751293], [37.818927, 55.751264], [37.819015, 55.751239], [37.819085, 55.7512], [37.819118, 55.751171], [37.819133, 55.751157], [37.819162, 55.751109], [37.819161, 55.751063], [37.819137, 55.751011]], [[37.817742, 55.747718], [37.817919, 55.74815], [37.818038, 55.74844], [37.818278, 55.749008], [37.8183, 55.749059], [37.818472, 55.749425], [37.818508, 55.749504], [37.818937, 55.75042], [37.819113, 55.750796], [37.819178, 55.750936]], [[37.819178, 55.750936], [37.819208, 55.751001], [37.819224, 55.751047], [37.819226, 55.7511], [37.819215, 55.751156], [37.819155, 55.751216], [37.8191, 55.751249], [37.819041, 55.751273], [37.818952, 55.751296], [37.818647, 55.75134]], [[37.81725, 55.746693], [37.816985, 55.746063], [37.816953, 55.745992], [37.816747, 55.745477], [37.81673, 55.74544]], [[37.817031, 55.746055], [37.817308, 55.746686]], [[37.817308, 55.746686], [37.817416, 55.746932], [37.817432, 55.746967], [37.817602, 55.747375], [37.817742, 55.747718]], [[37.817672, 55.747734], [37.817415, 55.747086], [37.817369, 55.746976], [37.817353, 55.746939], [37.81725, 55.746693]], [[37.81678, 55.745418], [37.81693, 55.745799], [37.817031, 55.746055]], [[37.670257, 55.746452], [37.670227, 55.746567], [37.670221, 55.746596], [37.670194, 55.746698], [37.670186, 55.746727], [37.67017, 55.746788], [37.670163, 55.746818], [37.670155, 55.746848]], [[37.670113, 55.746843], [37.670118, 55.746817], [37.670125, 55.746785], [37.670135, 55.74674], [37.670146, 55.746691], [37.670161, 55.746627], [37.670174, 55.746563], [37.670199, 55.74645]], [[37.673232, 55.741505], [37.671812, 55.741397]], [[37.671135, 55.742274], [37.671083, 55.742531], [37.671007, 55.742828]], [[37.670465, 55.745114], [37.670613, 55.744483], [37.670629, 55.744412], [37.670656, 55.744293], [37.670713, 55.744048], [37.670768, 55.743806], [37.670852, 55.743437], [37.670875, 55.743339], [37.670877, 55.74324], [37.670944, 55.742925]], [[37.670944, 55.742925], [37.671013, 55.742599], [37.671028, 55.742527], [37.671084, 55.74227]], [[37.671084, 55.74227], [37.671255, 55.741605]], [[37.671291, 55.741609], [37.671135, 55.742274]], [[37.671812, 55.741397], [37.671566, 55.741377], [37.67155, 55.741378], [37.671456, 55.741388], [37.671378, 55.741425], [37.671335, 55.741476], [37.671314, 55.741503], [37.671291, 55.741609]], [[37.671255, 55.741605], [37.671279, 55.741487], [37.671331, 55.741417], [37.671372, 55.741392], [37.671419, 55.741363], [37.671482, 55.741353], [37.671523, 55.741347], [37.671557, 55.741346], [37.671636, 55.741345], [37.671819, 55.741359]], [[37.67364, 55.74148], [37.673586, 55.741503], [37.673486, 55.741521], [37.673377, 55.741517], [37.673232, 55.741505]], [[37.671819, 55.741359], [37.672458, 55.741409], [37.672789, 55.741435], [37.673245, 55.741471]], [[37.673245, 55.741471], [37.673379, 55.741481], [37.673488, 55.741477], [37.673578, 55.741445], [37.673607, 55.741404], [37.673623, 55.741324], [37.673624, 55.741277]], [[37.673736, 55.741251], [37.673731, 55.741321], [37.673701, 55.741407], [37.673665, 55.741454], [37.67364, 55.74148]], [[37.673876, 55.740045], [37.673782, 55.739931], [37.673635, 55.739786]], [[37.6737, 55.739771], [37.67392, 55.740026]], [[37.6737, 55.739771], [37.673773, 55.739886], [37.673782, 55.739931], [37.673789, 55.740002], [37.673785, 55.74014]], [[37.673696, 55.740146], [37.673705, 55.740011], [37.673696, 55.739956], [37.673658, 55.739857], [37.673635, 55.739786]], [[37.674742, 55.738114], [37.674348, 55.73817], [37.674317, 55.738175], [37.674177, 55.738198], [37.6741, 55.738211], [37.673957, 55.738271], [37.673522, 55.73849], [37.673456, 55.738524]], [[37.673449, 55.73848], [37.673481, 55.738466], [37.673918, 55.738247], [37.674082, 55.738178], [37.67423, 55.738156], [37.674416, 55.738127], [37.67459, 55.7381], [37.674619, 55.738096], [37.674734, 55.738079]], [[37.696835, 55.735771], [37.696766, 55.735789], [37.696706, 55.735808], [37.696632, 55.735824], [37.696545, 55.735838], [37.696335, 55.735861], [37.696126, 55.73588], [37.69601, 55.73589], [37.695856, 55.735905], [37.695585, 55.73593], [37.695427, 55.735944], [37.694909, 55.735991], [37.694631, 55.736016], [37.694208, 55.736053], [37.693091, 55.736154], [37.692876, 55.736174], [37.69269, 55.736191]], [[37.692684, 55.736147], [37.692995, 55.736118], [37.693181, 55.736101], [37.693515, 55.73607], [37.693716, 55.736051], [37.694324, 55.735995], [37.694441, 55.735985], [37.694855, 55.735948]], [[37.698223, 55.735359], [37.698257, 55.735423], [37.698251, 55.735464], [37.698249, 55.73548], [37.698218, 55.735546], [37.698102, 55.735617], [37.697937, 55.735655], [37.69781, 55.735668]], [[37.671051, 55.735965], [37.670964, 55.735839], [37.67083, 55.735666]], [[37.67083, 55.735666], [37.670588, 55.735434], [37.670341, 55.735215], [37.670002, 55.734922]], [[37.670909, 55.735631], [37.671015, 55.735824], [37.671106, 55.73595]], [[37.670142, 55.734751], [37.670473, 55.73503], [37.670579, 55.735129], [37.670718, 55.735318], [37.670909, 55.735631]], [[37.670002, 55.734922], [37.668957, 55.734019]], [[37.668957, 55.734019], [37.668846, 55.733923], [37.668747, 55.733822], [37.668611, 55.733705], [37.668474, 55.733607]], [[37.664183, 55.731468], [37.663991, 55.731431], [37.663568, 55.731334], [37.662996, 55.731203]], [[37.661265, 55.730437], [37.66118, 55.730585], [37.66116, 55.730635], [37.661161, 55.730689], [37.661202, 55.730737], [37.661226, 55.73076], [37.661264, 55.730784], [37.661353, 55.730821]], [[37.661303, 55.730847], [37.661254, 55.730831], [37.661201, 55.730806], [37.661161, 55.730777], [37.661084, 55.730701], [37.661083, 55.730671], [37.661085, 55.730626], [37.661102, 55.730579], [37.661191, 55.730425]], [[37.656053, 55.729678], [37.65587, 55.729639], [37.655723, 55.729589]], [[37.655739, 55.729548], [37.655896, 55.729608], [37.656079, 55.729648]], [[37.653332, 55.728536], [37.651906, 55.727907]], [[37.651948, 55.727879], [37.653376, 55.728508]], [[37.651338, 55.727641], [37.651201, 55.72759], [37.651107, 55.727574], [37.651004, 55.72757], [37.650897, 55.727576], [37.650802, 55.727603], [37.650742, 55.727645], [37.650714, 55.727682], [37.650704, 55.727725], [37.650719, 55.72778], [37.650776, 55.727854], [37.650959, 55.728038], [37.650988, 55.728081], [37.650997, 55.728139], [37.65098, 55.728198], [37.650951, 55.728225], [37.650905, 55.728268], [37.650783, 55.728318], [37.650584, 55.728371]], [[37.650555, 55.728336], [37.65076, 55.728286], [37.650862, 55.728247], [37.650899, 55.728213], [37.650909, 55.728203], [37.650922, 55.728191], [37.650939, 55.728137], [37.650936, 55.728089], [37.650911, 55.728054], [37.650718, 55.727859], [37.650663, 55.727783], [37.650644, 55.727724], [37.650649, 55.727676], [37.650684, 55.727629], [37.650771, 55.727577], [37.650893, 55.727548], [37.651004, 55.727539], [37.65112, 55.727542], [37.651197, 55.727555], [37.651222, 55.72756], [37.65132, 55.727594], [37.651379, 55.727615]], [[37.642549, 55.730354], [37.643133, 55.730195], [37.64344, 55.730112], [37.643979, 55.729967], [37.644453, 55.729839], [37.644577, 55.729805], [37.64467, 55.729781], [37.644804, 55.729747], [37.644986, 55.729701]], [[37.645009, 55.729729], [37.644829, 55.729775], [37.644602, 55.729832], [37.644477, 55.729865], [37.644, 55.729993], [37.643155, 55.730226], [37.642571, 55.730381]], [[37.642571, 55.730381], [37.642468, 55.730395], [37.642373, 55.730401], [37.64223, 55.730403], [37.642214, 55.730402], [37.64161, 55.730378], [37.641436, 55.730366], [37.641314, 55.730358]], [[37.641322, 55.730331], [37.641415, 55.730338], [37.641693, 55.730355], [37.642229, 55.730373], [37.642322, 55.730373], [37.64237, 55.730372], [37.642457, 55.730368], [37.642549, 55.730354]], [[37.661539, 55.730028], [37.661265, 55.730437]], [[37.662148, 55.729071], [37.661539, 55.730028]], [[37.661191, 55.730425], [37.661475, 55.730019]], [[37.661475, 55.730019], [37.662093, 55.729059]], [[37.662541, 55.728452], [37.662148, 55.729071]], [[37.662093, 55.729059], [37.662488, 55.728446]], [[37.662488, 55.728446], [37.662684, 55.728133], [37.662883, 55.727843], [37.663047, 55.727548], [37.663118, 55.727399], [37.663184, 55.727247]], [[37.663237, 55.727257], [37.663167, 55.727407], [37.663094, 55.727556], [37.662928, 55.727852], [37.662735, 55.728143], [37.662541, 55.728452]], [[37.663184, 55.727247], [37.663275, 55.727039], [37.663341, 55.726889], [37.663427, 55.726689], [37.663493, 55.726525]], [[37.663554, 55.726528], [37.663486, 55.726697], [37.663401, 55.726901], [37.663335, 55.727045], [37.663237, 55.727257]], [[37.663493, 55.726525], [37.66358, 55.726309], [37.663643, 55.726109], [37.663691, 55.725908], [37.663761, 55.725593]], [[37.663819, 55.725603], [37.66375, 55.725915], [37.6637, 55.726115], [37.663636, 55.726311], [37.663554, 55.726528]], [[37.663761, 55.725593], [37.66384, 55.72528], [37.663937, 55.724867]], [[37.663993, 55.724874], [37.663899, 55.725282], [37.663819, 55.725603]], [[37.663937, 55.724867], [37.663987, 55.724653], [37.664022, 55.72433]], [[37.664075, 55.72433], [37.664043, 55.724654], [37.663993, 55.724874]], [[37.664022, 55.72433], [37.66404, 55.72395], [37.664044, 55.723783], [37.664037, 55.723147]], [[37.664108, 55.723147], [37.664109, 55.723628], [37.664111, 55.723956], [37.664075, 55.72433]], [[37.664501, 55.722812], [37.664384, 55.722835], [37.664232, 55.722875], [37.664191, 55.722899], [37.664157, 55.722936], [37.664122, 55.722997], [37.664112, 55.723046], [37.664108, 55.723147]], [[37.664037, 55.723147], [37.664046, 55.723045], [37.664055, 55.722997], [37.664077, 55.722952], [37.664133, 55.722886], [37.664235, 55.722834], [37.664349, 55.722807], [37.664477, 55.722781]], [[37.665894, 55.722536], [37.665377, 55.722639], [37.664989, 55.722715], [37.664501, 55.722812]], [[37.664477, 55.722781], [37.664969, 55.722684], [37.665356, 55.722608], [37.665875, 55.722506]], [[37.675749, 55.718842], [37.674533, 55.720475], [37.674437, 55.720607]], [[37.674379, 55.720602], [37.674431, 55.72053], [37.67569, 55.71883]], [[37.67569, 55.71883], [37.676025, 55.718378]], [[37.676083, 55.718394], [37.675749, 55.718842]], [[37.676025, 55.718378], [37.67614, 55.718223], [37.676203, 55.718128], [37.676471, 55.717777]], [[37.67653, 55.717795], [37.67651, 55.717821], [37.676083, 55.718394]], [[37.676471, 55.717777], [37.67678, 55.717374]], [[37.676839, 55.717388], [37.67653, 55.717795]], [[37.678965, 55.714497], [37.679009, 55.71444], [37.679179, 55.714225], [37.679295, 55.714079]], [[37.680318, 55.712725], [37.68086, 55.712068]], [[37.680904, 55.712084], [37.680373, 55.712738]], [[37.681648, 55.711731], [37.681494, 55.711747], [37.681445, 55.711758], [37.681357, 55.711778], [37.681285, 55.711801], [37.68119, 55.711839], [37.681181, 55.711842], [37.681104, 55.711881], [37.681027, 55.711942], [37.680965, 55.71201], [37.680904, 55.712084]], [[37.68086, 55.712068], [37.680914, 55.712002], [37.680985, 55.711929], [37.68107, 55.711859], [37.681153, 55.711816], [37.681224, 55.711789], [37.681273, 55.711771], [37.681384, 55.711738], [37.681474, 55.711719], [37.681482, 55.711717], [37.681639, 55.7117]], [[37.636132, 55.730736], [37.636116, 55.730756], [37.636001, 55.730873], [37.635973, 55.730902], [37.63585, 55.731044], [37.635693, 55.731219], [37.635495, 55.73144]], [[37.635431, 55.731423], [37.635629, 55.731206], [37.635784, 55.731037], [37.635918, 55.730895], [37.635933, 55.73088], [37.636062, 55.730746], [37.636079, 55.730728], [37.636146, 55.730653], [37.636214, 55.730577]], [[37.634962, 55.732081], [37.635024, 55.731976], [37.635048, 55.731937], [37.635136, 55.731804], [37.635273, 55.731601], [37.635431, 55.731423]], [[37.635495, 55.73144], [37.635341, 55.731621], [37.635278, 55.731707], [37.635211, 55.731803], [37.635159, 55.73188], [37.635113, 55.731949], [37.635105, 55.73196], [37.635028, 55.732092]], [[37.633338, 55.734671], [37.633443, 55.734524], [37.633508, 55.734434], [37.633612, 55.73429], [37.633854, 55.733954], [37.633874, 55.733926], [37.633991, 55.733751], [37.63403, 55.733692], [37.634185, 55.73342], [37.634443, 55.732973], [37.634588, 55.732722], [37.634697, 55.732532], [37.634962, 55.732081]], [[37.635028, 55.732092], [37.634828, 55.732435], [37.634655, 55.732732], [37.634465, 55.733068], [37.634179, 55.733574], [37.634104, 55.733707], [37.633962, 55.733917], [37.633947, 55.733939], [37.633544, 55.734502], [37.63341, 55.734689]], [[37.632857, 55.735228], [37.632886, 55.7352], [37.632996, 55.735094], [37.633032, 55.735054], [37.633094, 55.734988], [37.633195, 55.734866], [37.633215, 55.734842], [37.633338, 55.734671]], [[37.63341, 55.734689], [37.633292, 55.734854], [37.633269, 55.734882], [37.633181, 55.734991], [37.633175, 55.734998], [37.633123, 55.735054], [37.633077, 55.735104], [37.63292, 55.735257]], [[37.63292, 55.735257], [37.632621, 55.735546], [37.632592, 55.735574], [37.632459, 55.735704], [37.632164, 55.73599], [37.631971, 55.736178], [37.631938, 55.73621], [37.631855, 55.736291]], [[37.631791, 55.736263], [37.631829, 55.736226], [37.631889, 55.736168], [37.632091, 55.735971], [37.632182, 55.735883], [37.632421, 55.735652], [37.632523, 55.735553], [37.632857, 55.735228]], [[37.631855, 55.736291], [37.631617, 55.736524], [37.631599, 55.736542], [37.631554, 55.736593], [37.631543, 55.736604], [37.631486, 55.736676], [37.631417, 55.736777], [37.631275, 55.737012]], [[37.631197, 55.737002], [37.631342, 55.736761], [37.631419, 55.736652], [37.631474, 55.736584], [37.63149, 55.736565], [37.631526, 55.736523], [37.631549, 55.7365], [37.631752, 55.7363], [37.631791, 55.736263]], [[37.630085, 55.739037], [37.630203, 55.738781], [37.630454, 55.738257], [37.630468, 55.738231], [37.630504, 55.738162], [37.630858, 55.737565], [37.630915, 55.73747], [37.630945, 55.73742], [37.631197, 55.737002]], [[37.631275, 55.737012], [37.631002, 55.737465], [37.63099, 55.737484], [37.630686, 55.737996], [37.63058, 55.738175], [37.630541, 55.738251], [37.630521, 55.738289], [37.630401, 55.738535], [37.630274, 55.738792], [37.630251, 55.738848], [37.630229, 55.738896], [37.630164, 55.73905]], [[37.630164, 55.73905], [37.630145, 55.739092], [37.630114, 55.73917], [37.630087, 55.739249], [37.630069, 55.739314], [37.63001, 55.73955]], [[37.629934, 55.739546], [37.630006, 55.739252], [37.630036, 55.73916], [37.630057, 55.739104], [37.630065, 55.739081], [37.630085, 55.739037]], [[37.63001, 55.73955], [37.629909, 55.739961], [37.629889, 55.740042], [37.629859, 55.740161], [37.629791, 55.740435], [37.629724, 55.740706], [37.629723, 55.740712]], [[37.629656, 55.740706], [37.629691, 55.740552], [37.629728, 55.740386], [37.629834, 55.739955], [37.629934, 55.739546]], [[37.629723, 55.740712], [37.629712, 55.740756], [37.62971, 55.740764], [37.629678, 55.740906], [37.629658, 55.741057], [37.629659, 55.741092], [37.629667, 55.741351], [37.629668, 55.741395], [37.629681, 55.741526], [37.629692, 55.741635], [37.629713, 55.741845]], [[37.629642, 55.741852], [37.62962, 55.741637], [37.629597, 55.741405], [37.629596, 55.74139], [37.629594, 55.741055], [37.629616, 55.740904], [37.629646, 55.740755], [37.629656, 55.740706]], [[37.629713, 55.741845], [37.629734, 55.742056], [37.629784, 55.742175], [37.629839, 55.742247], [37.629866, 55.742283], [37.629981, 55.742365], [37.630387, 55.742551]], [[37.630356, 55.742589], [37.629928, 55.742395], [37.629869, 55.742359], [37.629804, 55.742311], [37.629766, 55.742264], [37.629711, 55.742194], [37.629664, 55.742067], [37.629642, 55.741852]], [[37.631153, 55.742953], [37.63112, 55.742937], [37.631013, 55.742888], [37.630356, 55.742589]], [[37.630387, 55.742551], [37.631019, 55.742841], [37.631126, 55.74289], [37.631188, 55.742919]], [[37.632885, 55.743508], [37.632611, 55.743376], [37.63253, 55.743349], [37.632217, 55.743274], [37.631863, 55.743203], [37.631647, 55.743147], [37.63125, 55.742997], [37.631153, 55.742953]], [[37.631188, 55.742919], [37.631251, 55.742947], [37.631687, 55.743108], [37.63189, 55.743164], [37.632551, 55.74331], [37.632634, 55.743335], [37.632788, 55.743401], [37.632934, 55.743472]], [[37.634828, 55.744589], [37.63476, 55.744551], [37.63473, 55.744532], [37.634664, 55.744492], [37.634167, 55.744207], [37.634085, 55.744157], [37.634027, 55.744121]], [[37.634076, 55.744086], [37.634135, 55.744121], [37.634661, 55.744434], [37.634714, 55.744466], [37.634781, 55.744505], [37.63481, 55.744523], [37.634867, 55.744559]], [[37.636131, 55.745426], [37.635974, 55.745316], [37.635323, 55.744889], [37.635283, 55.744863]], [[37.635317, 55.744839], [37.63536, 55.744868], [37.636002, 55.745304], [37.636164, 55.745409]], [[37.637235, 55.746086], [37.637476, 55.746239]], [[37.637437, 55.74626], [37.637197, 55.746107]], [[37.639841, 55.747925], [37.640906, 55.748665]], [[37.640861, 55.748682], [37.639801, 55.747942]], [[37.640906, 55.748665], [37.641114, 55.748821], [37.641211, 55.748903], [37.641277, 55.748979], [37.641304, 55.749022], [37.641377, 55.749161], [37.641383, 55.749173]], [[37.641383, 55.749173], [37.641494, 55.749363], [37.641598, 55.749514], [37.641706, 55.749646], [37.641941, 55.749927]], [[37.641903, 55.749937], [37.64166, 55.749654], [37.641555, 55.74952], [37.641446, 55.749374], [37.641354, 55.749218], [37.641254, 55.749035], [37.641225, 55.748989], [37.641161, 55.748919], [37.64107, 55.748842], [37.640861, 55.748682]], [[37.641941, 55.749927], [37.642188, 55.750205], [37.642248, 55.750263], [37.642273, 55.750287], [37.642364, 55.750347], [37.642467, 55.750403], [37.642529, 55.750433], [37.642595, 55.750465], [37.642652, 55.750493], [37.642792, 55.750556], [37.64292, 55.750608], [37.643033, 55.750636], [37.643813, 55.750796]], [[37.642563, 55.750487], [37.642516, 55.750464], [37.642436, 55.750427], [37.642328, 55.750367], [37.64224, 55.7503], [37.642153, 55.750217], [37.642003, 55.750049], [37.641903, 55.749937]], [[37.643813, 55.750796], [37.643903, 55.750813], [37.644015, 55.75083], [37.644122, 55.750833], [37.644243, 55.750819], [37.644443, 55.750785], [37.644533, 55.75078], [37.644631, 55.750788], [37.645062, 55.750866], [37.645145, 55.750883], [37.645254, 55.750925], [37.645478, 55.751026]], [[37.645204, 55.751112], [37.645172, 55.751095], [37.645088, 55.751058], [37.644994, 55.751025], [37.644889, 55.750999], [37.644587, 55.750941], [37.644468, 55.750922], [37.644342, 55.750911], [37.644199, 55.750894], [37.644068, 55.750871], [37.643209, 55.750695]], [[37.645911, 55.751647], [37.645767, 55.751448], [37.645725, 55.751402], [37.645692, 55.751369], [37.645616, 55.751315], [37.645204, 55.751112]], [[37.645478, 55.751026], [37.645774, 55.751159], [37.645875, 55.751214], [37.645939, 55.751261], [37.64621, 55.751573]], [[37.64621, 55.751573], [37.646676, 55.752111], [37.647309, 55.752836]], [[37.647309, 55.752836], [37.647384, 55.752929], [37.647465, 55.75303], [37.64754, 55.753144], [37.647556, 55.753174]], [[37.647535, 55.753995], [37.647275, 55.753549], [37.647042, 55.753204], [37.646982, 55.753111], [37.646911, 55.753003], [37.646849, 55.752912], [37.646294, 55.752177], [37.645911, 55.751647]], [[37.647556, 55.753174], [37.647975, 55.753931]], [[37.647975, 55.753931], [37.648153, 55.754252], [37.648408, 55.754711]], [[37.648408, 55.754711], [37.648527, 55.754984], [37.648584, 55.75516], [37.648616, 55.75528], [37.648667, 55.75551], [37.648687, 55.755642]], [[37.648687, 55.755642], [37.64869, 55.755756], [37.648679, 55.75585], [37.64866, 55.755927], [37.64863, 55.755989], [37.648563, 55.756079]], [[37.648205, 55.75543], [37.648134, 55.755208], [37.648006, 55.754881], [37.647927, 55.754692], [37.647729, 55.754328], [37.647535, 55.753995]], [[37.648128, 55.755924], [37.648181, 55.755862], [37.648233, 55.755782], [37.648261, 55.755685], [37.648255, 55.75561], [37.64824, 55.755521], [37.648205, 55.75543]], [[37.647159, 55.757122], [37.647295, 55.756995], [37.647422, 55.756863], [37.647509, 55.756757], [37.647945, 55.756174], [37.648014, 55.75608], [37.648056, 55.756022], [37.648105, 55.755954], [37.648128, 55.755924]], [[37.646664, 55.757587], [37.646882, 55.757376], [37.647159, 55.757122]], [[37.646078, 55.758227], [37.646113, 55.75817], [37.646248, 55.75799], [37.646437, 55.75779], [37.646664, 55.757587]], [[37.648563, 55.756079], [37.648501, 55.75614], [37.648451, 55.756199], [37.648154, 55.75654], [37.647775, 55.756975], [37.647394, 55.757398]], [[37.647394, 55.757398], [37.647165, 55.757647], [37.647072, 55.757787], [37.647007, 55.757933], [37.646934, 55.758092]], [[37.646934, 55.758092], [37.646765, 55.758462], [37.646694, 55.758597], [37.646685, 55.758612], [37.646654, 55.758673], [37.646643, 55.758695], [37.646459, 55.759002]], [[37.646459, 55.759002], [37.646416, 55.759068], [37.646382, 55.75912], [37.646243, 55.759328], [37.646202, 55.759391], [37.646148, 55.759479], [37.646128, 55.759527], [37.646066, 55.759718]], [[37.646066, 55.759718], [37.645997, 55.759931], [37.645958, 55.760039], [37.645949, 55.760064], [37.645927, 55.760142], [37.645923, 55.760175], [37.645924, 55.760259], [37.645931, 55.760546], [37.64593, 55.760622], [37.64592, 55.760711], [37.645891, 55.760796], [37.64583, 55.760871], [37.645557, 55.761114]], [[37.643716, 55.761308], [37.644147, 55.760778], [37.644275, 55.76062], [37.644506, 55.760347], [37.644719, 55.760065], [37.644754, 55.760031], [37.644783, 55.760004], [37.644866, 55.759905], [37.645182, 55.759512], [37.645302, 55.759368], [37.645363, 55.759283], [37.645415, 55.759222], [37.645491, 55.759099], [37.645628, 55.758898], [37.645645, 55.758873], [37.645901, 55.758503], [37.64591, 55.75849], [37.646078, 55.758227]], [[37.642897, 55.76209], [37.643194, 55.761862], [37.643255, 55.761816], [37.64333, 55.761744], [37.643716, 55.761308]], [[37.645557, 55.761114], [37.645127, 55.761496], [37.644664, 55.761935]], [[37.644664, 55.761935], [37.644414, 55.762172], [37.644397, 55.762188], [37.644321, 55.762246], [37.644221, 55.762312], [37.643814, 55.762533]], [[37.638758, 55.764643], [37.638735, 55.764593], [37.638728, 55.76455], [37.638752, 55.764498], [37.638774, 55.764468]], [[37.639388, 55.764715], [37.639314, 55.764742], [37.639271, 55.764758], [37.639221, 55.764773], [37.639164, 55.764782], [37.639087, 55.764788]], [[37.636632, 55.729749], [37.63666, 55.729512], [37.636673, 55.729415], [37.636688, 55.72932], [37.636757, 55.728877]], [[37.636846, 55.728884], [37.636754, 55.729415], [37.636742, 55.729483], [37.636706, 55.729754]], [[37.636757, 55.728877], [37.636773, 55.728776], [37.636816, 55.728602], [37.636836, 55.728527], [37.636865, 55.728472], [37.636937, 55.728377]], [[37.637002, 55.728401], [37.63694, 55.728487], [37.636914, 55.728537], [37.636894, 55.728608], [37.636846, 55.728884]], [[37.636937, 55.728377], [37.637002, 55.728292], [37.637066, 55.728203], [37.637084, 55.72818], [37.637097, 55.728154], [37.637131, 55.728048], [37.637136, 55.72799], [37.637144, 55.727911]], [[37.637224, 55.727913], [37.637216, 55.727991], [37.63721, 55.728052], [37.637181, 55.72816], [37.637164, 55.728193], [37.637148, 55.728214], [37.637076, 55.728309], [37.637002, 55.728401]], [[37.637144, 55.727911], [37.637178, 55.727668], [37.637209, 55.727349], [37.63724, 55.726948]], [[37.63731, 55.726952], [37.637289, 55.727177], [37.637276, 55.72735], [37.637258, 55.727671], [37.637224, 55.727913]], [[37.637193, 55.725993], [37.637323, 55.72652], [37.637323, 55.726823], [37.63731, 55.726952]], [[37.63724, 55.726948], [37.637252, 55.726825], [37.63724, 55.726514], [37.637114, 55.726]], [[37.637114, 55.726], [37.637067, 55.725809], [37.637052, 55.725759], [37.636877, 55.725279], [37.63678, 55.724988]], [[37.636841, 55.724984], [37.636938, 55.725276], [37.637131, 55.725753], [37.637146, 55.725801], [37.637193, 55.725993]], [[37.636535, 55.72403], [37.636592, 55.724223], [37.636813, 55.7249], [37.636841, 55.724984]], [[37.63678, 55.724988], [37.636751, 55.724904], [37.636538, 55.724228], [37.636482, 55.724033]], [[37.636277, 55.723021], [37.636438, 55.72339], [37.636473, 55.723474], [37.636468, 55.723603], [37.636535, 55.72403]], [[37.636482, 55.724033], [37.636444, 55.723822], [37.636427, 55.723694], [37.636415, 55.723605], [37.636399, 55.723477], [37.636344, 55.72334], [37.636208, 55.723029]], [[37.636208, 55.723029], [37.636031, 55.722623], [37.635796, 55.722092], [37.63573, 55.721944], [37.635201, 55.720782], [37.634679, 55.719522], [37.634494, 55.719065], [37.634202, 55.718364], [37.634108, 55.718149], [37.633761, 55.717366], [37.633718, 55.71727], [37.633516, 55.716825], [37.633331, 55.716406]], [[37.633392, 55.716398], [37.633508, 55.716654], [37.633581, 55.716816], [37.633705, 55.717075], [37.633789, 55.71726], [37.633833, 55.717356], [37.634168, 55.718146], [37.634262, 55.718355], [37.634927, 55.719925], [37.635276, 55.720775], [37.635803, 55.721934], [37.635868, 55.722084], [37.636099, 55.722611], [37.636277, 55.723021]], [[37.633292, 55.714233], [37.633304, 55.714322], [37.633327, 55.714639], [37.633319, 55.714835], [37.633262, 55.715155], [37.633211, 55.715501], [37.633169, 55.715721], [37.633189, 55.715878], [37.633249, 55.716039], [37.633264, 55.71608], [37.633335, 55.716271], [37.633392, 55.716398]], [[37.633331, 55.716406], [37.633275, 55.71628], [37.63324, 55.716194], [37.633179, 55.716048], [37.633113, 55.715883], [37.633089, 55.715722], [37.633132, 55.715497], [37.633199, 55.715151], [37.633246, 55.714835], [37.633259, 55.714637], [37.633233, 55.714325], [37.633219, 55.714235]], [[37.633219, 55.714235], [37.633198, 55.7141], [37.633173, 55.713973], [37.63312, 55.71374], [37.633074, 55.713511], [37.633047, 55.713264], [37.633028, 55.712889], [37.633016, 55.712453]], [[37.633067, 55.712453], [37.633079, 55.712889], [37.633102, 55.713263], [37.633136, 55.713514], [37.633267, 55.714096], [37.633292, 55.714233]], [[37.633016, 55.712453], [37.632997, 55.712121], [37.632973, 55.711961], [37.632939, 55.711892], [37.632892, 55.711825], [37.632795, 55.711752], [37.632723, 55.711721], [37.632602, 55.711686], [37.632364, 55.711661], [37.631971, 55.711653]], [[37.631974, 55.711615], [37.632367, 55.711626], [37.632613, 55.71165], [37.632748, 55.711691], [37.632835, 55.71173], [37.632937, 55.711813], [37.632987, 55.711884], [37.633021, 55.711959], [37.633051, 55.712121], [37.633067, 55.712453]], [[37.624501, 55.711235], [37.624504, 55.711212], [37.624567, 55.710906], [37.624676, 55.710382]], [[37.624755, 55.710387], [37.624583, 55.711218], [37.624572, 55.711239]], [[37.624676, 55.710382], [37.62472, 55.710171], [37.624662, 55.709705], [37.62466, 55.709692], [37.624578, 55.709297]], [[37.624642, 55.709293], [37.62466, 55.709378], [37.624714, 55.709702], [37.624799, 55.710174], [37.624777, 55.710285], [37.624755, 55.710387]], [[37.624578, 55.709297], [37.624572, 55.709269], [37.62442, 55.708487]], [[37.624486, 55.708484], [37.624573, 55.708894], [37.624636, 55.709265], [37.624642, 55.709293]], [[37.62442, 55.708487], [37.624361, 55.70818], [37.624371, 55.708082], [37.624388, 55.707963], [37.624417, 55.707754]], [[37.624489, 55.707761], [37.624452, 55.707968], [37.624441, 55.708082], [37.624431, 55.708181], [37.624486, 55.708484]], [[37.624417, 55.707754], [37.624435, 55.707625], [37.624568, 55.706967], [37.624668, 55.706474], [37.624783, 55.706066]], [[37.624853, 55.706074], [37.624747, 55.70648], [37.62465, 55.70697], [37.624513, 55.70763], [37.624489, 55.707761]], [[37.62447, 55.705308], [37.624618, 55.705413], [37.624679, 55.705456], [37.624803, 55.705546], [37.62488, 55.705617], [37.624914, 55.705688], [37.624926, 55.705783], [37.624921, 55.705924], [37.624853, 55.706074]], [[37.624783, 55.706066], [37.624842, 55.70592], [37.624851, 55.705806], [37.624838, 55.705711], [37.624808, 55.705633], [37.624738, 55.705572], [37.624616, 55.705484], [37.624555, 55.705441], [37.624407, 55.705336]], [[37.624407, 55.705336], [37.624275, 55.705237], [37.624167, 55.705159], [37.624049, 55.705078]], [[37.624111, 55.70505], [37.624229, 55.705131], [37.624338, 55.705209], [37.62447, 55.705308]], [[37.624049, 55.705078], [37.62393, 55.704996], [37.623798, 55.704913], [37.623471, 55.704748]], [[37.62352, 55.704725], [37.623855, 55.704886], [37.623992, 55.704968], [37.624111, 55.70505]], [[37.622919, 55.704415], [37.62352, 55.704725]], [[37.623471, 55.704748], [37.62289, 55.704456]], [[37.621494, 55.70096], [37.621469, 55.700896], [37.621449, 55.700845], [37.621184, 55.700406], [37.62093, 55.699959]], [[37.620747, 55.698462], [37.620717, 55.698615], [37.620705, 55.6987], [37.620701, 55.698984], [37.620703, 55.69912], [37.620716, 55.699258], [37.620755, 55.699416], [37.62081, 55.699573], [37.620931, 55.699837], [37.620992, 55.699946], [37.621242, 55.700395], [37.621502, 55.700838], [37.621522, 55.700888], [37.621655, 55.701216]], [[37.62093, 55.699959], [37.620871, 55.699846], [37.620753, 55.699579], [37.620701, 55.699418], [37.62066, 55.699256], [37.620641, 55.69912], [37.620637, 55.698984], [37.620649, 55.698703], [37.620663, 55.698611], [37.620693, 55.698456]], [[37.620693, 55.698456], [37.620896, 55.697438], [37.620958, 55.697064], [37.621118, 55.696248], [37.62117, 55.695983], [37.621209, 55.695777], [37.621254, 55.69553]], [[37.621306, 55.695533], [37.62127, 55.695718], [37.621258, 55.69578], [37.621217, 55.695992], [37.621169, 55.69625], [37.62101, 55.697067], [37.620947, 55.697437], [37.620747, 55.698462]], [[37.621254, 55.69553], [37.621509, 55.694231], [37.621605, 55.693771], [37.621761, 55.693026], [37.621868, 55.692518], [37.622126, 55.691181], [37.622157, 55.691021]], [[37.622217, 55.691027], [37.622187, 55.691187], [37.621922, 55.692523], [37.621818, 55.693029], [37.621664, 55.693772], [37.621569, 55.694233], [37.621306, 55.695533]], [[37.622157, 55.691021], [37.622255, 55.690444]], [[37.622312, 55.690446], [37.622217, 55.691027]], [[37.623134, 55.686691], [37.623083, 55.686898], [37.622706, 55.688405], [37.622482, 55.689581], [37.622374, 55.690147], [37.622353, 55.690257], [37.622324, 55.690379], [37.622312, 55.690446]], [[37.622255, 55.690444], [37.622265, 55.690386], [37.622289, 55.690253], [37.622396, 55.689697], [37.622419, 55.68958], [37.622647, 55.688399], [37.623023, 55.686892], [37.623074, 55.686684]], [[37.625938, 55.681588], [37.625529, 55.681653], [37.625004, 55.681736], [37.624919, 55.681749]], [[37.624943, 55.681709], [37.625419, 55.68163], [37.625509, 55.681615], [37.62592, 55.681549]], [[37.629273, 55.680991], [37.630381, 55.680807], [37.631037, 55.680697], [37.631944, 55.680549], [37.632449, 55.680466], [37.633097, 55.680365], [37.633186, 55.680351], [37.633459, 55.680306]], [[37.633469, 55.680348], [37.63321, 55.680388], [37.632774, 55.680457], [37.632469, 55.680506], [37.631963, 55.680587], [37.631039, 55.680735], [37.630399, 55.680842], [37.629686, 55.680962], [37.629282, 55.681029]], [[37.62592, 55.681549], [37.626069, 55.681525], [37.6265, 55.681453], [37.627197, 55.681337], [37.628614, 55.681101], [37.629273, 55.680991]], [[37.629282, 55.681029], [37.628632, 55.681139], [37.627215, 55.681376], [37.626519, 55.681493], [37.626087, 55.681565], [37.625938, 55.681588]], [[37.633459, 55.680306], [37.633668, 55.680276], [37.63381, 55.680251], [37.634772, 55.680132], [37.635688, 55.680018], [37.636572, 55.679911], [37.636663, 55.679899], [37.636832, 55.679879]], [[37.636846, 55.679916], [37.636677, 55.679936], [37.636176, 55.679997], [37.635699, 55.680056], [37.634787, 55.680169], [37.63381, 55.68029], [37.63368, 55.680312], [37.633469, 55.680348]], [[37.636832, 55.679879], [37.63713, 55.679844], [37.637198, 55.679836], [37.637334, 55.67982], [37.637548, 55.679796], [37.639614, 55.679561], [37.639889, 55.679527], [37.640041, 55.679517], [37.640584, 55.679452], [37.640841, 55.679422], [37.644566, 55.678984], [37.645179, 55.678911], [37.645588, 55.67886], [37.645655, 55.678853], [37.646233, 55.678791]], [[37.646241, 55.678822], [37.645683, 55.678883], [37.644564, 55.679022], [37.640854, 55.679459], [37.640597, 55.679489], [37.640054, 55.679553], [37.639902, 55.679567], [37.639249, 55.679641], [37.637557, 55.679833], [37.637349, 55.679857], [37.637195, 55.679874], [37.637127, 55.679882], [37.636846, 55.679916]], [[37.648296, 55.678743], [37.648114, 55.678758], [37.648033, 55.678764], [37.647682, 55.678738], [37.647484, 55.678725], [37.647459, 55.678723], [37.647211, 55.678723], [37.646241, 55.678822]], [[37.646233, 55.678791], [37.647226, 55.678684], [37.64745, 55.678683], [37.647647, 55.678696], [37.64769, 55.678698], [37.648039, 55.678726], [37.648103, 55.678719], [37.64828, 55.6787]], [[37.650215, 55.678511], [37.649666, 55.678578], [37.648296, 55.678743]], [[37.64828, 55.6787], [37.649641, 55.678538], [37.6502, 55.678471]], [[37.6502, 55.678471], [37.650993, 55.67838], [37.651116, 55.678366], [37.651467, 55.678327], [37.652635, 55.678197], [37.65267, 55.678193], [37.652712, 55.678187], [37.652859, 55.678168], [37.653727, 55.678068], [37.653855, 55.678053], [37.65405, 55.67803], [37.656477, 55.67775], [37.656589, 55.677737], [37.656609, 55.677735], [37.656759, 55.677718], [37.657503, 55.677632]], [[37.657514, 55.677669], [37.657187, 55.677706], [37.656892, 55.67774], [37.656773, 55.677754], [37.656622, 55.677771], [37.656587, 55.677776], [37.656493, 55.677787], [37.65533, 55.677923], [37.653873, 55.67809], [37.653741, 55.678105], [37.652857, 55.678207], [37.652778, 55.678217], [37.652668, 55.678231], [37.65146, 55.678369], [37.651131, 55.678407], [37.650325, 55.678499], [37.650215, 55.678511]], [[37.657503, 55.677632], [37.657597, 55.677621], [37.657893, 55.677587], [37.658055, 55.677568], [37.658353, 55.677534], [37.658769, 55.677486], [37.659966, 55.677347]], [[37.65998, 55.677384], [37.658362, 55.677571], [37.657911, 55.677623], [37.65761, 55.677657], [37.657514, 55.677669]], [[37.659966, 55.677347], [37.660479, 55.677288], [37.660651, 55.677268], [37.660797, 55.677259], [37.660974, 55.677248], [37.66151, 55.677216]], [[37.661522, 55.677253], [37.660756, 55.6773], [37.660707, 55.677303], [37.660647, 55.677307], [37.660492, 55.677324], [37.65998, 55.677384]], [[37.66151, 55.677216], [37.661756, 55.6772], [37.662586, 55.67715], [37.662808, 55.677136], [37.663184, 55.677111], [37.663587, 55.677089]], [[37.66358, 55.67713], [37.663195, 55.677151], [37.662815, 55.677174], [37.66212, 55.677216], [37.661765, 55.677238], [37.661522, 55.677253]], [[37.664787, 55.677034], [37.665007, 55.677026], [37.665181, 55.677053], [37.665257, 55.677092], [37.665283, 55.677112], [37.665316, 55.677171], [37.665361, 55.67735]], [[37.66479, 55.677074], [37.664101, 55.677102], [37.66358, 55.67713]], [[37.665303, 55.677357], [37.66526, 55.677191], [37.665232, 55.677139], [37.665167, 55.677095], [37.664991, 55.677065], [37.66479, 55.677074]], [[37.665361, 55.67735], [37.665385, 55.677441], [37.665419, 55.677569], [37.665441, 55.677651], [37.665564, 55.678101], [37.665581, 55.678163]], [[37.665526, 55.678168], [37.665489, 55.67805], [37.66541, 55.677759], [37.665382, 55.677655], [37.665326, 55.677446], [37.665303, 55.677357]], [[37.665581, 55.678163], [37.665625, 55.678321], [37.665667, 55.678392], [37.665723, 55.678456], [37.665794, 55.678513], [37.665813, 55.678525], [37.665871, 55.678562], [37.665904, 55.678579], [37.665952, 55.678602], [37.665959, 55.678606], [37.66601, 55.67863], [37.666062, 55.678649], [37.666125, 55.678668], [37.66621, 55.678691], [37.666218, 55.678693], [37.666296, 55.678715], [37.666366, 55.678734]], [[37.666347, 55.678758], [37.666275, 55.678738], [37.666196, 55.678716], [37.666104, 55.678691], [37.666038, 55.678671], [37.665984, 55.678651], [37.665929, 55.678627], [37.665909, 55.678618], [37.665835, 55.678584], [37.665794, 55.678557], [37.665758, 55.678534], [37.665678, 55.678472], [37.665619, 55.678403], [37.665572, 55.67833], [37.665526, 55.678168]], [[37.626404, 55.675784], [37.626485, 55.675555], [37.626508, 55.675489], [37.626596, 55.675304], [37.626715, 55.675114], [37.62688, 55.674882], [37.626892, 55.674865], [37.626965, 55.674763], [37.627316, 55.674247]], [[37.627366, 55.674251], [37.627029, 55.674775], [37.626953, 55.674875], [37.626941, 55.674892], [37.626774, 55.675125], [37.626647, 55.675322], [37.626563, 55.675497], [37.626541, 55.675559], [37.626458, 55.675792]], [[37.627517, 55.672406], [37.627564, 55.672534], [37.627606, 55.672663], [37.62764, 55.672852], [37.627651, 55.673037], [37.627653, 55.673175], [37.627642, 55.67331], [37.627615, 55.673528], [37.627569, 55.673743], [37.627487, 55.674008], [37.627366, 55.674251]], [[37.62695, 55.671459], [37.627028, 55.671585], [37.627295, 55.671994], [37.62742, 55.6722], [37.627517, 55.672406]], [[37.627462, 55.672414], [37.62737, 55.672211], [37.627244, 55.672006], [37.626952, 55.671599], [37.626875, 55.671473]], [[37.625961, 55.669951], [37.62638, 55.670546], [37.626426, 55.670611], [37.62695, 55.671459]], [[37.626875, 55.671473], [37.626352, 55.670624], [37.626338, 55.6706], [37.626295, 55.670539], [37.625908, 55.669965]], [[37.625908, 55.669965], [37.625843, 55.669867], [37.625632, 55.669608], [37.625455, 55.669389]], [[37.625505, 55.669372], [37.625698, 55.669596], [37.625887, 55.669846], [37.625961, 55.669951]], [[37.623912, 55.666595], [37.623963, 55.665999]], [[37.624043, 55.666001], [37.623992, 55.666597]], [[37.623966, 55.667159], [37.623961, 55.667269], [37.623986, 55.667466], [37.624055, 55.667639], [37.624115, 55.667725]], [[37.624052, 55.667757], [37.623979, 55.667652], [37.623907, 55.667472], [37.623882, 55.66727], [37.623887, 55.667158]], [[37.623992, 55.666597], [37.623966, 55.667159]], [[37.623887, 55.667158], [37.623912, 55.666595]], [[37.619172, 55.663727], [37.617692, 55.663881]], [[37.617681, 55.663843], [37.619154, 55.663679]], [[37.616582, 55.66401], [37.616076, 55.664061], [37.61515, 55.664148], [37.615068, 55.664156]], [[37.615062, 55.66413], [37.616065, 55.664037], [37.616571, 55.663977]], [[37.614234, 55.663988], [37.614405, 55.664123], [37.614455, 55.664144], [37.614506, 55.66416], [37.614576, 55.664168], [37.614651, 55.664168], [37.615062, 55.66413]], [[37.615068, 55.664156], [37.614661, 55.664194], [37.614573, 55.664197], [37.61449, 55.66419], [37.61442, 55.664171], [37.614354, 55.664145], [37.614186, 55.664011]], [[37.607135, 55.658214], [37.60681, 55.657949], [37.605852, 55.657156]], [[37.605416, 55.656301], [37.605418, 55.656357], [37.605435, 55.656529], [37.605469, 55.656618], [37.605481, 55.656639], [37.605529, 55.656727], [37.605642, 55.65687]], [[37.605642, 55.65687], [37.605801, 55.657047], [37.605903, 55.657132]], [[37.605852, 55.657156], [37.605743, 55.657066], [37.605573, 55.656883]], [[37.605573, 55.656883], [37.605458, 55.656739], [37.605422, 55.65668], [37.605409, 55.656644], [37.6054, 55.656619], [37.605368, 55.656531], [37.605348, 55.656357], [37.605348, 55.656298]], [[37.605477, 55.65347], [37.605467, 55.653731], [37.605444, 55.654795], [37.605416, 55.656301]], [[37.605348, 55.656298], [37.605352, 55.655994], [37.60538, 55.654795], [37.605403, 55.653736], [37.605407, 55.653625], [37.605411, 55.65347]], [[37.605515, 55.648148], [37.605535, 55.647385], [37.605547, 55.645523], [37.605548, 55.645475], [37.605549, 55.645382], [37.605556, 55.645195]], [[37.605625, 55.645194], [37.605619, 55.645381], [37.605618, 55.645476], [37.605598, 55.647384], [37.605583, 55.648152]], [[37.605664, 55.643584], [37.605644, 55.644509], [37.605635, 55.644819], [37.605632, 55.644923], [37.605625, 55.645194]], [[37.605556, 55.645195], [37.605566, 55.644922], [37.60557, 55.644819], [37.605577, 55.644638]], [[37.605577, 55.644638], [37.605597, 55.643468], [37.605593, 55.643301], [37.605594, 55.64328], [37.605596, 55.643121], [37.605604, 55.642741], [37.605606, 55.642413], [37.605606, 55.642363], [37.60561, 55.642009]], [[37.605682, 55.64201], [37.605682, 55.64236], [37.605682, 55.642409], [37.605675, 55.643003], [37.605671, 55.643121], [37.605674, 55.643282], [37.605664, 55.643584]], [[37.605651, 55.640365], [37.605674, 55.641003], [37.605676, 55.641238], [37.605677, 55.641312], [37.605677, 55.641368], [37.605677, 55.641374], [37.605677, 55.641426], [37.605682, 55.64201]], [[37.60561, 55.642009], [37.605618, 55.641428], [37.605619, 55.64139], [37.605619, 55.641356], [37.60562, 55.641315], [37.605616, 55.641243], [37.605604, 55.641002], [37.605568, 55.640109], [37.605561, 55.639934], [37.605553, 55.639825]], [[37.605616, 55.639824], [37.605623, 55.639933], [37.605651, 55.640365]], [[37.605553, 55.639825], [37.605546, 55.639715], [37.605358, 55.638731], [37.605272, 55.638291], [37.60523, 55.63813]], [[37.605294, 55.638124], [37.605336, 55.638288], [37.605437, 55.638727], [37.60561, 55.639715], [37.605616, 55.639824]], [[37.592365, 55.614522], [37.592404, 55.614656], [37.592447, 55.6148], [37.592458, 55.614839], [37.592911, 55.61639], [37.592931, 55.616458], [37.59341, 55.618101], [37.593432, 55.618176], [37.593471, 55.618297], [37.593557, 55.618603], [37.593784, 55.61943], [37.593812, 55.619515], [37.594006, 55.620186], [37.594301, 55.621032], [37.594419, 55.621318], [37.595223, 55.623018], [37.595345, 55.62327], [37.595386, 55.62336], [37.59546, 55.623521]], [[37.60523, 55.63813], [37.605158, 55.637851], [37.605144, 55.6378], [37.605133, 55.637758], [37.605023, 55.637437], [37.604662, 55.636574], [37.604249, 55.635715], [37.603585, 55.634509], [37.603496, 55.634375], [37.60345, 55.634303], [37.603366, 55.634192], [37.603105, 55.633852], [37.603083, 55.633825], [37.603012, 55.633737], [37.602457, 55.633101], [37.601659, 55.632159], [37.600987, 55.631369], [37.600909, 55.63128], [37.600509, 55.630824], [37.600108, 55.630338], [37.599784, 55.629959], [37.599707, 55.62987], [37.599614, 55.629761], [37.599322, 55.629421], [37.598689, 55.628671], [37.598605, 55.628573], [37.598173, 55.628065], [37.597235, 55.626928], [37.596914, 55.626528], [37.596779, 55.626316], [37.596658, 55.626093], [37.59649, 55.625779], [37.596274, 55.625311], [37.596224, 55.62521]], [[37.59546, 55.623521], [37.595679, 55.623977], [37.595921, 55.624481], [37.595996, 55.624636], [37.596222, 55.625101], [37.596269, 55.625205]], [[37.596224, 55.62521], [37.596176, 55.625108], [37.595951, 55.624641], [37.595746, 55.624216], [37.595636, 55.623984], [37.595419, 55.623525]], [[37.590864, 55.608722], [37.590944, 55.609079], [37.590959, 55.609162], [37.59139, 55.610895], [37.591664, 55.612107], [37.591715, 55.612326], [37.591869, 55.612945], [37.59194, 55.613171], [37.592022, 55.613433], [37.59206, 55.613554], [37.592365, 55.614522]], [[37.588908, 55.600793], [37.588904, 55.600775], [37.588876, 55.600657], [37.588597, 55.599483], [37.588467, 55.598931], [37.588459, 55.598898], [37.588415, 55.598703]], [[37.590804, 55.608726], [37.5903, 55.606481], [37.59021, 55.606114], [37.590187, 55.606014], [37.590166, 55.605931], [37.590116, 55.605752]], [[37.590174, 55.605748], [37.590216, 55.605888], [37.590303, 55.606256], [37.590352, 55.606478], [37.590864, 55.608722]], [[37.589465, 55.602812], [37.589962, 55.604816], [37.589982, 55.604895], [37.590006, 55.604987], [37.590035, 55.605102], [37.590174, 55.605748]], [[37.590116, 55.605752], [37.589965, 55.605107], [37.589938, 55.604992], [37.589916, 55.6049], [37.589898, 55.60482], [37.589388, 55.602816]], [[37.589388, 55.602816], [37.58935, 55.602651], [37.589325, 55.602556], [37.589299, 55.602452], [37.588908, 55.600793]], [[37.588966, 55.60079], [37.589374, 55.602444], [37.589398, 55.602551], [37.589465, 55.602812]], [[37.588415, 55.598703], [37.587956, 55.596872], [37.587838, 55.596314]], [[37.588477, 55.598703], [37.588524, 55.598909], [37.588663, 55.599478], [37.588924, 55.600591], [37.588943, 55.600697], [37.588966, 55.60079]], [[37.588934, 55.595226], [37.588786, 55.595241], [37.588665, 55.595282], [37.588464, 55.595419]], [[37.611671, 55.726893], [37.611658, 55.726834], [37.611609, 55.726614], [37.611595, 55.726554], [37.611587, 55.726516], [37.611483, 55.726042], [37.611467, 55.725973], [37.611455, 55.725915], [37.611445, 55.72587], [37.611429, 55.725799], [37.611425, 55.725779], [37.611409, 55.725707], [37.611382, 55.725585], [37.611309, 55.72526], [37.611294, 55.725192], [37.611277, 55.725113], [37.611225, 55.72489]], [[37.611279, 55.724885], [37.611331, 55.725109], [37.611342, 55.725158], [37.611348, 55.725181], [37.61136, 55.72524], [37.611378, 55.725316], [37.611393, 55.725392], [37.61142, 55.725508], [37.611455, 55.725665], [37.611465, 55.72571], [37.611485, 55.725805], [37.611504, 55.725889], [37.611521, 55.725968], [37.611538, 55.726047], [37.611549, 55.726093], [37.6116, 55.726319], [37.611629, 55.726449], [37.61166, 55.726583]], [[37.611225, 55.72489], [37.611149, 55.724607], [37.611066, 55.724324], [37.610987, 55.724051]], [[37.61104, 55.724044], [37.61112, 55.724319], [37.611204, 55.724602], [37.611279, 55.724885]], [[37.610987, 55.724051], [37.610959, 55.723955], [37.610912, 55.723796], [37.610883, 55.723699]], [[37.61094, 55.723696], [37.610968, 55.723792], [37.611013, 55.72395], [37.61104, 55.724044]], [[37.606364, 55.711664], [37.606325, 55.711591], [37.606285, 55.711531], [37.606265, 55.711504], [37.606181, 55.711434], [37.606089, 55.711382], [37.606055, 55.711366], [37.606005, 55.711345], [37.605927, 55.711317], [37.605866, 55.711298], [37.605794, 55.711279], [37.605679, 55.711255], [37.605504, 55.711225], [37.605221, 55.711183]], [[37.605231, 55.711146], [37.605522, 55.711188], [37.605708, 55.711221], [37.605853, 55.711253], [37.605893, 55.711264], [37.605984, 55.711287]], [[37.606951, 55.711553], [37.606978, 55.711558], [37.607056, 55.711576], [37.607104, 55.711585], [37.607222, 55.7116], [37.607337, 55.711607], [37.60748, 55.711604]], [[37.621977, 55.711407], [37.622079, 55.71141], [37.622422, 55.711417], [37.6225, 55.711419], [37.622523, 55.71142], [37.623263, 55.711431], [37.624035, 55.711441]], [[37.624034, 55.711476], [37.623268, 55.711464], [37.623086, 55.711461], [37.622546, 55.711452], [37.622504, 55.711452], [37.622473, 55.711451], [37.622092, 55.711443], [37.621954, 55.71144]], [[37.621954, 55.71144], [37.621765, 55.711438], [37.621675, 55.711441], [37.621597, 55.711449], [37.621537, 55.71146], [37.621474, 55.711476], [37.621423, 55.711493], [37.621279, 55.711542], [37.621216, 55.711557], [37.62114, 55.71157], [37.62107, 55.711577], [37.621048, 55.711578], [37.62098, 55.711581], [37.620946, 55.711582]], [[37.620802, 55.711234], [37.620889, 55.711231], [37.620962, 55.71123], [37.62103, 55.711233], [37.621068, 55.711237], [37.621114, 55.711243], [37.621164, 55.711255], [37.621204, 55.711269], [37.621388, 55.711357], [37.621442, 55.711375], [37.621508, 55.711391], [37.621589, 55.711401], [37.621674, 55.711405], [37.621767, 55.711405], [37.621977, 55.711407]], [[37.606252, 55.711375], [37.606157, 55.711149], [37.606145, 55.711111], [37.606133, 55.711071], [37.606118, 55.710995], [37.60611, 55.710912], [37.606114, 55.710818], [37.606134, 55.710658]], [[37.606181, 55.710662], [37.606162, 55.710819], [37.606159, 55.710872], [37.606159, 55.710968], [37.606177, 55.711064], [37.606193, 55.711106], [37.606209, 55.711148], [37.606238, 55.711223]], [[37.606365, 55.709785], [37.606242, 55.710329], [37.606198, 55.710525], [37.606181, 55.710662]], [[37.606134, 55.710658], [37.60615, 55.710523], [37.606188, 55.710322], [37.60629, 55.709778]], [[37.60662, 55.70921], [37.606446, 55.709527], [37.60639, 55.709675], [37.606365, 55.709785]], [[37.60629, 55.709778], [37.606311, 55.709668], [37.606369, 55.709516], [37.606546, 55.709193]], [[37.606546, 55.709193], [37.606676, 55.708955], [37.607008, 55.708412]], [[37.607084, 55.708425], [37.606892, 55.70874], [37.606753, 55.708967], [37.60662, 55.70921]], [[37.607544, 55.708274], [37.60734, 55.708255], [37.60729, 55.708253], [37.607242, 55.708259], [37.607199, 55.708273], [37.607165, 55.708293], [37.607084, 55.708425]], [[37.607008, 55.708412], [37.607088, 55.70828], [37.607123, 55.708248], [37.607173, 55.708224], [37.607234, 55.708209], [37.6073, 55.708206], [37.607563, 55.70823]], [[37.607563, 55.70823], [37.607906, 55.708261], [37.609178, 55.708329]], [[37.609158, 55.708372], [37.608988, 55.708362], [37.608427, 55.708333], [37.607893, 55.708305], [37.607544, 55.708274]], [[37.609178, 55.708329], [37.609401, 55.708343], [37.609923, 55.708415]], [[37.609906, 55.708443], [37.609398, 55.708385], [37.609158, 55.708372]], [[37.609923, 55.708415], [37.610121, 55.708442], [37.61022, 55.708445], [37.610294, 55.708442], [37.610369, 55.708432], [37.610425, 55.70842], [37.610478, 55.708397], [37.610532, 55.708359], [37.610556, 55.708314], [37.610566, 55.708271], [37.610568, 55.708225]], [[37.610628, 55.708225], [37.610628, 55.708272], [37.61062, 55.708322], [37.610592, 55.708372], [37.610526, 55.708422], [37.61045, 55.708449], [37.610381, 55.70846], [37.610302, 55.708467], [37.610221, 55.708469], [37.610115, 55.708467], [37.609906, 55.708443]], [[37.610554, 55.706713], [37.610613, 55.707863], [37.610618, 55.708066], [37.610628, 55.708225]], [[37.610568, 55.708225], [37.610562, 55.708065], [37.61055, 55.707862], [37.610467, 55.706716]], [[37.610748, 55.706198], [37.610642, 55.706317], [37.610585, 55.706442], [37.610551, 55.706565], [37.610554, 55.706713]], [[37.610467, 55.706716], [37.61047, 55.706559], [37.610507, 55.706431], [37.610564, 55.706305], [37.610675, 55.706179]], [[37.610675, 55.706179], [37.610912, 55.705912], [37.612045, 55.704668], [37.612206, 55.704478], [37.612457, 55.704216], [37.614124, 55.70254]], [[37.614198, 55.702558], [37.612525, 55.704239], [37.612276, 55.7045], [37.612042, 55.704778], [37.610983, 55.705932], [37.610748, 55.706198]], [[37.614124, 55.70254], [37.614199, 55.702465], [37.61432, 55.702299]], [[37.614384, 55.702328], [37.614274, 55.702481], [37.614198, 55.702558]], [[37.61432, 55.702299], [37.614379, 55.702217], [37.614496, 55.701723], [37.614539, 55.701672], [37.614594, 55.701614]], [[37.61466, 55.701635], [37.614606, 55.701691], [37.61458, 55.701732], [37.614457, 55.702227], [37.614384, 55.702328]], [[37.614661, 55.700287], [37.614928, 55.700602], [37.615091, 55.700776], [37.61512, 55.700832], [37.615141, 55.700887], [37.615156, 55.701005], [37.615152, 55.701059], [37.615136, 55.701108], [37.615042, 55.701226], [37.614873, 55.70141], [37.61466, 55.701635]], [[37.614594, 55.701614], [37.614803, 55.701393], [37.614983, 55.701212], [37.615039, 55.701155], [37.615082, 55.701099], [37.615098, 55.701055], [37.615097, 55.701005], [37.615086, 55.700891], [37.615067, 55.700839], [37.615039, 55.700787], [37.614872, 55.70061], [37.614591, 55.70031]], [[37.612053, 55.697472], [37.612254, 55.697691], [37.614314, 55.699915], [37.614472, 55.700084], [37.614661, 55.700287]], [[37.614591, 55.70031], [37.6144, 55.700105], [37.614242, 55.699935], [37.612183, 55.697712], [37.611983, 55.697493]], [[37.610019, 55.695252], [37.611075, 55.696407], [37.611666, 55.697052], [37.612053, 55.697472]], [[37.611983, 55.697493], [37.611743, 55.697231], [37.611004, 55.696428], [37.609972, 55.69527]], [[37.609972, 55.69527], [37.609669, 55.694974], [37.609575, 55.694886], [37.609372, 55.694762], [37.609, 55.694577], [37.608736, 55.694443], [37.608292, 55.694278]], [[37.608327, 55.694248], [37.608776, 55.694413], [37.609053, 55.694544], [37.609417, 55.694738], [37.609616, 55.694869], [37.609726, 55.694957], [37.610019, 55.695252]], [[37.600741, 55.691413], [37.600502, 55.691318], [37.599772, 55.691027], [37.599322, 55.690854], [37.599172, 55.690793]], [[37.599172, 55.690793], [37.598313, 55.690445], [37.598051, 55.690302], [37.597838, 55.690175], [37.597699, 55.690085], [37.597594, 55.690016], [37.597356, 55.689827], [37.597141, 55.689631], [37.596551, 55.689095]], [[37.596059, 55.688594], [37.596212, 55.68872], [37.596343, 55.688836], [37.596449, 55.688936], [37.596565, 55.68905], [37.597396, 55.689805], [37.597686, 55.690031], [37.597734, 55.690063], [37.597848, 55.690138], [37.598087, 55.690282], [37.598343, 55.69042], [37.5992, 55.690773], [37.599348, 55.690834], [37.599796, 55.691009], [37.600535, 55.691292], [37.600775, 55.691385]], [[37.596551, 55.689095], [37.5964, 55.688952], [37.596295, 55.688852], [37.596165, 55.688735], [37.596051, 55.688646]], [[37.595521, 55.688019], [37.595597, 55.688089], [37.59572, 55.688213], [37.595879, 55.688395], [37.595959, 55.688484], [37.596059, 55.688594]], [[37.596051, 55.688646], [37.595821, 55.688401], [37.595683, 55.688248], [37.595544, 55.688111], [37.595468, 55.68804]], [[37.587594, 55.680786], [37.587442, 55.680655], [37.587293, 55.680554], [37.587232, 55.680513], [37.587056, 55.680407], [37.586884, 55.680318]], [[37.586928, 55.680301], [37.58709, 55.680388], [37.587286, 55.680499], [37.587345, 55.680538], [37.587497, 55.680637], [37.587642, 55.680765]], [[37.586502, 55.680022], [37.586683, 55.680172], [37.586805, 55.680236], [37.586928, 55.680301]], [[37.586884, 55.680318], [37.586758, 55.680278], [37.586676, 55.680268], [37.586513, 55.680264], [37.586409, 55.680276], [37.58624, 55.680313], [37.586158, 55.680339]], [[37.584784, 55.679793], [37.584332, 55.679623], [37.583939, 55.679477]], [[37.583988, 55.67944], [37.584386, 55.679589], [37.58492, 55.679788]], [[37.583939, 55.679477], [37.583795, 55.679423], [37.583742, 55.679403], [37.5837, 55.67938], [37.583638, 55.679336], [37.583613, 55.679295], [37.583605, 55.679253], [37.583614, 55.679187], [37.583639, 55.679122], [37.584003, 55.678785], [37.584035, 55.678725], [37.584034, 55.678666], [37.58402, 55.678653], [37.583985, 55.678591], [37.583875, 55.678517], [37.583617, 55.678424]], [[37.583654, 55.678389], [37.583933, 55.678485], [37.584052, 55.678567], [37.584078, 55.678598], [37.584099, 55.67866], [37.584111, 55.678701], [37.584108, 55.678741], [37.58408, 55.678799], [37.583712, 55.67914], [37.583689, 55.679184], [37.583676, 55.67923], [37.583694, 55.679276], [37.583727, 55.679322], [37.583781, 55.679355], [37.583852, 55.679389], [37.583988, 55.67944]], [[37.578369, 55.677209], [37.578547, 55.677146], [37.578754, 55.677076], [37.579089, 55.676985], [37.579151, 55.676977], [37.579226, 55.67697], [37.579278, 55.676967], [37.579443, 55.676972], [37.57963, 55.677013], [37.580018, 55.677141]], [[37.579993, 55.677172], [37.579603, 55.677045], [37.579431, 55.67701], [37.579288, 55.677012], [37.579239, 55.677015], [37.579179, 55.677019], [37.579124, 55.677026], [37.578792, 55.677115], [37.578587, 55.677185], [37.578409, 55.677248]], [[37.55427, 55.685768], [37.55409, 55.685624], [37.554034, 55.685579], [37.553885, 55.685459]], [[37.553935, 55.685435], [37.554014, 55.6855], [37.554063, 55.685541], [37.55416, 55.685621], [37.554205, 55.685658], [37.554321, 55.685754]], [[37.602113, 55.710685], [37.604234, 55.711002], [37.605231, 55.711146]], [[37.605221, 55.711183], [37.60422, 55.711034], [37.602098, 55.710717]], [[37.602098, 55.710717], [37.601405, 55.710612], [37.601276, 55.710592], [37.60113, 55.710575], [37.600722, 55.710532], [37.600448, 55.710511], [37.60027, 55.710496], [37.600098, 55.710479], [37.599995, 55.710469], [37.599437, 55.710375]], [[37.599457, 55.710338], [37.600017, 55.710435], [37.60011, 55.710445], [37.600283, 55.710463], [37.600459, 55.710478], [37.600767, 55.710498], [37.601145, 55.710541], [37.601293, 55.71056], [37.601419, 55.710582], [37.602113, 55.710685]], [[37.599437, 55.710375], [37.599118, 55.71032], [37.598507, 55.710212], [37.597854, 55.710107]], [[37.597871, 55.710072], [37.598514, 55.710177], [37.599143, 55.710284], [37.599457, 55.710338]], [[37.597854, 55.710107], [37.597511, 55.710051], [37.597395, 55.710034], [37.597267, 55.710022], [37.59707, 55.710009], [37.596623, 55.709991]], [[37.59663, 55.709958], [37.597083, 55.709974], [37.597283, 55.709987], [37.597398, 55.709998], [37.597535, 55.710017], [37.597871, 55.710072]], [[37.594023, 55.709877], [37.594323, 55.709883], [37.59529, 55.709919], [37.59663, 55.709958]], [[37.596623, 55.709991], [37.595289, 55.709952], [37.594324, 55.709918], [37.594015, 55.709913]], [[37.59321, 55.709641], [37.593316, 55.709702], [37.593432, 55.709764], [37.5935, 55.7098], [37.593588, 55.709839], [37.593621, 55.709849], [37.59366, 55.709859], [37.593708, 55.709868], [37.59384, 55.709874], [37.594023, 55.709877]], [[37.594015, 55.709913], [37.593832, 55.70991], [37.593694, 55.709904], [37.593636, 55.709893], [37.593586, 55.70988], [37.593557, 55.709869], [37.593459, 55.709829], [37.593386, 55.709787], [37.593277, 55.709725], [37.593172, 55.709665]], [[37.582423, 55.703507], [37.586262, 55.705684], [37.586282, 55.705697], [37.586356, 55.705739], [37.586687, 55.705928], [37.586848, 55.706018], [37.587484, 55.706374], [37.587756, 55.706527], [37.589078, 55.707277], [37.589306, 55.707403], [37.589982, 55.707803], [37.59043, 55.708068], [37.591719, 55.708789], [37.59321, 55.709641]], [[37.593172, 55.709665], [37.59167, 55.708817], [37.590383, 55.708089], [37.5894, 55.707518], [37.589215, 55.707416], [37.589016, 55.707306], [37.587734, 55.706572], [37.587431, 55.706403], [37.586792, 55.70605], [37.58663, 55.70596], [37.586223, 55.705727], [37.586203, 55.705715], [37.582365, 55.703538]], [[37.58029, 55.702301], [37.581196, 55.702812], [37.581577, 55.703032], [37.581959, 55.703244], [37.582423, 55.703507]], [[37.582365, 55.703538], [37.581903, 55.703276], [37.58152, 55.703064], [37.581139, 55.702844], [37.580244, 55.702338]], [[37.561045, 55.691337], [37.557516, 55.688445], [37.557481, 55.688416], [37.556257, 55.687413], [37.556108, 55.68729], [37.555475, 55.686766], [37.554338, 55.685824], [37.55427, 55.685768]], [[37.554321, 55.685754], [37.554386, 55.685806], [37.555424, 55.686646], [37.555543, 55.686743], [37.556177, 55.687265], [37.557545, 55.688392], [37.55758, 55.68842], [37.561091, 55.691317]], [[37.561091, 55.691317], [37.561251, 55.691448], [37.561319, 55.691505], [37.561463, 55.691605], [37.56166, 55.691722], [37.562196, 55.692031], [37.562237, 55.692054], [37.562365, 55.692124]], [[37.562326, 55.692154], [37.562148, 55.692051], [37.562, 55.691962], [37.561617, 55.691741], [37.561412, 55.691618], [37.561265, 55.691517], [37.561045, 55.691337]], [[37.552628, 55.684371], [37.553935, 55.685435]], [[37.553885, 55.685459], [37.552582, 55.684387]], [[37.551391, 55.684247], [37.551509, 55.684186], [37.551536, 55.684174], [37.55162, 55.684145], [37.551746, 55.684112], [37.551831, 55.684102], [37.551893, 55.6841], [37.551956, 55.684099], [37.552024, 55.6841], [37.552152, 55.684117], [37.552181, 55.684123], [37.552226, 55.684134], [37.552263, 55.684142], [37.552375, 55.684187], [37.552464, 55.684235], [37.552469, 55.684238], [37.552581, 55.684332], [37.552628, 55.684371]], [[37.552582, 55.684387], [37.552542, 55.684353], [37.552451, 55.68428], [37.552421, 55.684256], [37.552328, 55.684209], [37.552248, 55.684184], [37.552232, 55.684179], [37.552169, 55.684165], [37.55213, 55.684156], [37.552035, 55.684143], [37.551953, 55.68414], [37.551886, 55.684139], [37.551837, 55.684142], [37.551752, 55.684151], [37.551649, 55.684175], [37.551579, 55.684198], [37.551448, 55.684273]], [[37.57687, 55.808882], [37.576759, 55.808889], [37.576709, 55.80889], [37.576682, 55.808891], [37.576638, 55.80889], [37.576449, 55.808871], [37.576387, 55.808861]], [[37.576387, 55.808861], [37.575423, 55.808704]], [[37.575433, 55.808685], [37.576402, 55.80885]], [[37.575423, 55.808704], [37.575301, 55.808685], [37.575259, 55.808684], [37.57518, 55.808684], [37.575051, 55.80871], [37.575012, 55.808722], [37.574978, 55.808739], [37.574931, 55.808772], [37.574893, 55.808811], [37.574849, 55.808868]], [[37.57481, 55.808857], [37.57484, 55.808819], [37.574871, 55.808785], [37.574921, 55.808735], [37.57495, 55.808715], [37.574967, 55.808709], [37.575026, 55.808686], [37.575074, 55.808673], [37.575134, 55.808661], [37.575198, 55.808654], [37.575279, 55.808661], [37.575303, 55.808663], [37.575433, 55.808685]], [[37.574849, 55.808868], [37.574686, 55.809081], [37.574622, 55.809164], [37.574076, 55.809873], [37.573795, 55.810237], [37.573069, 55.811178], [37.572409, 55.812035], [37.572342, 55.812126], [37.572244, 55.812256], [37.572165, 55.812361], [37.571975, 55.812605], [37.571461, 55.813266], [37.571177, 55.813634], [37.570167, 55.814944], [37.569631, 55.815644], [37.569444, 55.815881], [37.569409, 55.815932], [37.569226, 55.816174], [37.56901, 55.816451]], [[37.56897, 55.816437], [37.569183, 55.816163], [37.569366, 55.815922], [37.569865, 55.815273], [37.570031, 55.815057], [37.570592, 55.814329], [37.571294, 55.813417], [37.571979, 55.812527], [37.572114, 55.812349], [37.572194, 55.812244], [37.572293, 55.812115], [37.573141, 55.811017], [37.573615, 55.810402], [37.573923, 55.810001], [37.574516, 55.809231], [37.574574, 55.809155], [37.574638, 55.809072], [37.57481, 55.808857]], [[37.568557, 55.816544], [37.568627, 55.816562], [37.568684, 55.816571], [37.568723, 55.816572], [37.568744, 55.81657], [37.56879, 55.816566], [37.568837, 55.816555], [37.568901, 55.816523], [37.568924, 55.816496], [37.56897, 55.816437]], [[37.56901, 55.816451], [37.568967, 55.816506], [37.568937, 55.816538], [37.568914, 55.81655], [37.568875, 55.816567], [37.568827, 55.816581], [37.568756, 55.816591], [37.568709, 55.81659], [37.568671, 55.816589], [37.568621, 55.816582], [37.568545, 55.816564]], [[37.568545, 55.816564], [37.568028, 55.816437], [37.567335, 55.816268]], [[37.567355, 55.816244], [37.568055, 55.816419], [37.568557, 55.816544]], [[37.567335, 55.816268], [37.567164, 55.816226], [37.567123, 55.816223], [37.567057, 55.816225], [37.566996, 55.816232], [37.566951, 55.816242], [37.566897, 55.81626], [37.56685, 55.816281], [37.566817, 55.816298], [37.566785, 55.816315], [37.566765, 55.816331], [37.566732, 55.816359], [37.566664, 55.816437]], [[37.566621, 55.81643], [37.566702, 55.816343], [37.566728, 55.816321], [37.566837, 55.816258], [37.566903, 55.81623], [37.566982, 55.81621], [37.567069, 55.816198], [37.567161, 55.816203], [37.567248, 55.816217], [37.567355, 55.816244]], [[37.563244, 55.820329], [37.563757, 55.819738], [37.563917, 55.819553], [37.565394, 55.817822], [37.565803, 55.817343], [37.565866, 55.817269], [37.565996, 55.817112], [37.566029, 55.817072], [37.566621, 55.81643]], [[37.566664, 55.816437], [37.566209, 55.816948], [37.566091, 55.817089], [37.566058, 55.817128], [37.565865, 55.817359], [37.565425, 55.817886], [37.564517, 55.818945], [37.563854, 55.819718], [37.56382, 55.819755], [37.563305, 55.820343]], [[37.562804, 55.822736], [37.562845, 55.822663], [37.562913, 55.822541], [37.563003, 55.822183], [37.563021, 55.82185], [37.562978, 55.821504], [37.562912, 55.821168], [37.562929, 55.820954], [37.562938, 55.820848], [37.563161, 55.820423], [37.563244, 55.820329]], [[37.563305, 55.820343], [37.563221, 55.820437], [37.563006, 55.820853], [37.562979, 55.821164], [37.563043, 55.821505], [37.563087, 55.821846], [37.56307, 55.822188], [37.562976, 55.82255], [37.562947, 55.822601], [37.562864, 55.82275]], [[37.562864, 55.82275], [37.56264, 55.823155], [37.562314, 55.823743], [37.56213, 55.824091]], [[37.562237, 55.823752], [37.562246, 55.823735], [37.562396, 55.823462], [37.562494, 55.823288], [37.562779, 55.822781], [37.562804, 55.822736]], [[37.561058, 55.824368], [37.561442, 55.824351], [37.561604, 55.824338], [37.561725, 55.824321], [37.561812, 55.824302], [37.561882, 55.824278], [37.561929, 55.824253], [37.561973, 55.824222], [37.562009, 55.824183], [37.562066, 55.824076]], [[37.56213, 55.824091], [37.562077, 55.824195], [37.562025, 55.824232], [37.561994, 55.824255], [37.561895, 55.824311], [37.561799, 55.824338], [37.561681, 55.824358], [37.561507, 55.824373], [37.561277, 55.824385], [37.561053, 55.824394]], [[37.561053, 55.824394], [37.559727, 55.82445]], [[37.559727, 55.824424], [37.560372, 55.824396], [37.561058, 55.824368]], [[37.556886, 55.825423], [37.557248, 55.825025], [37.557416, 55.824891], [37.557616, 55.824758], [37.557724, 55.824702], [37.557856, 55.824641], [37.557971, 55.824601], [37.557994, 55.824593], [37.55811, 55.824557], [37.558254, 55.824522], [37.558398, 55.824497], [37.558574, 55.824479], [37.558744, 55.824468], [37.559088, 55.824452], [37.559632, 55.824428], [37.559727, 55.824424]], [[37.559727, 55.82445], [37.558732, 55.824492], [37.558574, 55.824502], [37.558418, 55.824522], [37.558262, 55.82455], [37.558128, 55.824584], [37.558023, 55.824619], [37.557976, 55.824636], [37.55783, 55.824691], [37.557758, 55.824723], [37.557666, 55.824772], [37.557527, 55.82486], [37.557407, 55.824946], [37.557294, 55.825039], [37.556934, 55.82543]], [[37.556934, 55.82543], [37.556559, 55.825874], [37.555502, 55.827153], [37.555458, 55.827206], [37.555397, 55.82728], [37.553177, 55.829983], [37.553072, 55.830105]], [[37.553011, 55.8301], [37.553262, 55.829789], [37.553895, 55.829018], [37.555374, 55.827241], [37.555414, 55.827193], [37.556521, 55.825865], [37.556886, 55.825423]], [[37.553072, 55.830105], [37.553038, 55.830144], [37.552927, 55.830272], [37.552649, 55.830599], [37.552513, 55.830738], [37.552399, 55.830852], [37.552372, 55.830871], [37.552304, 55.83092], [37.552255, 55.830948], [37.552127, 55.831017], [37.55211, 55.831026], [37.552068, 55.831049]], [[37.552032, 55.831023], [37.552061, 55.831007], [37.552273, 55.830888], [37.55236, 55.830817], [37.552427, 55.830763], [37.552543, 55.830648], [37.552873, 55.830255], [37.552984, 55.830129], [37.553011, 55.8301]], [[37.552068, 55.831049], [37.552027, 55.831073], [37.551965, 55.831115], [37.551927, 55.831149], [37.551885, 55.831195], [37.551824, 55.831261], [37.551673, 55.831455]], [[37.55162, 55.831443], [37.55177, 55.831249], [37.551839, 55.831176], [37.55188, 55.831136], [37.551923, 55.831095], [37.551981, 55.831051], [37.552004, 55.831039], [37.552032, 55.831023]], [[37.551673, 55.831455], [37.550813, 55.832563], [37.550648, 55.832775], [37.550139, 55.833428], [37.549937, 55.833689]], [[37.549884, 55.83368], [37.550032, 55.833484], [37.550086, 55.833415], [37.550595, 55.832762], [37.550759, 55.832551], [37.55162, 55.831443]], [[37.549937, 55.833689], [37.54986, 55.833793], [37.549803, 55.833869], [37.54974, 55.833954], [37.549102, 55.834806]], [[37.549049, 55.8348], [37.549687, 55.833942], [37.54975, 55.833858], [37.549884, 55.83368]], [[37.549102, 55.834806], [37.549059, 55.834865], [37.548967, 55.834963], [37.548913, 55.835], [37.548862, 55.835027], [37.548839, 55.835037], [37.548798, 55.835053], [37.548778, 55.835057], [37.548736, 55.835063], [37.548655, 55.835073], [37.548552, 55.835081], [37.548465, 55.835077], [37.548416, 55.835073], [37.548058, 55.835032]], [[37.548063, 55.834989], [37.54846, 55.835036], [37.548505, 55.835041], [37.548579, 55.835044], [37.548624, 55.835045], [37.548708, 55.835037], [37.548778, 55.835024], [37.548831, 55.835006], [37.548873, 55.834985], [37.548921, 55.834952], [37.549009, 55.834854], [37.549049, 55.8348]], [[37.547421, 55.834912], [37.547667, 55.834942], [37.548063, 55.834989]], [[37.548058, 55.835032], [37.547823, 55.835004], [37.547653, 55.834984], [37.547402, 55.834954]], [[37.547402, 55.834954], [37.545693, 55.834752], [37.545609, 55.83475], [37.545525, 55.834757], [37.545427, 55.834768], [37.54531, 55.834786], [37.545162, 55.834809], [37.545041, 55.834832], [37.544998, 55.834841], [37.544764, 55.834888], [37.544558, 55.834943], [37.544096, 55.835067], [37.543745, 55.83516]], [[37.544526, 55.834911], [37.544709, 55.834862], [37.544843, 55.834834], [37.544995, 55.834801], [37.545184, 55.834772], [37.545345, 55.834747], [37.54547, 55.83473], [37.545561, 55.834719], [37.545674, 55.834716], [37.545755, 55.834717], [37.545822, 55.834722], [37.546141, 55.83476]], [[37.543717, 55.835128], [37.544526, 55.834911]], [[37.546141, 55.83476], [37.546581, 55.834812], [37.547421, 55.834912]], [[37.529124, 55.838885], [37.528897, 55.838635], [37.52853, 55.838228]], [[37.528573, 55.838212], [37.528826, 55.838493], [37.52894, 55.838623], [37.528996, 55.838687], [37.529161, 55.838873]], [[37.52853, 55.838228], [37.528321, 55.838006], [37.52823, 55.837932], [37.528143, 55.837886], [37.527966, 55.837807], [37.527711, 55.837693]], [[37.527728, 55.837675], [37.52799, 55.837792], [37.528213, 55.83789], [37.528279, 55.837932], [37.528314, 55.837954], [37.528382, 55.838009], [37.528455, 55.838081], [37.528573, 55.838212]], [[37.527711, 55.837693], [37.527353, 55.837533], [37.527067, 55.837382], [37.526986, 55.837331]], [[37.527009, 55.837314], [37.527101, 55.837372], [37.527388, 55.837524], [37.527728, 55.837675]], [[37.526986, 55.837331], [37.526625, 55.837103], [37.526258, 55.836871], [37.526201, 55.836829], [37.526156, 55.836779], [37.526087, 55.836689]], [[37.526119, 55.83668], [37.52619, 55.836773], [37.526236, 55.83682], [37.526288, 55.836859], [37.52666, 55.837094], [37.526955, 55.83728], [37.527009, 55.837314]], [[37.525852, 55.836331], [37.526119, 55.83668]], [[37.526087, 55.836689], [37.525821, 55.836341]], [[37.525603, 55.835884], [37.525655, 55.835999], [37.525704, 55.836107], [37.525772, 55.836221], [37.52578, 55.836236], [37.525852, 55.836331]], [[37.525821, 55.836341], [37.525779, 55.83629], [37.525738, 55.83623], [37.525672, 55.836116], [37.525622, 55.836007], [37.525568, 55.835889]], [[37.525393, 55.835426], [37.525561, 55.835796], [37.525603, 55.835884]], [[37.525568, 55.835889], [37.525531, 55.835807], [37.525353, 55.835426]], [[37.525043, 55.834999], [37.525067, 55.83502], [37.525231, 55.835169], [37.52529, 55.835242], [37.525346, 55.835323], [37.525393, 55.835426]], [[37.525353, 55.835426], [37.525305, 55.835323], [37.525259, 55.83525], [37.525209, 55.835187], [37.525014, 55.835009]], [[37.525014, 55.835009], [37.524892, 55.834897], [37.524046, 55.834126], [37.523792, 55.833894], [37.523365, 55.833525], [37.523353, 55.833514], [37.522866, 55.833098], [37.522449, 55.832727], [37.522418, 55.832698], [37.521738, 55.832067], [37.521684, 55.832018], [37.520782, 55.83125], [37.520741, 55.831214], [37.520244, 55.83077]], [[37.520281, 55.830749], [37.520782, 55.831208], [37.520813, 55.831235], [37.521729, 55.832006], [37.521783, 55.832055], [37.522465, 55.832682], [37.522501, 55.832713], [37.523164, 55.83329], [37.523403, 55.833498], [37.523564, 55.833645], [37.52408, 55.834118], [37.525043, 55.834999]], [[37.520244, 55.83077], [37.520029, 55.830578], [37.519937, 55.830493], [37.519864, 55.830423], [37.519759, 55.830279], [37.519717, 55.830202]], [[37.519783, 55.830196], [37.519822, 55.830267], [37.519838, 55.830292], [37.519924, 55.830415], [37.519991, 55.830484], [37.520281, 55.830749]], [[37.519717, 55.830202], [37.519262, 55.829367], [37.519039, 55.828957]], [[37.519104, 55.828954], [37.519324, 55.829356], [37.519783, 55.830196]], [[37.518172, 55.82725], [37.518276, 55.82744], [37.518846, 55.828482], [37.519104, 55.828954]], [[37.519039, 55.828957], [37.518785, 55.828492], [37.518653, 55.828248], [37.518367, 55.827723], [37.518116, 55.827262]], [[37.516266, 55.826321], [37.516686, 55.82662], [37.516746, 55.826648], [37.516794, 55.826668], [37.516903, 55.826698], [37.517664, 55.82691], [37.517838, 55.826958], [37.517954, 55.826993], [37.518046, 55.827053], [37.518085, 55.82709], [37.518172, 55.82725]], [[37.518116, 55.827262], [37.518029, 55.827103], [37.517983, 55.827064], [37.517913, 55.82702], [37.517791, 55.826984], [37.517229, 55.826825], [37.516906, 55.826733], [37.516775, 55.826697], [37.516722, 55.826679], [37.516662, 55.826647], [37.516232, 55.826348]], [[37.515943, 55.825383], [37.515734, 55.825657], [37.515707, 55.825729], [37.515703, 55.825797], [37.515703, 55.825807], [37.515705, 55.825815], [37.515724, 55.825882], [37.515776, 55.825955], [37.515787, 55.825968], [37.51583, 55.826013], [37.515887, 55.826053], [37.516153, 55.826242], [37.516266, 55.826321]], [[37.516232, 55.826348], [37.515802, 55.826048], [37.515726, 55.825972], [37.51571, 55.825951], [37.515664, 55.825888], [37.515655, 55.825864], [37.515635, 55.825815], [37.515637, 55.825781], [37.51564, 55.825719], [37.51567, 55.825649], [37.51589, 55.825365]], [[37.517699, 55.823218], [37.517178, 55.823853], [37.516655, 55.824491], [37.516355, 55.824857], [37.516321, 55.8249], [37.516019, 55.825284], [37.515979, 55.825336], [37.515943, 55.825383]], [[37.51589, 55.825365], [37.515966, 55.82527], [37.516274, 55.824889], [37.516609, 55.82448], [37.517134, 55.823842], [37.51766, 55.823201]], [[37.517345, 55.822683], [37.517672, 55.822765], [37.517809, 55.822799], [37.517884, 55.822839], [37.517919, 55.82291], [37.517888, 55.822978], [37.517877, 55.823001], [37.517699, 55.823218]], [[37.51766, 55.823201], [37.517832, 55.822989], [37.517841, 55.822966], [37.51786, 55.822913], [37.517845, 55.822868], [37.51778, 55.822822], [37.517766, 55.822818], [37.517654, 55.822787], [37.517324, 55.822704]], [[37.509103, 55.80595], [37.508937, 55.805946], [37.508828, 55.805953], [37.508713, 55.80597], [37.508357, 55.806049]], [[37.508357, 55.806049], [37.507865, 55.806169], [37.507435, 55.806272], [37.506348, 55.806533]], [[37.506334, 55.806502], [37.507417, 55.806246], [37.507856, 55.806143], [37.508207, 55.806059]], [[37.505277, 55.806718], [37.505916, 55.806593], [37.506119, 55.806553], [37.506334, 55.806502]], [[37.506348, 55.806533], [37.506178, 55.806574], [37.506111, 55.806589], [37.505913, 55.806626], [37.505296, 55.80675]], [[37.490972, 55.809055], [37.491033, 55.80897], [37.49108, 55.808922], [37.491128, 55.808885], [37.491181, 55.808857], [37.491215, 55.808845], [37.491251, 55.808835], [37.491288, 55.808827], [37.491327, 55.808821], [37.491366, 55.808817], [37.491405, 55.808814], [37.49143, 55.808814], [37.491445, 55.808814], [37.491485, 55.808815], [37.491525, 55.808819], [37.491563, 55.808824], [37.491601, 55.808831], [37.491638, 55.80884], [37.491673, 55.808851], [37.491706, 55.808863], [37.491737, 55.808877], [37.49209, 55.809111], [37.492096, 55.809115]], [[37.492058, 55.809131], [37.49205, 55.809126], [37.491722, 55.808915], [37.491691, 55.808901], [37.491658, 55.808888], [37.491623, 55.808878], [37.491586, 55.808869], [37.491548, 55.808861], [37.491509, 55.808856], [37.49147, 55.808853], [37.49143, 55.808851], [37.491349, 55.808859], [37.491278, 55.808876], [37.491219, 55.808893], [37.491171, 55.808916], [37.491139, 55.808938], [37.49111, 55.808966], [37.491057, 55.80904], [37.491029, 55.809078]], [[37.490227, 55.810988], [37.490143, 55.810887], [37.490106, 55.810827], [37.490049, 55.810721], [37.490014, 55.810648], [37.489995, 55.810567], [37.490006, 55.810464], [37.490023, 55.810366], [37.490053, 55.81029], [37.490095, 55.810221], [37.490972, 55.809055]], [[37.491029, 55.809078], [37.490153, 55.810251], [37.490115, 55.810316], [37.49009, 55.810369], [37.490058, 55.810469], [37.490058, 55.810563], [37.490073, 55.810635], [37.490111, 55.810717], [37.490163, 55.810817], [37.490194, 55.810855], [37.490278, 55.810972]], [[37.490278, 55.810972], [37.490683, 55.811405], [37.490963, 55.811691]], [[37.490919, 55.811709], [37.490659, 55.811446], [37.490634, 55.811418], [37.490227, 55.810988]], [[37.49191, 55.812307], [37.491823, 55.812274], [37.491444, 55.812114], [37.491289, 55.812032], [37.491154, 55.811938], [37.490978, 55.811769], [37.490919, 55.811709]], [[37.490963, 55.811691], [37.49101, 55.811738], [37.491195, 55.811912], [37.491329, 55.812004], [37.491478, 55.812088], [37.491854, 55.812244], [37.491952, 55.81228]], [[37.495457, 55.813604], [37.493144, 55.812764], [37.493037, 55.812723], [37.492742, 55.812619], [37.49191, 55.812307]], [[37.491952, 55.81228], [37.492774, 55.812588], [37.492905, 55.812638], [37.49307, 55.812696], [37.495482, 55.813581]], [[37.498745, 55.814127], [37.498528, 55.814087], [37.497601, 55.813961], [37.497276, 55.813924], [37.496659, 55.813856], [37.49651, 55.813839], [37.496152, 55.813793], [37.49595, 55.813761], [37.495688, 55.813688], [37.495457, 55.813604]], [[37.495482, 55.813581], [37.495712, 55.813665], [37.495976, 55.813735], [37.496158, 55.813767], [37.496519, 55.813808], [37.497166, 55.813876], [37.497288, 55.813891], [37.49762, 55.813927], [37.49856, 55.814057], [37.498766, 55.814093]], [[37.498766, 55.814093], [37.499957, 55.814303], [37.500646, 55.814425]], [[37.500622, 55.814463], [37.500058, 55.814366], [37.499933, 55.814343], [37.498745, 55.814127]], [[37.503375, 55.814453], [37.503267, 55.814451], [37.503134, 55.814458], [37.503014, 55.814468]], [[37.503006, 55.814441], [37.503166, 55.814428], [37.503299, 55.81442], [37.503374, 55.814422], [37.503401, 55.814423]], [[37.503401, 55.814423], [37.503456, 55.814432], [37.503527, 55.814449], [37.50361, 55.814485], [37.503665, 55.814527], [37.503708, 55.814566], [37.50374, 55.814607], [37.503761, 55.814655], [37.503766, 55.814703], [37.503765, 55.814741]], [[37.503707, 55.814726], [37.503703, 55.814687], [37.503685, 55.814635], [37.503658, 55.814594], [37.503621, 55.814552], [37.503575, 55.814517], [37.503511, 55.814485], [37.503448, 55.814465], [37.503375, 55.814453]], [[37.50376, 55.815187], [37.503764, 55.815348], [37.503741, 55.815411], [37.503698, 55.815481], [37.503645, 55.815548]], [[37.5036, 55.81554], [37.503652, 55.815476], [37.503693, 55.815404], [37.503712, 55.815352], [37.503712, 55.815283], [37.503703, 55.815187]], [[37.503645, 55.815548], [37.502763, 55.81665]], [[37.50272, 55.816636], [37.5036, 55.81554]], [[37.489599, 55.809145], [37.489582, 55.80914], [37.489522, 55.809126], [37.489445, 55.809115], [37.489368, 55.80911], [37.489294, 55.809112], [37.489213, 55.809121], [37.489132, 55.809136], [37.488776, 55.809227]], [[37.48881, 55.809157], [37.489113, 55.809086], [37.48921, 55.809069], [37.489297, 55.809062], [37.489376, 55.809061], [37.489457, 55.809066], [37.489544, 55.809078], [37.489607, 55.809091], [37.489638, 55.8091]], [[37.488776, 55.809227], [37.48725, 55.809665], [37.486421, 55.809936], [37.485552, 55.810235], [37.484715, 55.810526]], [[37.484677, 55.810499], [37.487136, 55.80965], [37.487406, 55.809568]], [[37.484715, 55.810526], [37.484502, 55.8106], [37.48441, 55.810625], [37.484295, 55.810647], [37.48417, 55.81066], [37.483987, 55.810673], [37.48383, 55.810676]], [[37.483834, 55.810641], [37.484235, 55.810618], [37.484388, 55.810592], [37.484589, 55.810529], [37.484677, 55.810499]], [[37.475553, 55.810387], [37.475415, 55.810383], [37.475138, 55.810375], [37.474903, 55.810368], [37.4747, 55.810362]], [[37.474707, 55.810323], [37.475164, 55.810336], [37.47557, 55.810347]], [[37.475131, 55.810634], [37.475127, 55.810688], [37.475124, 55.810724], [37.475059, 55.811468], [37.475054, 55.811522]], [[37.475004, 55.811525], [37.475009, 55.811465], [37.47506, 55.810923], [37.475077, 55.810723], [37.475078, 55.810674], [37.475085, 55.810633]], [[37.473389, 55.812847], [37.473604, 55.812679], [37.473779, 55.812567], [37.473891, 55.812496], [37.47394, 55.812465], [37.474388, 55.812253]], [[37.47442, 55.812271], [37.473977, 55.812498], [37.473938, 55.812523], [37.473814, 55.812602], [37.473638, 55.812717], [37.473446, 55.812866]], [[37.47227, 55.813566], [37.472605, 55.813471], [37.472737, 55.813423], [37.472764, 55.813409], [37.472809, 55.813386], [37.472868, 55.813342]], [[37.472925, 55.813361], [37.47286, 55.813408], [37.47282, 55.813428], [37.472776, 55.813449], [37.472636, 55.813496], [37.472291, 55.813586]], [[37.45652, 55.817865], [37.454752, 55.818299]], [[37.454738, 55.818265], [37.456492, 55.817832]], [[37.45812, 55.817457], [37.458785, 55.81731], [37.459128, 55.817225], [37.459811, 55.817027]], [[37.459841, 55.817058], [37.459154, 55.817257], [37.458805, 55.817342], [37.458139, 55.817486]], [[37.454752, 55.818299], [37.454636, 55.818328], [37.454471, 55.818384], [37.454338, 55.818449], [37.454127, 55.818586], [37.454005, 55.818639], [37.453889, 55.818674], [37.45368, 55.818724]], [[37.453653, 55.818687], [37.453861, 55.818635], [37.453966, 55.818601], [37.454082, 55.818553], [37.454287, 55.818421], [37.454433, 55.818353], [37.45461, 55.818297], [37.454738, 55.818265]], [[37.456492, 55.817832], [37.45812, 55.817457]], [[37.458139, 55.817486], [37.45652, 55.817865]], [[37.45041, 55.819269], [37.450494, 55.819292], [37.450584, 55.819307], [37.450691, 55.819318], [37.450838, 55.819324], [37.450946, 55.819319], [37.451043, 55.819306], [37.451442, 55.819218]], [[37.451463, 55.819246], [37.451193, 55.819306], [37.451057, 55.819332], [37.450949, 55.819346], [37.45084, 55.819351], [37.450682, 55.819346], [37.450567, 55.819332], [37.450474, 55.819316], [37.450386, 55.81929]], [[37.450264, 55.821669], [37.450153, 55.821523], [37.450075, 55.821449], [37.449975, 55.821376], [37.449662, 55.821196], [37.44958, 55.821146], [37.449493, 55.821078]], [[37.449546, 55.82106], [37.449622, 55.821121], [37.449706, 55.821175], [37.450012, 55.821357], [37.450113, 55.82143], [37.450195, 55.82151], [37.450308, 55.821663]], [[37.451056, 55.823508], [37.450868, 55.823044], [37.450714, 55.822681], [37.450264, 55.821669]], [[37.450308, 55.821663], [37.450754, 55.822677], [37.450904, 55.823041], [37.451106, 55.823503]], [[37.451106, 55.823503], [37.451398, 55.824236]], [[37.451348, 55.824239], [37.451056, 55.823508]], [[37.453893, 55.834331], [37.453818, 55.83396], [37.453667, 55.833219], [37.453548, 55.832648]], [[37.453604, 55.832647], [37.453718, 55.833217], [37.453862, 55.833959], [37.453937, 55.834329]], [[37.453105, 55.830179], [37.453264, 55.830971], [37.453342, 55.831342], [37.453511, 55.832201], [37.453531, 55.832306], [37.453556, 55.83242], [37.453576, 55.83251], [37.453604, 55.832647]], [[37.453548, 55.832648], [37.453522, 55.832513], [37.453502, 55.832423], [37.453477, 55.832309], [37.453457, 55.832203], [37.453286, 55.831347], [37.453207, 55.830974], [37.45305, 55.830183]], [[37.454023, 55.834991], [37.453975, 55.834748], [37.453954, 55.834639], [37.453893, 55.834331]], [[37.453937, 55.834329], [37.454, 55.834636], [37.454022, 55.834744], [37.454072, 55.834988]], [[37.454202, 55.835607], [37.454212, 55.835696], [37.454211, 55.83575], [37.454199, 55.835808], [37.454179, 55.835847], [37.454151, 55.835882], [37.454084, 55.835932], [37.454005, 55.835966], [37.453901, 55.836002], [37.45374, 55.836047], [37.453655, 55.83607], [37.453491, 55.836114], [37.453181, 55.836198], [37.453048, 55.836234], [37.452876, 55.836282], [37.452609, 55.836356], [37.452444, 55.836385], [37.452286, 55.836405], [37.45147, 55.836486], [37.450997, 55.836522]], [[37.450991, 55.836491], [37.451468, 55.836454], [37.452083, 55.836397], [37.452274, 55.836379], [37.452435, 55.836359], [37.452596, 55.836331], [37.452854, 55.836262], [37.453135, 55.836183], [37.453285, 55.83614], [37.453473, 55.836088], [37.453641, 55.836041], [37.453719, 55.836018], [37.453879, 55.835974], [37.453987, 55.835936], [37.454011, 55.835926], [37.454046, 55.83591], [37.454109, 55.835869], [37.454139, 55.835834], [37.454154, 55.835797], [37.454164, 55.835746], [37.454166, 55.835697], [37.454153, 55.83561]], [[37.450997, 55.836522], [37.446869, 55.83682], [37.441995, 55.837177], [37.441907, 55.837184], [37.441558, 55.83721], [37.438625, 55.837424]], [[37.438618, 55.837398], [37.441396, 55.837194], [37.44155, 55.837183], [37.441878, 55.837159], [37.446862, 55.836793], [37.450991, 55.836491]], [[37.437868, 55.837794], [37.437861, 55.837762], [37.437856, 55.837717], [37.437851, 55.837666], [37.437853, 55.837651], [37.437859, 55.837606], [37.43789, 55.837561], [37.437933, 55.837525], [37.438012, 55.837487], [37.438055, 55.837473], [37.438072, 55.837467], [37.438158, 55.837446], [37.438177, 55.837441], [37.438275, 55.837429], [37.438318, 55.837423], [37.438618, 55.837398]], [[37.438625, 55.837424], [37.438327, 55.83745], [37.438278, 55.837456], [37.438192, 55.837467], [37.43816, 55.837475], [37.438094, 55.837491], [37.438066, 55.837501], [37.43804, 55.837509], [37.437969, 55.837543], [37.437933, 55.837574], [37.437906, 55.837612], [37.437902, 55.837646], [37.437899, 55.837666], [37.437903, 55.837717], [37.437907, 55.837759], [37.437914, 55.83779]], [[37.437914, 55.83779], [37.437967, 55.838066], [37.43798, 55.838125], [37.438075, 55.838509], [37.43816, 55.838935], [37.43819, 55.839071], [37.438215, 55.839196], [37.438248, 55.839354], [37.438315, 55.839667], [37.43844, 55.840284], [37.438703, 55.841602], [37.438844, 55.842244], [37.438847, 55.842257], [37.438912, 55.842564], [37.439073, 55.843353], [37.439105, 55.843492], [37.439285, 55.844359], [37.439361, 55.844739], [37.439509, 55.845496], [37.439622, 55.84601], [37.439651, 55.846142], [37.439669, 55.846231], [37.439688, 55.846325], [37.440056, 55.848088]], [[37.439982, 55.848081], [37.439667, 55.846479], [37.439637, 55.846328], [37.439614, 55.846233], [37.439591, 55.846143], [37.439456, 55.845498], [37.439301, 55.844743], [37.439223, 55.844363], [37.439048, 55.843496], [37.43902, 55.843364], [37.438903, 55.842799], [37.438855, 55.842561], [37.438795, 55.84226], [37.438791, 55.842242], [37.438653, 55.841605], [37.438383, 55.840287], [37.438254, 55.839671], [37.438192, 55.839359], [37.43816, 55.839199], [37.438136, 55.839073], [37.438103, 55.838938], [37.438017, 55.838512], [37.437947, 55.838193], [37.437933, 55.838128], [37.437868, 55.837794]], [[37.440056, 55.848088], [37.440095, 55.848314], [37.440093, 55.848523], [37.440073, 55.848712], [37.440036, 55.848856], [37.439928, 55.849212], [37.43987, 55.849381]], [[37.439817, 55.849381], [37.439856, 55.849218], [37.439975, 55.848851], [37.440008, 55.848709], [37.440034, 55.848525], [37.440023, 55.848309], [37.439982, 55.848081]], [[37.43987, 55.849381], [37.439405, 55.850664], [37.439183, 55.851368], [37.439132, 55.851505], [37.438983, 55.851913], [37.438906, 55.852132], [37.438549, 55.853122], [37.438321, 55.853708], [37.438307, 55.853748], [37.438263, 55.853861], [37.438064, 55.85424], [37.437819, 55.854577], [37.437641, 55.854793], [37.437541, 55.854911], [37.437443, 55.855022], [37.437283, 55.855185], [37.43706, 55.855387]], [[37.437013, 55.85537], [37.437234, 55.855169], [37.437392, 55.855009], [37.43749, 55.854896], [37.437591, 55.854779], [37.437771, 55.854564], [37.438007, 55.854233], [37.438206, 55.853853], [37.43826, 55.853743], [37.438275, 55.853703], [37.43855, 55.852963], [37.438854, 55.852126], [37.438978, 55.851768], [37.439077, 55.851498], [37.439127, 55.851363], [37.439262, 55.850955], [37.439358, 55.85066], [37.439817, 55.849381]], [[37.43706, 55.855387], [37.43696, 55.855476], [37.436821, 55.855592], [37.436673, 55.855714], [37.436486, 55.855852], [37.436319, 55.855961], [37.436019, 55.856146]], [[37.435982, 55.856123], [37.436273, 55.855946], [37.436444, 55.855833], [37.436633, 55.855697], [37.436781, 55.855575], [37.436916, 55.855461], [37.437013, 55.85537]], [[37.407222, 55.851955], [37.40661, 55.85109]], [[37.407821, 55.852802], [37.40785, 55.852845], [37.408153, 55.853315], [37.408414, 55.853737], [37.408745, 55.854124]], [[37.408745, 55.854124], [37.408999, 55.854407], [37.409126, 55.854549], [37.409234, 55.854656], [37.409419, 55.854823]], [[37.409368, 55.854838], [37.409181, 55.854668], [37.409075, 55.854561], [37.408943, 55.854421], [37.408695, 55.854136]], [[37.408695, 55.854136], [37.408491, 55.853895], [37.408371, 55.853736], [37.408042, 55.85322], [37.407802, 55.852853], [37.407778, 55.852815]], [[37.407778, 55.852815], [37.407327, 55.852108], [37.407222, 55.851955]], [[37.40661, 55.85109], [37.406588, 55.851046], [37.406573, 55.850998], [37.406584, 55.850953], [37.406612, 55.850923], [37.406628, 55.850906], [37.406674, 55.850874], [37.406731, 55.85084], [37.40678, 55.850816], [37.40684, 55.850803], [37.406898, 55.850796], [37.406971, 55.850797], [37.407109, 55.850804], [37.407206, 55.850813], [37.40726, 55.850818]], [[37.4747, 55.810362], [37.473831, 55.810337], [37.470394, 55.810231]], [[37.470397, 55.81019], [37.474384, 55.810311], [37.474707, 55.810323]], [[37.468387, 55.810122], [37.468997, 55.810142], [37.469537, 55.810161], [37.46963, 55.810165], [37.469861, 55.810174], [37.470397, 55.81019]], [[37.470394, 55.810231], [37.469761, 55.810212], [37.469623, 55.810207], [37.46953, 55.810204], [37.46838, 55.810166]], [[37.46838, 55.810166], [37.467523, 55.810137], [37.466973, 55.81012]], [[37.466982, 55.810078], [37.468387, 55.810122]], [[37.466973, 55.81012], [37.466187, 55.810097], [37.464053, 55.810021]], [[37.464067, 55.809976], [37.466192, 55.810053], [37.466982, 55.810078]], [[37.461382, 55.809507], [37.461512, 55.809622], [37.461668, 55.809739], [37.461827, 55.809819], [37.461965, 55.809864], [37.462112, 55.809894], [37.462229, 55.809904], [37.462511, 55.80992]], [[37.462484, 55.809969], [37.462291, 55.809957], [37.462097, 55.80994], [37.461938, 55.809904], [37.461794, 55.809861], [37.461629, 55.809779], [37.461474, 55.809667], [37.461463, 55.809657], [37.461332, 55.809533]], [[37.458153, 55.806844], [37.457913, 55.806668], [37.457739, 55.806556]], [[37.458188, 55.806827], [37.460366, 55.808689], [37.460448, 55.808754], [37.461023, 55.809212], [37.461205, 55.809365], [37.461247, 55.809401], [37.461342, 55.809475], [37.461382, 55.809507]], [[37.454202, 55.805702], [37.453599, 55.805654], [37.453431, 55.80564], [37.452736, 55.805584], [37.452286, 55.805551]], [[37.452284, 55.805519], [37.452743, 55.805552], [37.453237, 55.805591], [37.453438, 55.805608], [37.454031, 55.805655], [37.454212, 55.80567]], [[37.452058, 55.805499], [37.451962, 55.805463], [37.451879, 55.805423], [37.451737, 55.805348], [37.451703, 55.80533], [37.451669, 55.805312], [37.451431, 55.805187], [37.451315, 55.805125], [37.451208, 55.805069], [37.451108, 55.805016], [37.450901, 55.804884], [37.450743, 55.804758], [37.450634, 55.804642], [37.450559, 55.804522], [37.450493, 55.804363], [37.450464, 55.804212], [37.45046, 55.804122]], [[37.451151, 55.804996], [37.451359, 55.805107], [37.451693, 55.805283], [37.45173, 55.805303]], [[37.450449, 55.803036], [37.450454, 55.803118], [37.450461, 55.803223], [37.450463, 55.803281], [37.450466, 55.803323], [37.450487, 55.803593], [37.450506, 55.803901], [37.450519, 55.804123]], [[37.450519, 55.804123], [37.450524, 55.804214], [37.450553, 55.804358], [37.45062, 55.804518], [37.450687, 55.804631], [37.450789, 55.804742], [37.450943, 55.804865], [37.451151, 55.804996]], [[37.45046, 55.804122], [37.450451, 55.803905], [37.450432, 55.803593], [37.450414, 55.803325], [37.450412, 55.80328], [37.450413, 55.803233], [37.450401, 55.803095], [37.450397, 55.803033]], [[37.450397, 55.803033], [37.450293, 55.801301], [37.450292, 55.801208], [37.450293, 55.800242], [37.450295, 55.799087], [37.450298, 55.799039]], [[37.450352, 55.799039], [37.450349, 55.799087], [37.450348, 55.800242], [37.450348, 55.801148], [37.450349, 55.801208], [37.45035, 55.801356], [37.450449, 55.803036]], [[37.450298, 55.799039], [37.450313, 55.798829], [37.450351, 55.79868], [37.450416, 55.798524], [37.450522, 55.798357], [37.450653, 55.7982], [37.450778, 55.798096]], [[37.450815, 55.798113], [37.450694, 55.798212], [37.450566, 55.798369], [37.450465, 55.79853], [37.4504, 55.798685], [37.450365, 55.798834], [37.450352, 55.799039]], [[37.450778, 55.798096], [37.452208, 55.796906]], [[37.45225, 55.796924], [37.450815, 55.798113]], [[37.453565, 55.79584], [37.453285, 55.796072], [37.453277, 55.796079], [37.453177, 55.796157], [37.45225, 55.796924]], [[37.452208, 55.796906], [37.453131, 55.796138], [37.453233, 55.796059], [37.453512, 55.795828]], [[37.453512, 55.795828], [37.453606, 55.795749], [37.453781, 55.795587], [37.453902, 55.79545], [37.45392, 55.79543], [37.454035, 55.795272], [37.454143, 55.795118], [37.454238, 55.794925], [37.454329, 55.794668], [37.454383, 55.794413], [37.454387, 55.794098]], [[37.454438, 55.794096], [37.454436, 55.794318], [37.454435, 55.794411], [37.45438, 55.794672], [37.454296, 55.79493], [37.454193, 55.795126], [37.454086, 55.795288], [37.453974, 55.79544], [37.453952, 55.795465], [37.453829, 55.795605], [37.453657, 55.795764], [37.453565, 55.79584]], [[37.45491, 55.785234], [37.455187, 55.78482], [37.455222, 55.784771], [37.455253, 55.784727], [37.455505, 55.784351], [37.455524, 55.784323]], [[37.455688, 55.782026], [37.456105, 55.78292]], [[37.455572, 55.784335], [37.455553, 55.784363], [37.455349, 55.784664], [37.4553, 55.784737], [37.455269, 55.784782], [37.455155, 55.784944], [37.454958, 55.785241]], [[37.455524, 55.784323], [37.455837, 55.783873], [37.455985, 55.783658]], [[37.45603, 55.78367], [37.455886, 55.783883], [37.455572, 55.784335]], [[37.455985, 55.783658], [37.456058, 55.783551], [37.456098, 55.783478], [37.456125, 55.783414], [37.456148, 55.783303], [37.456149, 55.783174], [37.456092, 55.783001], [37.456059, 55.78293]], [[37.456105, 55.78292], [37.456141, 55.782995], [37.456197, 55.78317], [37.456198, 55.783313], [37.456174, 55.783419], [37.456147, 55.783483], [37.456104, 55.783561], [37.45603, 55.78367]], [[37.455201, 55.780999], [37.455571, 55.781787], [37.455688, 55.782026]], [[37.456059, 55.78293], [37.455641, 55.782034]], [[37.451019, 55.805471], [37.449682, 55.805423]], [[37.449685, 55.805391], [37.451008, 55.805432]], [[37.440522, 55.805057], [37.437844, 55.804977], [37.437397, 55.804961]], [[37.437403, 55.80493], [37.437846, 55.804945], [37.440524, 55.805031]], [[37.437397, 55.804961], [37.436119, 55.804917], [37.435374, 55.804875], [37.434734, 55.804808], [37.434084, 55.804716], [37.430637, 55.80418], [37.429586, 55.804018], [37.42916, 55.803954]], [[37.429183, 55.803922], [37.429602, 55.803987], [37.434098, 55.804684], [37.434747, 55.804779], [37.435379, 55.804845], [37.436117, 55.804886], [37.437403, 55.80493]], [[37.42916, 55.803954], [37.428285, 55.803816], [37.427936, 55.803773], [37.427615, 55.803751], [37.427283, 55.803745], [37.426893, 55.80375]], [[37.426893, 55.80372], [37.427288, 55.803718], [37.42762, 55.803726], [37.427947, 55.803747], [37.428292, 55.803788], [37.428929, 55.803883], [37.429183, 55.803922]], [[37.411251, 55.805567], [37.411075, 55.805592], [37.410915, 55.805615], [37.410816, 55.805632], [37.41069, 55.805662], [37.410575, 55.805704], [37.410449, 55.805767], [37.410318, 55.805851], [37.410264, 55.805891]], [[37.410226, 55.805878], [37.4103, 55.805827], [37.410413, 55.805751], [37.410545, 55.805685], [37.410663, 55.805641], [37.410798, 55.805608], [37.410916, 55.805587], [37.41099, 55.805574], [37.411188, 55.80554]], [[37.411251, 55.805567], [37.411136, 55.805573], [37.41099, 55.805574], [37.410893, 55.805567], [37.410782, 55.805539], [37.410701, 55.805516], [37.41059, 55.805467], [37.410491, 55.805407], [37.410407, 55.805341], [37.410328, 55.805241]], [[37.410383, 55.805261], [37.410442, 55.805326], [37.410519, 55.805391], [37.410618, 55.805445], [37.410722, 55.80549], [37.410809, 55.805514], [37.410909, 55.805537], [37.41099, 55.805545], [37.411082, 55.805547], [37.411188, 55.80554]], [[37.408824, 55.80294], [37.409538, 55.804007], [37.409782, 55.804366], [37.410311, 55.805154], [37.410383, 55.805261]], [[37.410328, 55.805241], [37.410271, 55.805166], [37.409738, 55.804377], [37.409488, 55.804017], [37.408768, 55.802951]], [[37.40713, 55.80051], [37.407746, 55.801428], [37.407806, 55.801512], [37.408193, 55.80206], [37.408303, 55.802216], [37.408384, 55.802329], [37.408708, 55.80277], [37.408824, 55.80294]], [[37.408768, 55.802951], [37.408655, 55.802782], [37.408343, 55.802338], [37.408262, 55.802224], [37.408152, 55.802067], [37.407768, 55.80152], [37.407709, 55.801437], [37.407081, 55.800519]], [[37.407081, 55.800519], [37.406941, 55.800322], [37.40683, 55.800187], [37.406726, 55.800093], [37.406568, 55.799981], [37.406383, 55.799872], [37.406152, 55.799761], [37.406039, 55.799713], [37.405818, 55.799635], [37.405674, 55.799592], [37.405529, 55.799553], [37.405291, 55.799503], [37.405054, 55.799473], [37.40484, 55.799455]], [[37.404853, 55.799424], [37.405071, 55.799442], [37.405315, 55.799476], [37.405555, 55.799526], [37.405703, 55.799566], [37.405844, 55.79961], [37.406055, 55.799681], [37.406181, 55.799739], [37.406416, 55.799847], [37.406606, 55.799962], [37.406764, 55.800076], [37.406877, 55.800176], [37.406985, 55.800311], [37.40713, 55.80051]], [[37.399784, 55.799008], [37.40163, 55.799155], [37.401982, 55.799185], [37.404853, 55.799424]], [[37.40484, 55.799455], [37.402275, 55.79924], [37.401973, 55.799215], [37.399773, 55.799037]], [[37.396346, 55.799199], [37.396964, 55.799069], [37.39732, 55.799008], [37.397692, 55.798965], [37.398058, 55.798937], [37.398399, 55.79893], [37.398729, 55.798934], [37.399044, 55.798948], [37.399378, 55.798975], [37.399784, 55.799008]], [[37.399773, 55.799037], [37.399369, 55.799005], [37.399028, 55.798979], [37.398728, 55.798964], [37.398394, 55.798961], [37.398053, 55.79897], [37.397704, 55.798995], [37.397331, 55.799038], [37.396978, 55.799098], [37.396353, 55.79923]], [[37.39036, 55.800333], [37.390465, 55.800359], [37.390542, 55.800369], [37.390621, 55.800376], [37.390694, 55.800377], [37.390759, 55.800375], [37.390822, 55.800369], [37.390883, 55.800362], [37.390941, 55.80035], [37.391114, 55.800317]], [[37.391129, 55.800343], [37.390951, 55.800376], [37.390892, 55.800385], [37.390831, 55.800393], [37.390764, 55.8004], [37.390621, 55.8004], [37.390537, 55.800394], [37.390453, 55.800383], [37.390329, 55.800354]], [[37.400863, 55.811815], [37.40125, 55.811727], [37.401532, 55.811648], [37.401756, 55.81157], [37.401952, 55.81149], [37.402121, 55.811406], [37.40228, 55.811323], [37.402486, 55.811199], [37.40259, 55.811127]], [[37.410264, 55.805891], [37.410205, 55.805934], [37.409895, 55.806151], [37.40926, 55.806585], [37.408303, 55.807246], [37.408179, 55.807332], [37.406317, 55.808613], [37.404474, 55.809875], [37.404344, 55.809966], [37.402634, 55.811145]], [[37.402634, 55.811145], [37.402527, 55.811219], [37.402319, 55.811346], [37.402161, 55.81143], [37.401986, 55.811516], [37.401791, 55.811598], [37.401556, 55.811679], [37.401273, 55.811754], [37.400883, 55.811843]], [[37.400883, 55.811843], [37.399504, 55.812137]], [[37.399488, 55.812111], [37.400863, 55.811815]], [[37.399504, 55.812137], [37.399369, 55.812162], [37.399297, 55.812174], [37.399238, 55.812184], [37.399185, 55.812191], [37.399131, 55.812197], [37.399074, 55.8122], [37.399021, 55.812199], [37.399014, 55.812199], [37.398944, 55.812196], [37.398864, 55.812188], [37.398846, 55.812185], [37.398788, 55.812176], [37.398713, 55.812161], [37.398645, 55.812142], [37.398606, 55.812128], [37.398543, 55.812101], [37.398494, 55.812076], [37.398452, 55.812051], [37.39842, 55.812023], [37.398395, 55.811992], [37.398362, 55.811945], [37.398231, 55.811738]], [[37.398279, 55.811728], [37.398411, 55.811933], [37.398442, 55.81198], [37.398478, 55.812019], [37.398512, 55.812045], [37.398542, 55.812062], [37.398572, 55.812078], [37.398636, 55.812105], [37.398676, 55.812119], [37.398737, 55.812136], [37.398804, 55.812151], [37.398874, 55.812161], [37.398897, 55.812163], [37.398916, 55.812165], [37.398951, 55.812169], [37.399001, 55.812172], [37.399017, 55.812173], [37.399072, 55.812173], [37.399124, 55.81217], [37.399175, 55.812165], [37.399225, 55.812158], [37.399282, 55.812148], [37.399351, 55.812136], [37.399488, 55.812111]], [[37.39036, 55.800333], [37.390453, 55.800383], [37.390518, 55.800425], [37.390648, 55.800521], [37.390752, 55.80063], [37.390823, 55.800713]], [[37.390784, 55.800725], [37.390717, 55.800643], [37.390615, 55.800535], [37.39048, 55.800442], [37.390377, 55.80038], [37.390329, 55.800354], [37.390136, 55.800247]], [[37.389921, 55.799896], [37.390009, 55.800023], [37.390081, 55.800139], [37.390149, 55.800204], [37.390151, 55.800207], [37.390176, 55.800231]], [[37.390136, 55.800247], [37.390117, 55.800228], [37.390043, 55.800152], [37.389961, 55.800036], [37.389868, 55.799912]], [[37.389868, 55.799912], [37.389692, 55.799717], [37.389525, 55.799581], [37.389327, 55.799466], [37.389126, 55.799377], [37.388945, 55.799309]], [[37.388974, 55.799281], [37.389159, 55.799354], [37.389361, 55.799442], [37.38957, 55.799559], [37.389744, 55.799702], [37.389921, 55.799896]], [[37.386314, 55.798325], [37.38647, 55.798384], [37.387921, 55.798887], [37.388452, 55.799076], [37.388974, 55.799281]], [[37.388945, 55.799309], [37.388413, 55.799108], [37.386277, 55.798358]], [[37.384376, 55.797624], [37.385192, 55.79793], [37.386049, 55.798225], [37.386314, 55.798325]], [[37.386277, 55.798358], [37.386003, 55.798261], [37.384335, 55.797655]], [[37.384335, 55.797655], [37.384027, 55.797544], [37.383872, 55.797487]], [[37.383912, 55.797449], [37.384059, 55.797505], [37.384376, 55.797624]], [[37.384233, 55.796613], [37.38366, 55.796971]], [[37.383596, 55.796946], [37.384166, 55.79658]], [[37.668793, 55.747152], [37.668813, 55.747129]], [[37.668909, 55.747119], [37.668859, 55.747175]], [[37.681395, 55.746825], [37.681948, 55.746866], [37.682938, 55.746944]], [[37.682944, 55.746978], [37.682193, 55.746918], [37.68194, 55.746897], [37.681572, 55.746868], [37.681394, 55.746853]], [[37.678288, 55.715405], [37.678618, 55.714965]], [[37.68015, 55.75415], [37.68025, 55.754223], [37.680524, 55.754426], [37.68092, 55.754718], [37.680965, 55.754753], [37.68161, 55.755213], [37.681635, 55.755234], [37.68168, 55.755267], [37.682175, 55.755625], [37.682248, 55.755678], [37.682337, 55.755742], [37.682937, 55.756183], [37.683145, 55.75633], [37.683473, 55.756563], [37.68441, 55.757227], [37.684779, 55.757503], [37.684797, 55.757516], [37.684906, 55.757599], [37.685071, 55.757722], [37.685238, 55.757841], [37.685648, 55.758136]], [[37.686038, 55.75887], [37.686199, 55.759375], [37.686243, 55.7595]], [[37.685537, 55.760078], [37.685532, 55.760099], [37.685529, 55.760126], [37.68553, 55.760152], [37.685536, 55.760179], [37.685545, 55.760205], [37.685558, 55.76023], [37.68566, 55.760343]], [[37.685968, 55.758634], [37.685976, 55.758674], [37.686038, 55.75887]], [[37.685648, 55.758136], [37.685671, 55.758155], [37.685741, 55.758214], [37.685817, 55.758297], [37.685876, 55.75837], [37.685915, 55.758442], [37.685951, 55.758547], [37.685968, 55.758634]], [[37.685448, 55.758516], [37.685566, 55.758473], [37.685618, 55.75845], [37.68566, 55.758427], [37.685688, 55.758403], [37.685708, 55.758372], [37.685719, 55.758348], [37.685715, 55.758313], [37.685703, 55.758269], [37.68568, 55.758233], [37.685647, 55.758193], [37.685627, 55.758173], [37.685607, 55.758153]], [[37.685976, 55.758674], [37.685985, 55.758875]], [[37.685985, 55.758875], [37.686171, 55.759524], [37.686175, 55.759573], [37.686161, 55.759627], [37.686128, 55.759679], [37.686082, 55.759727], [37.686018, 55.759768], [37.685939, 55.759806], [37.685876, 55.759831], [37.685798, 55.759851], [37.68573, 55.759859], [37.685664, 55.759856], [37.685608, 55.759847], [37.68554, 55.759822], [37.685484, 55.759793], [37.685437, 55.759761], [37.685385, 55.759706]], [[37.686243, 55.7595], [37.68625, 55.759546], [37.686248, 55.75959], [37.686233, 55.759637], [37.686214, 55.759675], [37.686175, 55.75972], [37.686131, 55.759756], [37.68608, 55.759786], [37.685998, 55.759824], [37.685919, 55.759859], [37.685801, 55.759909], [37.685705, 55.75995], [37.685623, 55.75999], [37.685581, 55.76002], [37.685557, 55.76005], [37.685537, 55.760078]], [[37.685607, 55.758153], [37.685247, 55.7579], [37.685191, 55.757862], [37.685025, 55.75774], [37.684732, 55.757523], [37.68436, 55.75725], [37.683424, 55.756586], [37.683094, 55.756352], [37.682887, 55.756206], [37.682287, 55.755764], [37.682197, 55.7557], [37.681775, 55.755394], [37.68163, 55.755289], [37.681584, 55.755255], [37.681562, 55.755238], [37.680882, 55.754742], [37.68087, 55.754735], [37.680517, 55.754481], [37.680262, 55.754298]], [[37.685448, 55.758516], [37.685522, 55.758498], [37.68557, 55.758493], [37.685633, 55.758491], [37.685694, 55.758493], [37.685741, 55.758501], [37.685785, 55.758512], [37.685828, 55.758524], [37.685879, 55.758548], [37.685918, 55.758572], [37.685946, 55.758602], [37.685968, 55.758634]], [[37.643209, 55.750695], [37.643018, 55.750656], [37.642898, 55.750627], [37.64276, 55.750575], [37.642601, 55.750506], [37.642563, 55.750487]], [[37.61023, 55.788214], [37.610824, 55.788236], [37.611533, 55.788254], [37.61166, 55.788259], [37.613449, 55.788341], [37.613607, 55.788347], [37.613774, 55.788356], [37.614592, 55.788397], [37.615586, 55.788447], [37.615972, 55.788467], [37.616448, 55.788491], [37.616636, 55.7885], [37.616931, 55.788512], [37.618284, 55.78857], [37.619095, 55.788599], [37.619141, 55.7886], [37.619779, 55.788623], [37.620216, 55.788639], [37.62032, 55.788643], [37.620495, 55.788648], [37.621807, 55.788696], [37.62216, 55.788709], [37.622349, 55.788716], [37.622399, 55.788717], [37.622462, 55.788718], [37.6225, 55.788719], [37.622649, 55.788723], [37.623266, 55.788739], [37.62372, 55.788753], [37.624277, 55.788769], [37.624379, 55.788772], [37.624553, 55.788775], [37.624624, 55.788777], [37.625354, 55.788793], [37.625361, 55.788793], [37.625605, 55.7888], [37.626497, 55.788823], [37.626565, 55.788825], [37.626921, 55.788832], [37.627134, 55.788837], [37.628089, 55.788862], [37.628434, 55.788871], [37.628533, 55.788874], [37.628873, 55.788884], [37.628948, 55.788888], [37.629061, 55.7889], [37.629188, 55.788918], [37.629403, 55.788962], [37.62941, 55.788964], [37.630052, 55.789154], [37.632112, 55.789774], [37.63225, 55.789815], [37.633151, 55.790058], [37.633214, 55.790079], [37.633262, 55.790098], [37.633273, 55.790103], [37.633342, 55.790144], [37.633391, 55.790188], [37.63343, 55.790226], [37.633434, 55.790234], [37.633461, 55.790276], [37.633467, 55.790287], [37.633481, 55.790325], [37.633482, 55.790407], [37.633401, 55.790897], [37.633381, 55.791018], [37.633318, 55.791395], [37.633314, 55.791456], [37.633332, 55.79153], [37.633358, 55.791622], [37.633368, 55.791655], [37.633513, 55.792173], [37.633537, 55.792252], [37.633581, 55.7923], [37.633648, 55.792333], [37.633765, 55.792363], [37.633912, 55.792393], [37.633975, 55.792424], [37.634042, 55.792485], [37.634059, 55.792546], [37.634045, 55.792704]], [[37.607223, 55.785567], [37.60792, 55.786242], [37.608007, 55.786327], [37.608168, 55.786481], [37.608485, 55.786785], [37.608722, 55.787001]], [[37.593493, 55.686124], [37.593518, 55.686146], [37.593858, 55.686464], [37.594535, 55.687097], [37.595239, 55.687755], [37.595521, 55.688019]], [[37.593442, 55.686131], [37.593349, 55.686046], [37.592924, 55.685656], [37.592053, 55.68486], [37.591237, 55.684117], [37.591057, 55.683951], [37.591025, 55.683922], [37.590863, 55.683774]], [[37.590919, 55.683761], [37.591075, 55.683905], [37.591109, 55.683936], [37.591291, 55.684103], [37.592097, 55.684845], [37.592968, 55.685641], [37.593393, 55.68603], [37.593493, 55.686124]], [[37.611693, 55.726734], [37.61178, 55.727162]], [[37.654411, 55.775084], [37.654036, 55.775005], [37.653674, 55.774916], [37.65354, 55.774883], [37.653365, 55.77484], [37.652774, 55.774686], [37.652603, 55.774641], [37.652491, 55.774614], [37.652431, 55.774613], [37.652371, 55.774619], [37.652336, 55.774625], [37.652308, 55.774632], [37.652274, 55.774644], [37.652222, 55.774666], [37.652031, 55.774746], [37.651611, 55.775]], [[37.654532, 55.775108], [37.654411, 55.775084]], [[37.651572, 55.774984], [37.651602, 55.774959], [37.651626, 55.774931], [37.651643, 55.774903], [37.651652, 55.774873], [37.651652, 55.774834], [37.65164, 55.774797], [37.651616, 55.774761], [37.651601, 55.774746], [37.651593, 55.774738], [37.651565, 55.774717], [37.651533, 55.774698], [37.651496, 55.774682]], [[37.637791, 55.764996], [37.638022, 55.764876], [37.638499, 55.76463], [37.638774, 55.764468]], [[37.639388, 55.764715], [37.638959, 55.764885], [37.638634, 55.764994], [37.638362, 55.765118], [37.638043, 55.765262]], [[37.651949, 55.774752], [37.652022, 55.774708], [37.652082, 55.774664], [37.65215, 55.774626], [37.652245, 55.774581]], [[37.641314, 55.730358], [37.640294, 55.730288], [37.639935, 55.730264], [37.639305, 55.730221]], [[37.639625, 55.764609], [37.639402, 55.76471], [37.639388, 55.764715]], [[37.63931, 55.730188], [37.639753, 55.730221], [37.640301, 55.73026], [37.641322, 55.730331]], [[37.638774, 55.764468], [37.638799, 55.764451], [37.639046, 55.764321]], [[37.651496, 55.774682], [37.65119, 55.774583]], [[37.651218, 55.77455], [37.651471, 55.774632], [37.65153, 55.774651]], [[37.648754, 55.773749], [37.651218, 55.77455]], [[37.65119, 55.774583], [37.648729, 55.773786]], [[37.689969, 55.685134], [37.690043, 55.685155], [37.690483, 55.685275], [37.690652, 55.685319], [37.690873, 55.685377]], [[37.673635, 55.739786], [37.673204, 55.739235], [37.673141, 55.7391], [37.67313, 55.73908], [37.673031, 55.738866]], [[37.701688, 55.765229], [37.701627, 55.765257], [37.701366, 55.76538], [37.701213, 55.765447], [37.699332, 55.766297], [37.69906, 55.766418]], [[37.702218, 55.764954], [37.702267, 55.764931], [37.702407, 55.764868], [37.7036, 55.764326], [37.703773, 55.764249], [37.703951, 55.76417], [37.704753, 55.763828]], [[37.459811, 55.817027], [37.460786, 55.816735], [37.4612, 55.816612], [37.461642, 55.81648], [37.464617, 55.815664], [37.468242, 55.814669], [37.469852, 55.814223], [37.47007, 55.814164], [37.47227, 55.813566]], [[37.472291, 55.813586], [37.470092, 55.814189], [37.469632, 55.814315], [37.468258, 55.814698], [37.468155, 55.814726], [37.464615, 55.8157], [37.461666, 55.816513], [37.460811, 55.816767], [37.459841, 55.817058]], [[37.784303, 55.764664], [37.784251, 55.764745], [37.784184, 55.764853], [37.784178, 55.764862], [37.784154, 55.764899], [37.784129, 55.76493], [37.784116, 55.764943], [37.784101, 55.764956], [37.784071, 55.764978], [37.784043, 55.764994], [37.784016, 55.765007], [37.783979, 55.765019], [37.783926, 55.765033], [37.78379, 55.76507], [37.783739, 55.765083], [37.783677, 55.765098], [37.783625, 55.76511]], [[37.821512, 55.793645], [37.820891, 55.793633]], [[37.819212, 55.79357], [37.819361, 55.793572], [37.82023, 55.793588]], [[37.562066, 55.824076], [37.562237, 55.823752]], [[37.679196, 55.817305], [37.679104, 55.817321], [37.678668, 55.817394], [37.67825, 55.817464], [37.678206, 55.817472]], [[37.678192, 55.817446], [37.678796, 55.817341], [37.678996, 55.817307], [37.67909, 55.817294]]]}, "properties": {"kind": "rails"}}]}